SBR_ENTRYPOINT;http://www.nltaxonomie.nl/nt20/kvk/20251210/entrypoints/kvk-rpt-jaarverantwoording-2025-nlgaap-middelgroot-verticaal.xsd
SBR_CONNECT;SBR_LABEL;SBR_CONCEPT;SBR_AXIS[jenv-bw2-dim:BasisOfPreparationAxis];SBR_AXIS[jenv-bw2-dim:FinancialStatementsTypeAxis];SBR_AXIS[rj-dim:ClassesOfProvisionsAxis];SBR_AXIS[rj-dim:LiabilitiesNoncurrentAxis];SBR_AXIS[rj-dim:NegativeGoodwillAxis];SBR_AXIS[rj-dim:ClassesOfInvestmentPropertiesAxis];SBR_AXIS[jenv-bw2-dim:ClassesOfPropertyPlantEquipmentAxis];SBR_AXIS[jenv-bw2-dim:ClassesOfIntangibleAssetsAxis];SBR_AXIS[jenv-bw2-dim:ClassesOfFinancialAssetsAxis];SBR_AXIS[jenv-bw2-dim:ClassesOfEquityAxis];SBR_AXIS[rj-dim:ClassesOfRevaluationReserveAxis]
1-1-2020;Startdatum van de voorgaande periode waarop de jaarrekening betrekking heeft;jenv-bw2-i_FinancialReportingPeriodPreviousStartDate
1-1-2021;Startdatum van de periode waarop de jaarrekening betrekking heeft;jenv-bw2-i_FinancialReportingPeriodCurrentStartDate
31-12-2020;Einddatum van de voorgaande periode waarop de jaarrekening betrekking heeft;jenv-bw2-i_FinancialReportingPeriodPreviousEndDate
31-12-2021;Einddatum van de periode waarop de jaarrekening betrekking heeft;jenv-bw2-i_FinancialReportingPeriodCurrentEndDate
=GROUP(BEffAanAbe*+BEffOblObb*+BEffOveOeb*+BEffOptOpb*+BEffOpvOpb*);Beursgenoteerde effecten;rj-i_SecuritiesListed;jenv-bw2-dm:CommercialMember;jenv-bw2-dm:ConsolidatedMember
=GROUP(BEffAanAbe*+BEffOblObb*+BEffOveOeb*+BEffOptOpb*+BEffOpvOpb*);Beursgenoteerde effecten;rj-i_SecuritiesListed;jenv-bw2-dm:CommercialMember;jenv-bw2-dm:SeparateMember
=GROUP(BEffAanAnb*+BEffOblOnb*+BEffOveOen*+BEffOptOpn*+BEffOpvOpn*+BEffDerDer*);Niet-beursgenoteerde effecten;rj-i_SecuritiesNonListed;jenv-bw2-dm:CommercialMember;jenv-bw2-dm:ConsolidatedMember
=GROUP(BEffAanAnb*+BEffOblOnb*+BEffOveOen*+BEffOptOpn*+BEffOpvOpn*+BEffDerDer*);Niet-beursgenoteerde effecten;rj-i_SecuritiesNonListed;jenv-bw2-dm:CommercialMember;jenv-bw2-dm:SeparateMember
=GROUP(BEiv*+BEga*);Groepsvermogen;jenv-bw2-i_EquityGroup;jenv-bw2-dm:CommercialMember;jenv-bw2-dm:ConsolidatedMember
=GROUP(BEiv*+BEga*-BEivAvd*);Eigen vermogen;jenv-bw2-i_Equity;jenv-bw2-dm:CommercialMember;jenv-bw2-dm:ConsolidatedMember
=GROUP(BEiv*-BEiv??????Beg)-GROUP(BEivHerHewOhe+BEivHerHewSte+BEivHerHewBvs+BEivWer???Rsw+BEivOvr???Slw+BEivOvr???Rsw+BEivOre???Rms)-GROUP(BEiv??????Rfh+BEivOre???Rmf);Mutatie in het eigen vermogen gedurende de periode;jenv-bw2-i_EquityMovement;jenv-bw2-dm:CommercialMember;jenv-bw2-dm:SeparateMember;;;;;;;;jenv-bw2-dm:EquityMember
=GROUP(BEiv??????Avh+BEivOre???All);Mutatie in het eigen vermogen als gevolg van bestemming van het nettoresultaat;rj-cp-i_EquityResultAllocation;jenv-bw2-dm:CommercialMember;jenv-bw2-dm:SeparateMember;;;;;;;;jenv-bw2-dm:EquityMember
=GROUP(BEiv??????Beg+BEivHerHewOhe+BEivHerHewSte+BEivHerHewBvs+BEiv??????Rsw+BEiv??????Slw+BEivOre???Rms+BEiv??????Rfh+BEivOre???Rmf);Aangepaste eigen vermogen na herrekening;rj-i_AdjustedEquityAfterRecalculation;jenv-bw2-dm:CommercialMember;jenv-bw2-dm:SeparateMember;;;;;;;;jenv-bw2-dm:EquityMember
=GROUP(BEiv??????Her+BEivHerHewVrh)+GROUP(BEivHerHewG??+BEivHerHewBrh+BEivHerHewBvh);Mutatie in het eigen vermogen als gevolg van herwaarderingen;rj-cp-i_EquityRevaluations;jenv-bw2-dm:CommercialMember;jenv-bw2-dm:SeparateMember;;;;;;;;jenv-bw2-dm:EquityMember
=GROUP(BEiv??????Ove+BEivFir???Aaw+BEivFir???Dot+BEivFir???Ktl);Mutatie in het eigen vermogen als gevolg van overboekingen;rj-cp-i_EquityTransfers;jenv-bw2-dm:CommercialMember;jenv-bw2-dm:SeparateMember;;;;;;;;jenv-bw2-dm:EquityMember
=GROUP(BEiv??????Ovm+BEiv??????Dot+BEiv??????Ont);Mutatie in het eigen vermogen als gevolg van overige mutaties;rj-cp-i_EquityMovementOther;jenv-bw2-dm:CommercialMember;jenv-bw2-dm:SeparateMember;;;;;;;;jenv-bw2-dm:EquityMember
=GROUP(BEiv??????Raf+BEivOre???Rma);Rechtstreekse mutatie in het eigen vermogen als gevolg van afstotingen;rj-cp-i_EquityDirectlyBusinessDivestitures;jenv-bw2-dm:CommercialMember;jenv-bw2-dm:SeparateMember;;;;;;;;jenv-bw2-dm:EquityMember
=GROUP(BEiv??????Rbw+BEivOre???Rmw);Rechtstreekse mutatie in het eigen vermogen als gevolg van bijzondere waardeverminderingen;rj-cp-i_EquityDirectlyImpairment;jenv-bw2-dm:CommercialMember;jenv-bw2-dm:SeparateMember;;;;;;;;jenv-bw2-dm:EquityMember
=GROUP(BEiv??????Rfh+BEivOre???Rmf);Rechtstreekse mutatie in het eigen vermogen als gevolg van foutherstel;rj-cp-i_EquityDirectlyMaterialErrors;jenv-bw2-dm:CommercialMember;jenv-bw2-dm:SeparateMember;;;;;;;;jenv-bw2-dm:EquityMember
=GROUP(BEiv??????Rfi+BEivOre???Rmd);Rechtstreekse mutatie in het eigen vermogen als gevolg van financiële instrumenten;rj-i_EquityDirectlyFinancialInstruments;jenv-bw2-dm:CommercialMember;jenv-bw2-dm:SeparateMember;;;;;;;;jenv-bw2-dm:EquityMember
=GROUP(BEiv??????Rom+BEivFir???Val+BEivOre???Rmv);Rechtstreekse mutatie in het eigen vermogen als gevolg van omrekeningsverschillen;rj-cp-i_EquityDirectlyExchangeDifferences;jenv-bw2-dm:CommercialMember;jenv-bw2-dm:SeparateMember;;;;;;;;jenv-bw2-dm:EquityMember
=GROUP(BEiv??????Rov+BEivOre???Rmo);Rechtstreekse mutatie in het eigen vermogen als gevolg van overnames;rj-cp-i_EquityDirectlyBusinessAcquisitions;jenv-bw2-dm:CommercialMember;jenv-bw2-dm:SeparateMember;;;;;;;;jenv-bw2-dm:EquityMember
=GROUP(BEiv??????Rtw+BEivOre???Rmt);Rechtstreekse mutatie in het eigen vermogen als gevolg van terugneming van bijzondere waardeverminderingen;rj-cp-i_EquityDirectlyImpairmentReversal;jenv-bw2-dm:CommercialMember;jenv-bw2-dm:SeparateMember;;;;;;;;jenv-bw2-dm:EquityMember
=GROUP(BEivAgi*-BEivAgiAgiRfh-BEivAgiAgiBeg);Mutatie in het eigen vermogen gedurende de periode;jenv-bw2-i_EquityMovement;jenv-bw2-dm:CommercialMember;jenv-bw2-dm:SeparateMember;;;;;;;;jenv-bw2-dm:SharePremiumMember
=GROUP(BEivAgiAgiBeg+BEivAgiAgiRfh);Aangepaste eigen vermogen na herrekening;rj-i_AdjustedEquityAfterRecalculation;jenv-bw2-dm:CommercialMember;jenv-bw2-dm:SeparateMember;;;;;;;;jenv-bw2-dm:SharePremiumMember
=GROUP(BEivFij*-BEivFijFijBeg);Mutatie in het eigen vermogen gedurende de periode;jenv-bw2-i_EquityMovement;jenv-bw2-dm:CommercialMember;jenv-bw2-dm:SeparateMember;;;;;;;;rj-dm:FinancialInstrumentsLegalFormClassifiedAsEquityMember
=GROUP(BEivGok*-BEivGok???Beg);Mutatie in het eigen vermogen gedurende de periode;jenv-bw2-i_EquityMovement;jenv-bw2-dm:CommercialMember;jenv-bw2-dm:SeparateMember;;;;;;;;jenv-bw2-dm:ShareCapitalPaidCalledUpMember
=GROUP(BEivGok???Ink+BEiv??????Ive);Mutatie in het eigen vermogen als gevolg van de inkoop van eigen aandelen;rj-cp-i_EquityTreasurySharesPurchase;jenv-bw2-dm:CommercialMember;jenv-bw2-dm:SeparateMember;;;;;;;;jenv-bw2-dm:EquityMember
=GROUP(BEivGok???Int+BEiv??????Iva);Mutatie in het eigen vermogen als gevolg van de intrekking van aandelen;rj-cp-i_EquitySharesWithdrawal;jenv-bw2-dm:CommercialMember;jenv-bw2-dm:SeparateMember;;;;;;;;jenv-bw2-dm:EquityMember
=GROUP(BEivGok???Uit+BEiv??????Uva);Mutatie in het eigen vermogen als gevolg van de uitgifte van aandelen;rj-cp-i_EquityShareIssue;jenv-bw2-dm:CommercialMember;jenv-bw2-dm:SeparateMember;;;;;;;;jenv-bw2-dm:EquityMember
=GROUP(BEivGok???Vrk+BEiv??????Vve);Mutatie in het eigen vermogen als gevolg van de verkoop van eigen aandelen;rj-cp-i_EquityTreasurySharesSale;jenv-bw2-dm:CommercialMember;jenv-bw2-dm:SeparateMember;;;;;;;;jenv-bw2-dm:EquityMember
=GROUP(BEivHer*)-GROUP(BEivHerHewBeg+BEivHerHewOhe+BEivHerHewSte+BEivHerHewBvs);Mutatie in de herwaarderingsreserve gedurende de periode;jenv-bw2-i_RevaluationReserveMovement;jenv-bw2-dm:CommercialMember;jenv-bw2-dm:SeparateMember;;;;;;;;;jenv-bw2-dm:RevaluationReserveMember
=GROUP(BEivHer*)-GROUP(BEivHerHewBeg+BEivHerHewOhe+BEivHerHewSte+BEivHerHewBvs);Mutatie in de herwaarderingsreserve gedurende de periode;jenv-bw2-i_RevaluationReserveMovement;jenv-bw2-dm:CommercialMember;jenv-bw2-dm:SeparateMember;;;;;;;;;rj-dm:HedgedMember
=GROUP(BEivHer*-BEivHerHewBeg-BEivHerHewOhe-BEivHerHewSte-BEivHerHewBvs);Mutatie in het eigen vermogen gedurende de periode;jenv-bw2-i_EquityMovement;jenv-bw2-dm:CommercialMember;jenv-bw2-dm:SeparateMember;;;;;;;;jenv-bw2-dm:RevaluationReserveMember
=GROUP(BEivHerHewBeg+BEivHerHewOhe+BEivHerHewSte+BEivHerHewBvs);Aangepaste eigen vermogen na herrekening;rj-i_AdjustedEquityAfterRecalculation;jenv-bw2-dm:CommercialMember;jenv-bw2-dm:SeparateMember;;;;;;;;jenv-bw2-dm:RevaluationReserveMember
=GROUP(BEivHerHewBeg+BEivHerHewOhe+BEivHerHewSte+BEivHerHewBvs);Aangepaste herwaarderingsreserve na herrekening als gevolg van stelselwijziging;rj-i_AdjustedRevaluationReserveAfterRecalculationChangeAccountingPolicies;jenv-bw2-dm:CommercialMember;jenv-bw2-dm:SeparateMember;;;;;;;;;jenv-bw2-dm:RevaluationReserveMember
=GROUP(BEivHerHewBeg+BEivHerHewOhe+BEivHerHewSte+BEivHerHewBvs);Aangepaste herwaarderingsreserve na herrekening als gevolg van stelselwijziging;rj-i_AdjustedRevaluationReserveAfterRecalculationChangeAccountingPolicies;jenv-bw2-dm:CommercialMember;jenv-bw2-dm:SeparateMember;;;;;;;;;rj-dm:HedgedMember
=GROUP(BEivHerHewGhw+BEivHerHewOve+BEivHerHewHer+BEivHerHewVrh+BEivHerHewOvm);Mutatie in herwaarderingsreserve als gevolg van gerealiseerde herwaarderingen via winst-en-verliesrekening;rj-i_RevaluationReserveRealisedRevaluationsThroughIncomeStatement;jenv-bw2-dm:CommercialMember;jenv-bw2-dm:SeparateMember;;;;;;;;;jenv-bw2-dm:RevaluationReserveMember
=GROUP(BEivHerHewGhw+BEivHerHewOve+BEivHerHewHer+BEivHerHewVrh+BEivHerHewOvm);Mutatie in herwaarderingsreserve als gevolg van gerealiseerde herwaarderingen via winst-en-verliesrekening;rj-i_RevaluationReserveRealisedRevaluationsThroughIncomeStatement;jenv-bw2-dm:CommercialMember;jenv-bw2-dm:SeparateMember;;;;;;;;;rj-dm:HedgedMember
=GROUP(BEivHerHewHer+BEivHerHewVrh)+GROUP(BEivHerHewG??+BEivHerHewBrh+BEivHerHewBvh);Mutatie in het eigen vermogen als gevolg van herwaarderingen;rj-cp-i_EquityRevaluations;jenv-bw2-dm:CommercialMember;jenv-bw2-dm:SeparateMember;;;;;;;;jenv-bw2-dm:RevaluationReserveMember
=GROUP(BEivHerHewOhe+BEivHerHewSte);Mutatie in herwaarderingsreserve als gevolg van stelselwijzigingen;rj-i_RevaluationReserveChangeAccountingPolicies;jenv-bw2-dm:CommercialMember;jenv-bw2-dm:SeparateMember;;;;;;;;;jenv-bw2-dm:RevaluationReserveMember
=GROUP(BEivHerHewOhe+BEivHerHewSte);Mutatie in herwaarderingsreserve als gevolg van stelselwijzigingen;rj-i_RevaluationReserveChangeAccountingPolicies;jenv-bw2-dm:CommercialMember;jenv-bw2-dm:SeparateMember;;;;;;;;;rj-dm:HedgedMember
=GROUP(BEivHerHewOhe+BEivHerHewSte+BEivHerHewBvs);Rechtstreekse mutatie in het eigen vermogen als gevolg van stelselwijzigingen;rj-cp-i_EquityDirectlyChangeAccountingPolicies;jenv-bw2-dm:CommercialMember;jenv-bw2-dm:SeparateMember;;;;;;;;jenv-bw2-dm:RevaluationReserveMember
=GROUP(BEivHerHewOhe+BEivHerHewSte+BEivHerHewBvs+BEiv??????Rsw+BEiv??????Slw+BEivOre???Rms);Rechtstreekse mutatie in het eigen vermogen als gevolg van stelselwijzigingen;rj-cp-i_EquityDirectlyChangeAccountingPolicies;jenv-bw2-dm:CommercialMember;jenv-bw2-dm:SeparateMember;;;;;;;;jenv-bw2-dm:EquityMember
=GROUP(BEivOreOvw*-BEivOreOvwRmf-BEivOreOvwBeg-BEivOreOvwRms-BEivOreOvwSlw);Mutatie in het eigen vermogen gedurende de periode;jenv-bw2-i_EquityMovement;jenv-bw2-dm:CommercialMember;jenv-bw2-dm:SeparateMember;;;;;;;;jenv-bw2-dm:RetainedEarningsMember
=GROUP(BEivOreOvwBeg+BEivOreOvwRms+BEivOreOvwSlw+BEivOreOvwRmf);Aangepaste eigen vermogen na herrekening;rj-i_AdjustedEquityAfterRecalculation;jenv-bw2-dm:CommercialMember;jenv-bw2-dm:SeparateMember;;;;;;;;jenv-bw2-dm:RetainedEarningsMember
=GROUP(BEivOreOvwRms+BEivOreOvwSlw);Rechtstreekse mutatie in het eigen vermogen als gevolg van stelselwijzigingen;rj-cp-i_EquityDirectlyChangeAccountingPolicies;jenv-bw2-dm:CommercialMember;jenv-bw2-dm:SeparateMember;;;;;;;;jenv-bw2-dm:RetainedEarningsMember
=GROUP(BEivOreRvh*-BEivOreRvhRmf-BEivOreRvhBeg-BEivOreRvhRms);Mutatie in het eigen vermogen gedurende de periode;jenv-bw2-i_EquityMovement;jenv-bw2-dm:CommercialMember;jenv-bw2-dm:SeparateMember;;;;;;;;jenv-bw2-dm:ResultForTheYearMember
=GROUP(BEivOreRvhBeg+BEivOreRvhRms+BEivOreRvhRmf);Aangepaste eigen vermogen na herrekening;rj-i_AdjustedEquityAfterRecalculation;jenv-bw2-dm:CommercialMember;jenv-bw2-dm:SeparateMember;;;;;;;;jenv-bw2-dm:ResultForTheYearMember
=GROUP(BEivOreUpd*-BEivOreUpdBeg);Mutatie in het eigen vermogen gedurende de periode;jenv-bw2-i_EquityMovement;jenv-bw2-dm:CommercialMember;jenv-bw2-dm:SeparateMember;;;;;;;;rj-dm:PreferredDividendDeductedFromResultForTheYearMember
=GROUP(BEivOreVde*-BEivOreVdeBeg);Mutatie in het eigen vermogen gedurende de periode;jenv-bw2-i_EquityMovement;jenv-bw2-dm:CommercialMember;jenv-bw2-dm:SeparateMember;;;;;;;;rj-dm:DividendPayableHoldersSharesRecordedAsEquityMember
=GROUP(BEivOvr*-BEivOvr???Rfh-BEivOvr???Beg-BEivOvr???Slw-BEivOvr???Rsw);Mutatie in het eigen vermogen gedurende de periode;jenv-bw2-i_EquityMovement;jenv-bw2-dm:CommercialMember;jenv-bw2-dm:SeparateMember;;;;;;;;jenv-bw2-dm:ReservesOtherMember
=GROUP(BEivOvr???Beg+BEivOvr???Slw+BEivOvr???Rsw+BEivOvr???Rfh);Aangepaste eigen vermogen na herrekening;rj-i_AdjustedEquityAfterRecalculation;jenv-bw2-dm:CommercialMember;jenv-bw2-dm:SeparateMember;;;;;;;;jenv-bw2-dm:ReservesOtherMember
=GROUP(BEivOvr???Rgo+BEivOre???Rmg);Rechtstreekse mutatie in het eigen vermogen als gevolg van goodwill;rj-cp-i_EquityDirectlyGoodwill;jenv-bw2-dm:CommercialMember;jenv-bw2-dm:SeparateMember;;;;;;;;jenv-bw2-dm:EquityMember
=GROUP(BEivOvr???Slw+BEivOvr???Rsw);Rechtstreekse mutatie in het eigen vermogen als gevolg van stelselwijzigingen;rj-cp-i_EquityDirectlyChangeAccountingPolicies;jenv-bw2-dm:CommercialMember;jenv-bw2-dm:SeparateMember;;;;;;;;jenv-bw2-dm:ReservesOtherMember
=GROUP(BEivStr*-BEivStrStrRfh-BEivStrStrBeg);Mutatie in het eigen vermogen gedurende de periode;jenv-bw2-i_EquityMovement;jenv-bw2-dm:CommercialMember;jenv-bw2-dm:SeparateMember;;;;;;;;jenv-bw2-dm:StatutoryReservesMember
=GROUP(BEivStrStrBeg+BEivStrStrRfh);Aangepaste eigen vermogen na herrekening;rj-i_AdjustedEquityAfterRecalculation;jenv-bw2-dm:CommercialMember;jenv-bw2-dm:SeparateMember;;;;;;;;jenv-bw2-dm:StatutoryReservesMember
=GROUP(BEivWer*-BEivWer???Rfh-BEivWer???Beg-BEivWer???Rsw);Mutatie in het eigen vermogen gedurende de periode;jenv-bw2-i_EquityMovement;jenv-bw2-dm:CommercialMember;jenv-bw2-dm:SeparateMember;;;;;;;;jenv-bw2-dm:LegalReservesMember
=GROUP(BEivWer???Beg+BEivWer???Rsw+BEivWer???Rfh);Aangepaste eigen vermogen na herrekening;rj-i_AdjustedEquityAfterRecalculation;jenv-bw2-dm:CommercialMember;jenv-bw2-dm:SeparateMember;;;;;;;;jenv-bw2-dm:LegalReservesMember
=GROUP(BEivWer???Ovm+BEivWer???Dot+BEivWer???Ont);Mutatie in het eigen vermogen als gevolg van overige mutaties;rj-cp-i_EquityMovementOther;jenv-bw2-dm:CommercialMember;jenv-bw2-dm:SeparateMember;;;;;;;;jenv-bw2-dm:LegalReservesMember
=GROUP(BFva*-BFva??????Beg)+GROUP(BFvaOvrVobBeg+BFvaOvrVgbBeg+BFvaOvrVocBeg+BFvaOvrVgcBeg+BFvaOvrLvlBeg+BFvaOvrHvaBeg+BFvaOvrTslBeg+BFvaOvrWaaBeg+BFvaOvrLedBeg+BFvaOvrOvlBeg+BFvaSubSubBeg)-GROUP(BFvaOvr?????1+BFvaOvr?????2+BFvaOvr?????3+BFvaOvr?????4+BFvaOvr?????5)-GROUP(BFvaSubSucBe1+BFvaSubSucBe2+BFvaSubSucBe3+BFvaSubSucBe4+BFvaSubSucBe5+BFvaLenLenLn?);Mutatie in financiële vaste activa gedurende de periode;jenv-bw2-i_FinancialAssetsMovement;jenv-bw2-dm:CommercialMember;jenv-bw2-dm:ConsolidatedMember;;;;;;;jenv-bw2-dm:FinancialAssetsMember
=GROUP(BFva*-BFva??????Beg)+GROUP(BFvaOvrVobBeg+BFvaOvrVgbBeg+BFvaOvrVocBeg+BFvaOvrVgcBeg+BFvaOvrLvlBeg+BFvaOvrHvaBeg+BFvaOvrTslBeg+BFvaOvrWaaBeg+BFvaOvrLedBeg+BFvaOvrOvlBeg+BFvaSubSubBeg)-GROUP(BFvaOvr?????1+BFvaOvr?????2+BFvaOvr?????3+BFvaOvr?????4+BFvaOvr?????5)-GROUP(BFvaSubSucBe1+BFvaSubSucBe2+BFvaSubSucBe3+BFvaSubSucBe4+BFvaSubSucBe5+BFvaLenLenLn?);Mutatie in financiële vaste activa gedurende de periode;jenv-bw2-i_FinancialAssetsMovement;jenv-bw2-dm:CommercialMember;jenv-bw2-dm:SeparateMember;;;;;;;jenv-bw2-dm:FinancialAssetsMember
=GROUP(BFva??????Bef+BFvaOvr???Beg+BFvaSub???Beg+BFva??????Beh+BFva??????Bei+BFva??????Bej)+BFvaLenLenOv*+BFva??????Ovm+BFvaOveWaaWst-BFvaOvrSidBeg-BFvaOvrAgaBeg;Overige mutaties in financiële vaste activa;jenv-bw2-i_FinancialAssetsMovementsOther;jenv-bw2-dm:CommercialMember;jenv-bw2-dm:ConsolidatedMember;;;;;;;jenv-bw2-dm:FinancialAssetsMember
=GROUP(BFva??????Bef+BFvaOvr???Beg+BFvaSub???Beg+BFva??????Beh+BFva??????Bei+BFva??????Bej)+BFvaLenLenOv*+BFva??????Ovm+BFvaOveWaaWst-BFvaOvrSidBeg-BFvaOvrAgaBeg;Overige mutaties in financiële vaste activa;jenv-bw2-i_FinancialAssetsMovementsOther;jenv-bw2-dm:CommercialMember;jenv-bw2-dm:SeparateMember;;;;;;;jenv-bw2-dm:FinancialAssetsMember
=GROUP(BFva??????Des+BFva??????Afl+BFva??????Kod)+BFvaOveWaaVrk+GROUP(BFvaOvrHvcBea+BFvaOvrHvcBeb+BFvaOvrHvcBec+BFvaOvrHvcBed+BFvaOvrHvcBee)+GROUP(BFvaOvrVoaBea+BFvaOvrVoaBeb+BFvaOvrVoaBec+BFvaOvrVoaBed+BFvaOvrVoaBee+BFvaOvrVgaBea+BFvaOvrVgaBeb+BFvaOvrVgaBec+BFvaOvrVgaBed+BFvaOvrVgaBee+BFvaOvrVcaBea+BFvaOvrVcaBeb+BFvaOvrVcaBec+BFvaOvrVcaBed+BFvaOvrVcaBee+BFvaOvrVawBea+BFvaOvrVawBeb+BFvaOvrVawBec+BFvaOvrVawBed+BFvaOvrVawBee+BFvaOvrLvcBea+BFvaOvrLvcBeb+BFvaOvrLvcBec+BFvaOvrLvcBed+BFvaOvrLvcBee+BFvaOvrTscBea+BFvaOvrTscBeb+BFvaOvrTscBec+BFvaOvrWacBea+BFvaOvrWacBeb+BFvaOvrWacBec+BFvaOvrLecBea+BFvaOvrLecBeb+BFvaOvrLecBec+BFvaOvrOvcBea+BFvaOvrOvcBeb+BFvaOvrOvcBec+BFvaOvrSidOnt+BFvaOvrAgaVlr)+BFvaLbv???Afn+GROUP(BFvaSubSucBea+BFvaSubSucBeb+BFvaSubSucBec+BFvaSubSucBed+BFvaSubSucBee)+BFvaLenLenA*+BFvaIlgAvp;Som van de boekwaarden der financiële vaste activa waarover de rechtspersoon aan het einde van het boekjaar niet meer beschikt;jenv-bw2-i_FinancialAssetsDisposals;jenv-bw2-dm:CommercialMember;jenv-bw2-dm:ConsolidatedMember;;;;;;;jenv-bw2-dm:FinancialAssetsMember
=GROUP(BFva??????Des+BFva??????Afl+BFva??????Kod)+BFvaOveWaaVrk+GROUP(BFvaOvrHvcBea+BFvaOvrHvcBeb+BFvaOvrHvcBec+BFvaOvrHvcBed+BFvaOvrHvcBee)+GROUP(BFvaOvrVoaBea+BFvaOvrVoaBeb+BFvaOvrVoaBec+BFvaOvrVoaBed+BFvaOvrVoaBee+BFvaOvrVgaBea+BFvaOvrVgaBeb+BFvaOvrVgaBec+BFvaOvrVgaBed+BFvaOvrVgaBee+BFvaOvrVcaBea+BFvaOvrVcaBeb+BFvaOvrVcaBec+BFvaOvrVcaBed+BFvaOvrVcaBee+BFvaOvrVawBea+BFvaOvrVawBeb+BFvaOvrVawBec+BFvaOvrVawBed+BFvaOvrVawBee+BFvaOvrLvcBea+BFvaOvrLvcBeb+BFvaOvrLvcBec+BFvaOvrLvcBed+BFvaOvrLvcBee+BFvaOvrTscBea+BFvaOvrTscBeb+BFvaOvrTscBec+BFvaOvrWacBea+BFvaOvrWacBeb+BFvaOvrWacBec+BFvaOvrLecBea+BFvaOvrLecBeb+BFvaOvrLecBec+BFvaOvrOvcBea+BFvaOvrOvcBeb+BFvaOvrOvcBec+BFvaOvrSidOnt+BFvaOvrAgaVlr)+BFvaLbv???Afn+GROUP(BFvaSubSucBea+BFvaSubSucBeb+BFvaSubSucBec+BFvaSubSucBed+BFvaSubSucBee)+BFvaLenLenA*+BFvaIlgAvp;Som van de boekwaarden der financiële vaste activa waarover de rechtspersoon aan het einde van het boekjaar niet meer beschikt;jenv-bw2-i_FinancialAssetsDisposals;jenv-bw2-dm:CommercialMember;jenv-bw2-dm:SeparateMember;;;;;;;jenv-bw2-dm:FinancialAssetsMember
=GROUP(BFva??????Inv+BFva??????Ver+BFva??????Ren)+GROUP(BFvaOvrHvaBea+BFvaOvrHvaBeb+BFvaOvrHvaBec+BFvaOvrHvaBed+BFvaOvrHvaBee)+GROUP(BFvaOvrVobBea+BFvaOvrVobBeb+BFvaOvrVobBec+BFvaOvrVobBed+BFvaOvrVobBee+BFvaOvrVgbBea+BFvaOvrVgbBeb+BFvaOvrVgbBec+BFvaOvrVgbBed+BFvaOvrVgbBee+BFvaOvrVocBea+BFvaOvrVocBeb+BFvaOvrVocBec+BFvaOvrVocBed+BFvaOvrVocBee+BFvaOvrVgcBea+BFvaOvrVgcBeb+BFvaOvrVgcBec+BFvaOvrVgcBed+BFvaOvrVgcBee+BFvaOvrLvlBea+BFvaOvrLvlBeb+BFvaOvrLvlBec+BFvaOvrLvlBed+BFvaOvrLvlBee+BFvaOvrTslBea+BFvaOvrTslBeb+BFvaOvrTslBec+BFvaOvrWaaBea+BFvaOvrWaaBeb+BFvaOvrWaaBec+BFvaOvrLedBea+BFvaOvrLedBeb+BFvaOvrLedBec+BFvaOvrOvlBea+BFvaOvrOvlBeb+BFvaOvrOvlBec+BFvaOvrSidStr+BFvaOvrAgaGab)+BFvaLbv???Toe+GROUP(BFvaSubSubBea+BFvaSubSubBeb+BFvaSubSubBec+BFvaSubSubBed+BFvaSubSubBee)+BFvaLenLenUg?+BFvaIlgIlgInv;Som van de waarden waartegen de in het boekjaar verkregen financiële activa te boek zijn gesteld;jenv-bw2-i_FinancialAssetsAdditions;jenv-bw2-dm:CommercialMember;jenv-bw2-dm:ConsolidatedMember;;;;;;;jenv-bw2-dm:FinancialAssetsMember
=GROUP(BFva??????Inv+BFva??????Ver+BFva??????Ren)+GROUP(BFvaOvrHvaBea+BFvaOvrHvaBeb+BFvaOvrHvaBec+BFvaOvrHvaBed+BFvaOvrHvaBee)+GROUP(BFvaOvrVobBea+BFvaOvrVobBeb+BFvaOvrVobBec+BFvaOvrVobBed+BFvaOvrVobBee+BFvaOvrVgbBea+BFvaOvrVgbBeb+BFvaOvrVgbBec+BFvaOvrVgbBed+BFvaOvrVgbBee+BFvaOvrVocBea+BFvaOvrVocBeb+BFvaOvrVocBec+BFvaOvrVocBed+BFvaOvrVocBee+BFvaOvrVgcBea+BFvaOvrVgcBeb+BFvaOvrVgcBec+BFvaOvrVgcBed+BFvaOvrVgcBee+BFvaOvrLvlBea+BFvaOvrLvlBeb+BFvaOvrLvlBec+BFvaOvrLvlBed+BFvaOvrLvlBee+BFvaOvrTslBea+BFvaOvrTslBeb+BFvaOvrTslBec+BFvaOvrWaaBea+BFvaOvrWaaBeb+BFvaOvrWaaBec+BFvaOvrLedBea+BFvaOvrLedBeb+BFvaOvrLedBec+BFvaOvrOvlBea+BFvaOvrOvlBeb+BFvaOvrOvlBec+BFvaOvrSidStr+BFvaOvrAgaGab)+BFvaLbv???Toe+GROUP(BFvaSubSubBea+BFvaSubSubBeb+BFvaSubSubBec+BFvaSubSubBed+BFvaSubSubBee)+BFvaLenLenUg?+BFvaIlgIlgInv;Som van de waarden waartegen de in het boekjaar verkregen financiële activa te boek zijn gesteld;jenv-bw2-i_FinancialAssetsAdditions;jenv-bw2-dm:CommercialMember;jenv-bw2-dm:SeparateMember;;;;;;;jenv-bw2-dm:FinancialAssetsMember
=GROUP(BFva???Cae*+BFvaOveCuw*);Som der afschrijvingen en waardeverminderingen van financiële vaste activa;jenv-bw2-i_FinancialAssetsAccumulatedDepreciationImpairments;jenv-bw2-dm:CommercialMember;jenv-bw2-dm:ConsolidatedMember;;;;;;;jenv-bw2-dm:FinancialAssetsMember
=GROUP(BFva???Cae*+BFvaOveCuw*);Som der afschrijvingen en waardeverminderingen van financiële vaste activa;jenv-bw2-i_FinancialAssetsAccumulatedDepreciationImpairments;jenv-bw2-dm:CommercialMember;jenv-bw2-dm:SeparateMember;;;;;;;jenv-bw2-dm:FinancialAssetsMember
=GROUP(BFva???Cuh*--BFva???CuhBeg-BFva???CuhAir-BFva???CuhDvd);Herwaarderingen van financiële vaste activa;jenv-bw2-i_FinancialAssetsRevaluations;jenv-bw2-dm:CommercialMember;jenv-bw2-dm:ConsolidatedMember;;;;;;;jenv-bw2-dm:FinancialAssetsMember
=GROUP(BFva???Cuh*--BFva???CuhBeg-BFva???CuhAir-BFva???CuhDvd);Herwaarderingen van financiële vaste activa;jenv-bw2-i_FinancialAssetsRevaluations;jenv-bw2-dm:CommercialMember;jenv-bw2-dm:SeparateMember;;;;;;;jenv-bw2-dm:FinancialAssetsMember
=GROUP(BFvaAnd*-BFvaAnd???Beg);Mutatie in financiële vaste activa gedurende de periode;jenv-bw2-i_FinancialAssetsMovement;jenv-bw2-dm:CommercialMember;jenv-bw2-dm:ConsolidatedMember;;;;;;;jenv-bw2-dm:InvestmentsInParticipatingInterestsOtherMember
=GROUP(BFvaAnd*-BFvaAnd???Beg);Mutatie in financiële vaste activa gedurende de periode;jenv-bw2-i_FinancialAssetsMovement;jenv-bw2-dm:CommercialMember;jenv-bw2-dm:SeparateMember;;;;;;;jenv-bw2-dm:InvestmentsInParticipatingInterestsOtherMember
=GROUP(BFvaAndCuh*-BFvaAndCuhBeg-BFvaAndCuhAir-BFvaAndCuhDvd);Herwaarderingen van financiële vaste activa;jenv-bw2-i_FinancialAssetsRevaluations;jenv-bw2-dm:CommercialMember;jenv-bw2-dm:ConsolidatedMember;;;;;;;jenv-bw2-dm:InvestmentsInParticipatingInterestsOtherMember
=GROUP(BFvaAndCuh*-BFvaAndCuhBeg-BFvaAndCuhAir-BFvaAndCuhDvd);Herwaarderingen van financiële vaste activa;jenv-bw2-i_FinancialAssetsRevaluations;jenv-bw2-dm:CommercialMember;jenv-bw2-dm:SeparateMember;;;;;;;jenv-bw2-dm:InvestmentsInParticipatingInterestsOtherMember
=GROUP(BFvaAndKprDes+BFvaAndKprAfl);Som van de boekwaarden der financiële vaste activa waarover de rechtspersoon aan het einde van het boekjaar niet meer beschikt;jenv-bw2-i_FinancialAssetsDisposals;jenv-bw2-dm:CommercialMember;jenv-bw2-dm:ConsolidatedMember;;;;;;;jenv-bw2-dm:InvestmentsInParticipatingInterestsOtherMember
=GROUP(BFvaAndKprDes+BFvaAndKprAfl);Som van de boekwaarden der financiële vaste activa waarover de rechtspersoon aan het einde van het boekjaar niet meer beschikt;jenv-bw2-i_FinancialAssetsDisposals;jenv-bw2-dm:CommercialMember;jenv-bw2-dm:SeparateMember;;;;;;;jenv-bw2-dm:InvestmentsInParticipatingInterestsOtherMember
=GROUP(BFvaAndKprInv+BFvaAndKprRen);Som van de waarden waartegen de in het boekjaar verkregen financiële activa te boek zijn gesteld;jenv-bw2-i_FinancialAssetsAdditions;jenv-bw2-dm:CommercialMember;jenv-bw2-dm:ConsolidatedMember;;;;;;;jenv-bw2-dm:InvestmentsInParticipatingInterestsOtherMember
=GROUP(BFvaAndKprInv+BFvaAndKprRen);Som van de waarden waartegen de in het boekjaar verkregen financiële activa te boek zijn gesteld;jenv-bw2-i_FinancialAssetsAdditions;jenv-bw2-dm:CommercialMember;jenv-bw2-dm:SeparateMember;;;;;;;jenv-bw2-dm:InvestmentsInParticipatingInterestsOtherMember
=GROUP(BFvaDig*+BFvaNvm*);Aandelen, certificaten van aandelen en andere vormen van deelneming in groepsmaatschappijen;jenv-bw2-i_InvestmentsInParticipatingInterestsInGroupCompanies;jenv-bw2-dm:CommercialMember;jenv-bw2-dm:ConsolidatedMember
=GROUP(BFvaDig*+BFvaNvm*);Aandelen, certificaten van aandelen en andere vormen van deelneming in groepsmaatschappijen;jenv-bw2-i_InvestmentsInParticipatingInterestsInGroupCompanies;jenv-bw2-dm:CommercialMember;jenv-bw2-dm:SeparateMember
=GROUP(BFvaDig*+BFvaNvm*);Financiële vaste activa;jenv-bw2-i_FinancialAssets;jenv-bw2-dm:CommercialMember;jenv-bw2-dm:ConsolidatedMember;;;;;;;jenv-bw2-dm:InvestmentsInParticipatingInterestsInGroupCompaniesMember
=GROUP(BFvaDig*+BFvaNvm*);Financiële vaste activa;jenv-bw2-i_FinancialAssets;jenv-bw2-dm:CommercialMember;jenv-bw2-dm:SeparateMember;;;;;;;jenv-bw2-dm:InvestmentsInParticipatingInterestsInGroupCompaniesMember
=GROUP(BFvaDig*-BFvaDig???Beg+BFvaNvm*-BFvaNvm???Beg);Mutatie in financiële vaste activa gedurende de periode;jenv-bw2-i_FinancialAssetsMovement;jenv-bw2-dm:CommercialMember;jenv-bw2-dm:ConsolidatedMember;;;;;;;jenv-bw2-dm:InvestmentsInParticipatingInterestsInGroupCompaniesMember
=GROUP(BFvaDig*-BFvaDig???Beg+BFvaNvm*-BFvaNvm???Beg);Mutatie in financiële vaste activa gedurende de periode;jenv-bw2-i_FinancialAssetsMovement;jenv-bw2-dm:CommercialMember;jenv-bw2-dm:SeparateMember;;;;;;;jenv-bw2-dm:InvestmentsInParticipatingInterestsInGroupCompaniesMember
=GROUP(BFvaDigCae*+BFvaNvmCae*);Som der afschrijvingen en waardeverminderingen van financiële vaste activa;jenv-bw2-i_FinancialAssetsAccumulatedDepreciationImpairments;jenv-bw2-dm:CommercialMember;jenv-bw2-dm:ConsolidatedMember;;;;;;;jenv-bw2-dm:InvestmentsInParticipatingInterestsInGroupCompaniesMember
=GROUP(BFvaDigCae*+BFvaNvmCae*);Som der afschrijvingen en waardeverminderingen van financiële vaste activa;jenv-bw2-i_FinancialAssetsAccumulatedDepreciationImpairments;jenv-bw2-dm:CommercialMember;jenv-bw2-dm:SeparateMember;;;;;;;jenv-bw2-dm:InvestmentsInParticipatingInterestsInGroupCompaniesMember
=GROUP(BFvaDigCaeAfs+BFvaNvmCaeAfs);Afschrijvingen op financiële vaste activa;jenv-bw2-i_FinancialAssetsDepreciation;jenv-bw2-dm:CommercialMember;jenv-bw2-dm:ConsolidatedMember;;;;;;;jenv-bw2-dm:InvestmentsInParticipatingInterestsInGroupCompaniesMember
=GROUP(BFvaDigCaeAfs+BFvaNvmCaeAfs);Afschrijvingen op financiële vaste activa;jenv-bw2-i_FinancialAssetsDepreciation;jenv-bw2-dm:CommercialMember;jenv-bw2-dm:SeparateMember;;;;;;;jenv-bw2-dm:InvestmentsInParticipatingInterestsInGroupCompaniesMember
=GROUP(BFvaDigCaeDca+BFvaNvmCaeDca);Afschrijving op desinvesteringen van financiële vaste activa;jenv-bw2-i_FinancialAssetsDisposalsDepreciation;jenv-bw2-dm:CommercialMember;jenv-bw2-dm:ConsolidatedMember;;;;;;;jenv-bw2-dm:InvestmentsInParticipatingInterestsInGroupCompaniesMember
=GROUP(BFvaDigCaeDca+BFvaNvmCaeDca);Afschrijving op desinvesteringen van financiële vaste activa;jenv-bw2-i_FinancialAssetsDisposalsDepreciation;jenv-bw2-dm:CommercialMember;jenv-bw2-dm:SeparateMember;;;;;;;jenv-bw2-dm:InvestmentsInParticipatingInterestsInGroupCompaniesMember
=GROUP(BFvaDigCaeTvw+BFvaNvmCaeTvw);Terugneming van waardeverminderingen van financiële vaste activa;jenv-bw2-i_FinancialAssetsImpairmentReversal;jenv-bw2-dm:CommercialMember;jenv-bw2-dm:ConsolidatedMember;;;;;;;jenv-bw2-dm:InvestmentsInParticipatingInterestsInGroupCompaniesMember
=GROUP(BFvaDigCaeTvw+BFvaNvmCaeTvw);Terugneming van waardeverminderingen van financiële vaste activa;jenv-bw2-i_FinancialAssetsImpairmentReversal;jenv-bw2-dm:CommercialMember;jenv-bw2-dm:SeparateMember;;;;;;;jenv-bw2-dm:InvestmentsInParticipatingInterestsInGroupCompaniesMember
=GROUP(BFvaDigCaeWvr+BFvaNvmCaeWvr);Waardeverminderingen van financiële vaste activa;jenv-bw2-i_FinancialAssetsImpairment;jenv-bw2-dm:CommercialMember;jenv-bw2-dm:ConsolidatedMember;;;;;;;jenv-bw2-dm:InvestmentsInParticipatingInterestsInGroupCompaniesMember
=GROUP(BFvaDigCaeWvr+BFvaNvmCaeWvr);Waardeverminderingen van financiële vaste activa;jenv-bw2-i_FinancialAssetsImpairment;jenv-bw2-dm:CommercialMember;jenv-bw2-dm:SeparateMember;;;;;;;jenv-bw2-dm:InvestmentsInParticipatingInterestsInGroupCompaniesMember
=GROUP(BFvaDigCuh*+BFvaNvmCuh*);Som der herwaarderingen die betrekking hebben op de financiële vaste activa;jenv-bw2-i_FinancialAssetsAccumulatedRevaluations;jenv-bw2-dm:CommercialMember;jenv-bw2-dm:ConsolidatedMember;;;;;;;jenv-bw2-dm:InvestmentsInParticipatingInterestsInGroupCompaniesMember
=GROUP(BFvaDigCuh*+BFvaNvmCuh*);Som der herwaarderingen die betrekking hebben op de financiële vaste activa;jenv-bw2-i_FinancialAssetsAccumulatedRevaluations;jenv-bw2-dm:CommercialMember;jenv-bw2-dm:SeparateMember;;;;;;;jenv-bw2-dm:InvestmentsInParticipatingInterestsInGroupCompaniesMember
=GROUP(BFvaDigCuh*-BFvaDigCuhBeg-BFvaDigCuhAir-BFvaDigCuhDvd)+GROUP(BFvaNvmCuh*-BFvaNvmCuhBeg-BFvaNvmCuhAir-BFvaNvmCuhDvd);Herwaarderingen van financiële vaste activa;jenv-bw2-i_FinancialAssetsRevaluations;jenv-bw2-dm:CommercialMember;jenv-bw2-dm:ConsolidatedMember;;;;;;;jenv-bw2-dm:InvestmentsInParticipatingInterestsInGroupCompaniesMember
=GROUP(BFvaDigCuh*-BFvaDigCuhBeg-BFvaDigCuhAir-BFvaDigCuhDvd)+GROUP(BFvaNvmCuh*-BFvaNvmCuhBeg-BFvaNvmCuhAir-BFvaNvmCuhDvd);Herwaarderingen van financiële vaste activa;jenv-bw2-i_FinancialAssetsRevaluations;jenv-bw2-dm:CommercialMember;jenv-bw2-dm:SeparateMember;;;;;;;jenv-bw2-dm:InvestmentsInParticipatingInterestsInGroupCompaniesMember
=GROUP(BFvaDigCuhAir+BFvaNvmCuhAir);Resultaat uit deelnemingen;rj-i_FinancialAssetsShareInResultParticipatingInterests;jenv-bw2-dm:CommercialMember;jenv-bw2-dm:ConsolidatedMember;;;;;;;jenv-bw2-dm:InvestmentsInParticipatingInterestsInGroupCompaniesMember
=GROUP(BFvaDigCuhAir+BFvaNvmCuhAir);Resultaat uit deelnemingen;rj-i_FinancialAssetsShareInResultParticipatingInterests;jenv-bw2-dm:CommercialMember;jenv-bw2-dm:SeparateMember;;;;;;;jenv-bw2-dm:InvestmentsInParticipatingInterestsInGroupCompaniesMember
=GROUP(BFvaDigCuhDvd+BFvaNvmCuhDvd);Door deelnemingen gedeclareerde dividend;rj-i_FinancialAssetsDividendFromParticipatingInterests;jenv-bw2-dm:CommercialMember;jenv-bw2-dm:ConsolidatedMember;;;;;;;jenv-bw2-dm:InvestmentsInParticipatingInterestsInGroupCompaniesMember
=GROUP(BFvaDigCuhDvd+BFvaNvmCuhDvd);Door deelnemingen gedeclareerde dividend;rj-i_FinancialAssetsDividendFromParticipatingInterests;jenv-bw2-dm:CommercialMember;jenv-bw2-dm:SeparateMember;;;;;;;jenv-bw2-dm:InvestmentsInParticipatingInterestsInGroupCompaniesMember
=GROUP(BFvaDigNevAdo+BFvaNvmNvmAdo);Bij overname verkregen financiële vaste activa;rj-i_FinancialAssetsAdditionsThroughAcquisitions;jenv-bw2-dm:CommercialMember;jenv-bw2-dm:ConsolidatedMember;;;;;;;jenv-bw2-dm:InvestmentsInParticipatingInterestsInGroupCompaniesMember
=GROUP(BFvaDigNevAdo+BFvaNvmNvmAdo);Bij overname verkregen financiële vaste activa;rj-i_FinancialAssetsAdditionsThroughAcquisitions;jenv-bw2-dm:CommercialMember;jenv-bw2-dm:SeparateMember;;;;;;;jenv-bw2-dm:InvestmentsInParticipatingInterestsInGroupCompaniesMember
=GROUP(BFvaDigNevDda+BFvaNvmNvmDda);Afstotingen van financiële vaste activa;rj-i_FinancialAssetsDivestitures;jenv-bw2-dm:CommercialMember;jenv-bw2-dm:ConsolidatedMember;;;;;;;jenv-bw2-dm:InvestmentsInParticipatingInterestsInGroupCompaniesMember
=GROUP(BFvaDigNevDda+BFvaNvmNvmDda);Afstotingen van financiële vaste activa;rj-i_FinancialAssetsDivestitures;jenv-bw2-dm:CommercialMember;jenv-bw2-dm:SeparateMember;;;;;;;jenv-bw2-dm:InvestmentsInParticipatingInterestsInGroupCompaniesMember
=GROUP(BFvaDigNevDes+BFvaNvmNvmDes);Som van de boekwaarden der financiële vaste activa waarover de rechtspersoon aan het einde van het boekjaar niet meer beschikt;jenv-bw2-i_FinancialAssetsDisposals;jenv-bw2-dm:CommercialMember;jenv-bw2-dm:ConsolidatedMember;;;;;;;jenv-bw2-dm:InvestmentsInParticipatingInterestsInGroupCompaniesMember
=GROUP(BFvaDigNevDes+BFvaNvmNvmDes);Som van de boekwaarden der financiële vaste activa waarover de rechtspersoon aan het einde van het boekjaar niet meer beschikt;jenv-bw2-i_FinancialAssetsDisposals;jenv-bw2-dm:CommercialMember;jenv-bw2-dm:SeparateMember;;;;;;;jenv-bw2-dm:InvestmentsInParticipatingInterestsInGroupCompaniesMember
=GROUP(BFvaDigNevInv+BFvaNvmNvmInv);Som van de waarden waartegen de in het boekjaar verkregen financiële activa te boek zijn gesteld;jenv-bw2-i_FinancialAssetsAdditions;jenv-bw2-dm:CommercialMember;jenv-bw2-dm:ConsolidatedMember;;;;;;;jenv-bw2-dm:InvestmentsInParticipatingInterestsInGroupCompaniesMember
=GROUP(BFvaDigNevInv+BFvaNvmNvmInv);Som van de waarden waartegen de in het boekjaar verkregen financiële activa te boek zijn gesteld;jenv-bw2-i_FinancialAssetsAdditions;jenv-bw2-dm:CommercialMember;jenv-bw2-dm:SeparateMember;;;;;;;jenv-bw2-dm:InvestmentsInParticipatingInterestsInGroupCompaniesMember
=GROUP(BFvaDigNevOmv+BFvaNvmNvmOmv);Mutatie als gevolg van wijzigingen in valutakoersen;rj-i_FinancialAssetsExchangeDifferences;jenv-bw2-dm:CommercialMember;jenv-bw2-dm:ConsolidatedMember;;;;;;;jenv-bw2-dm:InvestmentsInParticipatingInterestsInGroupCompaniesMember
=GROUP(BFvaDigNevOmv+BFvaNvmNvmOmv);Mutatie als gevolg van wijzigingen in valutakoersen;rj-i_FinancialAssetsExchangeDifferences;jenv-bw2-dm:CommercialMember;jenv-bw2-dm:SeparateMember;;;;;;;jenv-bw2-dm:InvestmentsInParticipatingInterestsInGroupCompaniesMember
=GROUP(BFvaDigNevOvm+BFvaNvmNvmOvm);Overige mutaties in financiële vaste activa;jenv-bw2-i_FinancialAssetsMovementsOther;jenv-bw2-dm:CommercialMember;jenv-bw2-dm:ConsolidatedMember;;;;;;;jenv-bw2-dm:InvestmentsInParticipatingInterestsInGroupCompaniesMember
=GROUP(BFvaDigNevOvm+BFvaNvmNvmOvm);Overige mutaties in financiële vaste activa;jenv-bw2-i_FinancialAssetsMovementsOther;jenv-bw2-dm:CommercialMember;jenv-bw2-dm:SeparateMember;;;;;;;jenv-bw2-dm:InvestmentsInParticipatingInterestsInGroupCompaniesMember
=GROUP(BFvaDio*-BFvaDio???Beg);Mutatie in financiële vaste activa gedurende de periode;jenv-bw2-i_FinancialAssetsMovement;jenv-bw2-dm:CommercialMember;jenv-bw2-dm:ConsolidatedMember;;;;;;;jenv-bw2-dm:InvestmentsOtherAffiliatedCompaniesMember
=GROUP(BFvaDio*-BFvaDio???Beg);Mutatie in financiële vaste activa gedurende de periode;jenv-bw2-i_FinancialAssetsMovement;jenv-bw2-dm:CommercialMember;jenv-bw2-dm:SeparateMember;;;;;;;jenv-bw2-dm:InvestmentsOtherAffiliatedCompaniesMember
=GROUP(BFvaDioCuh*-BFvaDioCuhBeg-BFvaDioCuhAir-BFvaDioCuhDvd);Herwaarderingen van financiële vaste activa;jenv-bw2-i_FinancialAssetsRevaluations;jenv-bw2-dm:CommercialMember;jenv-bw2-dm:ConsolidatedMember;;;;;;;jenv-bw2-dm:InvestmentsOtherAffiliatedCompaniesMember
=GROUP(BFvaDioCuh*-BFvaDioCuhBeg-BFvaDioCuhAir-BFvaDioCuhDvd);Herwaarderingen van financiële vaste activa;jenv-bw2-i_FinancialAssetsRevaluations;jenv-bw2-dm:CommercialMember;jenv-bw2-dm:SeparateMember;;;;;;;jenv-bw2-dm:InvestmentsOtherAffiliatedCompaniesMember
=GROUP(BFvaLbv*-BFvaLbv???Beg);Mutatie in financiële vaste activa gedurende de periode;jenv-bw2-i_FinancialAssetsMovement;jenv-bw2-dm:CommercialMember;jenv-bw2-dm:ConsolidatedMember;;;;;;;rj-dm:DeferredTaxAssetsMember
=GROUP(BFvaLbv*-BFvaLbv???Beg);Mutatie in financiële vaste activa gedurende de periode;jenv-bw2-i_FinancialAssetsMovement;jenv-bw2-dm:CommercialMember;jenv-bw2-dm:SeparateMember;;;;;;;rj-dm:DeferredTaxAssetsMember
=GROUP(BFvaLenLenWv*+BFvaLenLenOw*);Waardeverminderingen van financiële vaste activa;jenv-bw2-i_FinancialAssetsImpairment;jenv-bw2-dm:CommercialMember;jenv-bw2-dm:ConsolidatedMember;;;;;;;rj-dm:FinancialAssetsOtherMember
=GROUP(BFvaLenLenWv*+BFvaLenLenOw*);Waardeverminderingen van financiële vaste activa;jenv-bw2-i_FinancialAssetsImpairment;jenv-bw2-dm:CommercialMember;jenv-bw2-dm:SeparateMember;;;;;;;rj-dm:FinancialAssetsOtherMember
=GROUP(BFvaOve*-BFvaOve???Beg);Mutatie in financiële vaste activa gedurende de periode;jenv-bw2-i_FinancialAssetsMovement;jenv-bw2-dm:CommercialMember;jenv-bw2-dm:ConsolidatedMember;;;;;;;jenv-bw2-dm:SecuritiesOtherNoncurrentMember
=GROUP(BFvaOve*-BFvaOve???Beg);Mutatie in financiële vaste activa gedurende de periode;jenv-bw2-i_FinancialAssetsMovement;jenv-bw2-dm:CommercialMember;jenv-bw2-dm:SeparateMember;;;;;;;jenv-bw2-dm:SecuritiesOtherNoncurrentMember
=GROUP(BFvaOveCuh*-BFvaOveCuhBeg-BFvaOveCuhAir-BFvaOveCuhDvd);Herwaarderingen van financiële vaste activa;jenv-bw2-i_FinancialAssetsRevaluations;jenv-bw2-dm:CommercialMember;jenv-bw2-dm:ConsolidatedMember;;;;;;;jenv-bw2-dm:SecuritiesOtherNoncurrentMember
=GROUP(BFvaOveCuh*-BFvaOveCuhBeg-BFvaOveCuhAir-BFvaOveCuhDvd);Herwaarderingen van financiële vaste activa;jenv-bw2-i_FinancialAssetsRevaluations;jenv-bw2-dm:CommercialMember;jenv-bw2-dm:SeparateMember;;;;;;;jenv-bw2-dm:SecuritiesOtherNoncurrentMember
=GROUP(BFvaOveWaaOvm+BFvaOveWaaWst);Overige mutaties in financiële vaste activa;jenv-bw2-i_FinancialAssetsMovementsOther;jenv-bw2-dm:CommercialMember;jenv-bw2-dm:ConsolidatedMember;;;;;;;jenv-bw2-dm:SecuritiesOtherNoncurrentMember
=GROUP(BFvaOveWaaOvm+BFvaOveWaaWst);Overige mutaties in financiële vaste activa;jenv-bw2-i_FinancialAssetsMovementsOther;jenv-bw2-dm:CommercialMember;jenv-bw2-dm:SeparateMember;;;;;;;jenv-bw2-dm:SecuritiesOtherNoncurrentMember
=GROUP(BFvaOvr*-BFvaOvrHva*-BFvaOvrHvc*);Langlopende overige vorderingen;jenv-bw2-i_ReceivablesOtherNoncurrent;jenv-bw2-dm:CommercialMember;jenv-bw2-dm:ConsolidatedMember
=GROUP(BFvaOvr*-BFvaOvrHva*-BFvaOvrHvc*);Langlopende overige vorderingen;jenv-bw2-i_ReceivablesOtherNoncurrent;jenv-bw2-dm:CommercialMember;jenv-bw2-dm:SeparateMember
=GROUP(BFvaOvr*-BFvaOvrHva*-BFvaOvrHvc*);Financiële vaste activa;jenv-bw2-i_FinancialAssets;jenv-bw2-dm:CommercialMember;jenv-bw2-dm:ConsolidatedMember;;;;;;;jenv-bw2-dm:ReceivablesOtherNoncurrentMember
=GROUP(BFvaOvr*-BFvaOvrHva*-BFvaOvrHvc*);Financiële vaste activa;jenv-bw2-i_FinancialAssets;jenv-bw2-dm:CommercialMember;jenv-bw2-dm:SeparateMember;;;;;;;jenv-bw2-dm:ReceivablesOtherNoncurrentMember
=GROUP(BFvaOvr*-BFvaOvrHva*-BFvaOvrHvc*-BFvaOvr?????1-BFvaOvr?????2-BFvaOvr?????3-BFvaOvr?????4-BFvaOvr?????5-BFvaOvrSidBeg-BFvaOvrAgaBeg);Mutatie in financiële vaste activa gedurende de periode;jenv-bw2-i_FinancialAssetsMovement;jenv-bw2-dm:CommercialMember;jenv-bw2-dm:ConsolidatedMember;;;;;;;jenv-bw2-dm:ReceivablesOtherNoncurrentMember
=GROUP(BFvaOvr*-BFvaOvrHva*-BFvaOvrHvc*-BFvaOvr?????1-BFvaOvr?????2-BFvaOvr?????3-BFvaOvr?????4-BFvaOvr?????5-BFvaOvrSidBeg-BFvaOvrAgaBeg);Mutatie in financiële vaste activa gedurende de periode;jenv-bw2-i_FinancialAssetsMovement;jenv-bw2-dm:CommercialMember;jenv-bw2-dm:SeparateMember;;;;;;;jenv-bw2-dm:ReceivablesOtherNoncurrentMember
=GROUP(BFvaOvr???Bef+BFvaOvr???Beg+BFvaOvr???Beh+BFvaOvr???Bei+BFvaOvr???Bej)-GROUP(BFvaOvrHvaBef+BFvaOvrHvaBeg+BFvaOvrHvaBeh+BFvaOvrHvaBei+BFvaOvrHvaBej+BFvaOvrSidBeg+BFvaOvrAgaBeg);Overige mutaties in financiële vaste activa;jenv-bw2-i_FinancialAssetsMovementsOther;jenv-bw2-dm:CommercialMember;jenv-bw2-dm:ConsolidatedMember;;;;;;;jenv-bw2-dm:ReceivablesOtherNoncurrentMember
=GROUP(BFvaOvr???Bef+BFvaOvr???Beg+BFvaOvr???Beh+BFvaOvr???Bei+BFvaOvr???Bej)-GROUP(BFvaOvrHvaBef+BFvaOvrHvaBeg+BFvaOvrHvaBeh+BFvaOvrHvaBei+BFvaOvrHvaBej+BFvaOvrSidBeg+BFvaOvrAgaBeg);Overige mutaties in financiële vaste activa;jenv-bw2-i_FinancialAssetsMovementsOther;jenv-bw2-dm:CommercialMember;jenv-bw2-dm:SeparateMember;;;;;;;jenv-bw2-dm:ReceivablesOtherNoncurrentMember
=GROUP(BFvaOvrHva*+BFvaOvrHvc*);Langlopende vorderingen uit hoofde van leningen en voorschotten aan leden of houders van aandelen op naam;jenv-bw2-i_ReceivablesFromLoansAndAdvancesToParticipantsOrRegisteredShareholdersNoncurrent;jenv-bw2-dm:CommercialMember;jenv-bw2-dm:ConsolidatedMember
=GROUP(BFvaOvrHva*+BFvaOvrHvc*);Langlopende vorderingen uit hoofde van leningen en voorschotten aan leden of houders van aandelen op naam;jenv-bw2-i_ReceivablesFromLoansAndAdvancesToParticipantsOrRegisteredShareholdersNoncurrent;jenv-bw2-dm:CommercialMember;jenv-bw2-dm:SeparateMember
=GROUP(BFvaOvrHva*+BFvaOvrHvc*);Financiële vaste activa;jenv-bw2-i_FinancialAssets;jenv-bw2-dm:CommercialMember;jenv-bw2-dm:ConsolidatedMember;;;;;;;jenv-bw2-dm:ReceivablesFromLoansAndAdvancesToParticipantsOrRegisteredShareholdersNoncurrentMember
=GROUP(BFvaOvrHva*+BFvaOvrHvc*);Financiële vaste activa;jenv-bw2-i_FinancialAssets;jenv-bw2-dm:CommercialMember;jenv-bw2-dm:SeparateMember;;;;;;;jenv-bw2-dm:ReceivablesFromLoansAndAdvancesToParticipantsOrRegisteredShareholdersNoncurrentMember
=GROUP(BFvaOvrHva*-BFvaOvrHvaAh?)+GROUP(BFvaOvrHvc*-BFvaOvrHvcBe1-BFvaOvrHvcBe2-BFvaOvrHvcBe3-BFvaOvrHvcBe4-BFvaOvrHvcBe5);Mutatie in financiële vaste activa gedurende de periode;jenv-bw2-i_FinancialAssetsMovement;jenv-bw2-dm:CommercialMember;jenv-bw2-dm:ConsolidatedMember;;;;;;;jenv-bw2-dm:ReceivablesFromLoansAndAdvancesToParticipantsOrRegisteredShareholdersNoncurrentMember
=GROUP(BFvaOvrHva*-BFvaOvrHvaAh?)+GROUP(BFvaOvrHvc*-BFvaOvrHvcBe1-BFvaOvrHvcBe2-BFvaOvrHvcBe3-BFvaOvrHvcBe4-BFvaOvrHvcBe5);Mutatie in financiële vaste activa gedurende de periode;jenv-bw2-i_FinancialAssetsMovement;jenv-bw2-dm:CommercialMember;jenv-bw2-dm:SeparateMember;;;;;;;jenv-bw2-dm:ReceivablesFromLoansAndAdvancesToParticipantsOrRegisteredShareholdersNoncurrentMember
=GROUP(BFvaOvrHvaBea+BFvaOvrHvaBeb+BFvaOvrHvaBec+BFvaOvrHvaBed+BFvaOvrHvaBee);Som van de waarden waartegen de in het boekjaar verkregen financiële activa te boek zijn gesteld;jenv-bw2-i_FinancialAssetsAdditions;jenv-bw2-dm:CommercialMember;jenv-bw2-dm:ConsolidatedMember;;;;;;;jenv-bw2-dm:ReceivablesFromLoansAndAdvancesToParticipantsOrRegisteredShareholdersNoncurrentMember
=GROUP(BFvaOvrHvaBea+BFvaOvrHvaBeb+BFvaOvrHvaBec+BFvaOvrHvaBed+BFvaOvrHvaBee);Som van de waarden waartegen de in het boekjaar verkregen financiële activa te boek zijn gesteld;jenv-bw2-i_FinancialAssetsAdditions;jenv-bw2-dm:CommercialMember;jenv-bw2-dm:SeparateMember;;;;;;;jenv-bw2-dm:ReceivablesFromLoansAndAdvancesToParticipantsOrRegisteredShareholdersNoncurrentMember
=GROUP(BFvaOvrHvaBef+BFvaOvrHvaBeg+BFvaOvrHvaBeh+BFvaOvrHvaBei+BFvaOvrHvaBej);Overige mutaties in financiële vaste activa;jenv-bw2-i_FinancialAssetsMovementsOther;jenv-bw2-dm:CommercialMember;jenv-bw2-dm:ConsolidatedMember;;;;;;;jenv-bw2-dm:ReceivablesFromLoansAndAdvancesToParticipantsOrRegisteredShareholdersNoncurrentMember
=GROUP(BFvaOvrHvaBef+BFvaOvrHvaBeg+BFvaOvrHvaBeh+BFvaOvrHvaBei+BFvaOvrHvaBej);Overige mutaties in financiële vaste activa;jenv-bw2-i_FinancialAssetsMovementsOther;jenv-bw2-dm:CommercialMember;jenv-bw2-dm:SeparateMember;;;;;;;jenv-bw2-dm:ReceivablesFromLoansAndAdvancesToParticipantsOrRegisteredShareholdersNoncurrentMember
=GROUP(BFvaOvrHvcBea+BFvaOvrHvcBeb+BFvaOvrHvcBec+BFvaOvrHvcBed+BFvaOvrHvcBee);Som van de boekwaarden der financiële vaste activa waarover de rechtspersoon aan het einde van het boekjaar niet meer beschikt;jenv-bw2-i_FinancialAssetsDisposals;jenv-bw2-dm:CommercialMember;jenv-bw2-dm:ConsolidatedMember;;;;;;;jenv-bw2-dm:ReceivablesFromLoansAndAdvancesToParticipantsOrRegisteredShareholdersNoncurrentMember
=GROUP(BFvaOvrHvcBea+BFvaOvrHvcBeb+BFvaOvrHvcBec+BFvaOvrHvcBed+BFvaOvrHvcBee);Som van de boekwaarden der financiële vaste activa waarover de rechtspersoon aan het einde van het boekjaar niet meer beschikt;jenv-bw2-i_FinancialAssetsDisposals;jenv-bw2-dm:CommercialMember;jenv-bw2-dm:SeparateMember;;;;;;;jenv-bw2-dm:ReceivablesFromLoansAndAdvancesToParticipantsOrRegisteredShareholdersNoncurrentMember
=GROUP(BFvaOvrOvcBed+BFvaOvrOvcBee+BFvaOvrOvcBef+BFvaOvrOvcBej+BFvaOvrOvcBek+BFvaOvrOvcBel)+BFvaOvr???Wvr;Waardeverminderingen van financiële vaste activa;jenv-bw2-i_FinancialAssetsImpairment;jenv-bw2-dm:CommercialMember;jenv-bw2-dm:ConsolidatedMember;;;;;;;jenv-bw2-dm:ReceivablesOtherNoncurrentMember
=GROUP(BFvaOvrOvcBed+BFvaOvrOvcBee+BFvaOvrOvcBef+BFvaOvrOvcBej+BFvaOvrOvcBek+BFvaOvrOvcBel)+BFvaOvr???Wvr;Waardeverminderingen van financiële vaste activa;jenv-bw2-i_FinancialAssetsImpairment;jenv-bw2-dm:CommercialMember;jenv-bw2-dm:SeparateMember;;;;;;;jenv-bw2-dm:ReceivablesOtherNoncurrentMember
=GROUP(BFvaOvrOvcBeg+BFvaOvrOvcBeh+BFvaOvrOvcBei)+BFvaOvr???Tvw;Terugneming van waardeverminderingen van financiële vaste activa;jenv-bw2-i_FinancialAssetsImpairmentReversal;jenv-bw2-dm:CommercialMember;jenv-bw2-dm:ConsolidatedMember;;;;;;;jenv-bw2-dm:ReceivablesOtherNoncurrentMember
=GROUP(BFvaOvrOvcBeg+BFvaOvrOvcBeh+BFvaOvrOvcBei)+BFvaOvr???Tvw;Terugneming van waardeverminderingen van financiële vaste activa;jenv-bw2-i_FinancialAssetsImpairmentReversal;jenv-bw2-dm:CommercialMember;jenv-bw2-dm:SeparateMember;;;;;;;jenv-bw2-dm:ReceivablesOtherNoncurrentMember
=GROUP(BFvaOvrOvlBei+BFvaOvrOvlBej+BFvaOvrOvlBek);Mutatie als gevolg van wijzigingen in valutakoersen;rj-i_FinancialAssetsExchangeDifferences;jenv-bw2-dm:CommercialMember;jenv-bw2-dm:ConsolidatedMember;;;;;;;jenv-bw2-dm:ReceivablesOtherNoncurrentMember
=GROUP(BFvaOvrOvlBei+BFvaOvrOvlBej+BFvaOvrOvlBek);Mutatie als gevolg van wijzigingen in valutakoersen;rj-i_FinancialAssetsExchangeDifferences;jenv-bw2-dm:CommercialMember;jenv-bw2-dm:SeparateMember;;;;;;;jenv-bw2-dm:ReceivablesOtherNoncurrentMember
=GROUP(BFvaOvrVoaBea+BFvaOvrVoaBeb+BFvaOvrVoaBec+BFvaOvrVoaBed+BFvaOvrVoaBee+BFvaOvrVgaBea+BFvaOvrVgaBeb+BFvaOvrVgaBec+BFvaOvrVgaBed+BFvaOvrVgaBee+BFvaOvrVcaBea+BFvaOvrVcaBeb+BFvaOvrVcaBec+BFvaOvrVcaBed+BFvaOvrVcaBee+BFvaOvrVawBea+BFvaOvrVawBeb+BFvaOvrVawBec+BFvaOvrVawBed+BFvaOvrVawBee+BFvaOvrLvcBea+BFvaOvrLvcBeb+BFvaOvrLvcBec+BFvaOvrLvcBed+BFvaOvrLvcBee+BFvaOvrTscBea+BFvaOvrTscBeb+BFvaOvrTscBec+BFvaOvrWacBea+BFvaOvrWacBeb+BFvaOvrWacBec+BFvaOvrLecBea+BFvaOvrLecBeb+BFvaOvrLecBec+BFvaOvrOvcBea+BFvaOvrOvcBeb+BFvaOvrOvcBec+BFvaOvrSidOnt+BFvaOvrAgaVlr);Som van de boekwaarden der financiële vaste activa waarover de rechtspersoon aan het einde van het boekjaar niet meer beschikt;jenv-bw2-i_FinancialAssetsDisposals;jenv-bw2-dm:CommercialMember;jenv-bw2-dm:ConsolidatedMember;;;;;;;jenv-bw2-dm:ReceivablesOtherNoncurrentMember
=GROUP(BFvaOvrVoaBea+BFvaOvrVoaBeb+BFvaOvrVoaBec+BFvaOvrVoaBed+BFvaOvrVoaBee+BFvaOvrVgaBea+BFvaOvrVgaBeb+BFvaOvrVgaBec+BFvaOvrVgaBed+BFvaOvrVgaBee+BFvaOvrVcaBea+BFvaOvrVcaBeb+BFvaOvrVcaBec+BFvaOvrVcaBed+BFvaOvrVcaBee+BFvaOvrVawBea+BFvaOvrVawBeb+BFvaOvrVawBec+BFvaOvrVawBed+BFvaOvrVawBee+BFvaOvrLvcBea+BFvaOvrLvcBeb+BFvaOvrLvcBec+BFvaOvrLvcBed+BFvaOvrLvcBee+BFvaOvrTscBea+BFvaOvrTscBeb+BFvaOvrTscBec+BFvaOvrWacBea+BFvaOvrWacBeb+BFvaOvrWacBec+BFvaOvrLecBea+BFvaOvrLecBeb+BFvaOvrLecBec+BFvaOvrOvcBea+BFvaOvrOvcBeb+BFvaOvrOvcBec+BFvaOvrSidOnt+BFvaOvrAgaVlr);Som van de boekwaarden der financiële vaste activa waarover de rechtspersoon aan het einde van het boekjaar niet meer beschikt;jenv-bw2-i_FinancialAssetsDisposals;jenv-bw2-dm:CommercialMember;jenv-bw2-dm:SeparateMember;;;;;;;jenv-bw2-dm:ReceivablesOtherNoncurrentMember
=GROUP(BFvaOvrVob*+BFvaOvrVoa*+BFvaOvrVgb*+BFvaOvrVga*);Langlopende leningen, voorschotten en garanties ten behoeve van bestuurders;rj-i_LoansAdvancesGuaranteesOnBehalfOfManagingDirectorsFormerManagingDirectorsNoncurrent;jenv-bw2-dm:CommercialMember;jenv-bw2-dm:ConsolidatedMember
=GROUP(BFvaOvrVob*+BFvaOvrVoa*+BFvaOvrVgb*+BFvaOvrVga*);Langlopende leningen, voorschotten en garanties ten behoeve van bestuurders;rj-i_LoansAdvancesGuaranteesOnBehalfOfManagingDirectorsFormerManagingDirectorsNoncurrent;jenv-bw2-dm:CommercialMember;jenv-bw2-dm:SeparateMember
=GROUP(BFvaOvrVobBea+BFvaOvrVobBeb+BFvaOvrVobBec+BFvaOvrVobBed+BFvaOvrVobBee+BFvaOvrVgbBea+BFvaOvrVgbBeb+BFvaOvrVgbBec+BFvaOvrVgbBed+BFvaOvrVgbBee+BFvaOvrVocBea+BFvaOvrVocBeb+BFvaOvrVocBec+BFvaOvrVocBed+BFvaOvrVocBee+BFvaOvrVgcBea+BFvaOvrVgcBeb+BFvaOvrVgcBec+BFvaOvrVgcBed+BFvaOvrVgcBee+BFvaOvrLvlBea+BFvaOvrLvlBeb+BFvaOvrLvlBec+BFvaOvrLvlBed+BFvaOvrLvlBee+BFvaOvrTslBea+BFvaOvrTslBeb+BFvaOvrTslBec+BFvaOvrWaaBea+BFvaOvrWaaBeb+BFvaOvrWaaBec+BFvaOvrLedBea+BFvaOvrLedBeb+BFvaOvrLedBec+BFvaOvrOvlBea+BFvaOvrOvlBeb+BFvaOvrOvlBec+BFvaOvrSidStr+BFvaOvrAgaGab);Som van de waarden waartegen de in het boekjaar verkregen financiële activa te boek zijn gesteld;jenv-bw2-i_FinancialAssetsAdditions;jenv-bw2-dm:CommercialMember;jenv-bw2-dm:ConsolidatedMember;;;;;;;jenv-bw2-dm:ReceivablesOtherNoncurrentMember
=GROUP(BFvaOvrVobBea+BFvaOvrVobBeb+BFvaOvrVobBec+BFvaOvrVobBed+BFvaOvrVobBee+BFvaOvrVgbBea+BFvaOvrVgbBeb+BFvaOvrVgbBec+BFvaOvrVgbBed+BFvaOvrVgbBee+BFvaOvrVocBea+BFvaOvrVocBeb+BFvaOvrVocBec+BFvaOvrVocBed+BFvaOvrVocBee+BFvaOvrVgcBea+BFvaOvrVgcBeb+BFvaOvrVgcBec+BFvaOvrVgcBed+BFvaOvrVgcBee+BFvaOvrLvlBea+BFvaOvrLvlBeb+BFvaOvrLvlBec+BFvaOvrLvlBed+BFvaOvrLvlBee+BFvaOvrTslBea+BFvaOvrTslBeb+BFvaOvrTslBec+BFvaOvrWaaBea+BFvaOvrWaaBeb+BFvaOvrWaaBec+BFvaOvrLedBea+BFvaOvrLedBeb+BFvaOvrLedBec+BFvaOvrOvlBea+BFvaOvrOvlBeb+BFvaOvrOvlBec+BFvaOvrSidStr+BFvaOvrAgaGab);Som van de waarden waartegen de in het boekjaar verkregen financiële activa te boek zijn gesteld;jenv-bw2-i_FinancialAssetsAdditions;jenv-bw2-dm:CommercialMember;jenv-bw2-dm:SeparateMember;;;;;;;jenv-bw2-dm:ReceivablesOtherNoncurrentMember
=GROUP(BFvaOvrVoc*+BFvaOvrVca*+BFvaOvrVgc*+BFvaOvrVaw*);Langlopende leningen, voorschotten en garanties ten behoeve van commissarissen;rj-i_LoansAdvancesGuaranteesOnBehalfOfSupervisoryDirectorsFormerSupervisoryDirectorsNoncurrent;jenv-bw2-dm:CommercialMember;jenv-bw2-dm:ConsolidatedMember
=GROUP(BFvaOvrVoc*+BFvaOvrVca*+BFvaOvrVgc*+BFvaOvrVaw*);Langlopende leningen, voorschotten en garanties ten behoeve van commissarissen;rj-i_LoansAdvancesGuaranteesOnBehalfOfSupervisoryDirectorsFormerSupervisoryDirectorsNoncurrent;jenv-bw2-dm:CommercialMember;jenv-bw2-dm:SeparateMember
=GROUP(BFvaSub*+BFvaLen*+BFvaIlg*);Overige financiële vaste activa;rj-i_FinancialAssetsOther;jenv-bw2-dm:CommercialMember;jenv-bw2-dm:ConsolidatedMember
=GROUP(BFvaSub*+BFvaLen*+BFvaIlg*);Overige financiële vaste activa;rj-i_FinancialAssetsOther;jenv-bw2-dm:CommercialMember;jenv-bw2-dm:SeparateMember
=GROUP(BFvaSub*+BFvaLen*+BFvaIlg*);Financiële vaste activa;jenv-bw2-i_FinancialAssets;jenv-bw2-dm:CommercialMember;jenv-bw2-dm:ConsolidatedMember;;;;;;;rj-dm:FinancialAssetsOtherMember
=GROUP(BFvaSub*+BFvaLen*+BFvaIlg*);Financiële vaste activa;jenv-bw2-i_FinancialAssets;jenv-bw2-dm:CommercialMember;jenv-bw2-dm:SeparateMember;;;;;;;rj-dm:FinancialAssetsOtherMember
=GROUP(BFvaSub*-BFvaSubSubTs?-BFvaSubSucBe1-BFvaSubSucBe2-BFvaSubSucBe3-BFvaSubSucBe4-BFvaSubSucBe5)+GROUP(BFvaLen*-BFvaLenLenLn?)+GROUP(BFvaIlg*-BFvaIlg???Beg);Mutatie in financiële vaste activa gedurende de periode;jenv-bw2-i_FinancialAssetsMovement;jenv-bw2-dm:CommercialMember;jenv-bw2-dm:ConsolidatedMember;;;;;;;rj-dm:FinancialAssetsOtherMember
=GROUP(BFvaSub*-BFvaSubSubTs?-BFvaSubSucBe1-BFvaSubSucBe2-BFvaSubSucBe3-BFvaSubSucBe4-BFvaSubSucBe5)+GROUP(BFvaLen*-BFvaLenLenLn?)+GROUP(BFvaIlg*-BFvaIlg???Beg);Mutatie in financiële vaste activa gedurende de periode;jenv-bw2-i_FinancialAssetsMovement;jenv-bw2-dm:CommercialMember;jenv-bw2-dm:SeparateMember;;;;;;;rj-dm:FinancialAssetsOtherMember
=GROUP(BFvaSubSubBea+BFvaSubSubBeb+BFvaSubSubBec+BFvaSubSubBed+BFvaSubSubBee)+BFvaLenLenUg?+BFvaIlgIlgInv;Som van de waarden waartegen de in het boekjaar verkregen financiële activa te boek zijn gesteld;jenv-bw2-i_FinancialAssetsAdditions;jenv-bw2-dm:CommercialMember;jenv-bw2-dm:ConsolidatedMember;;;;;;;rj-dm:FinancialAssetsOtherMember
=GROUP(BFvaSubSubBea+BFvaSubSubBeb+BFvaSubSubBec+BFvaSubSubBed+BFvaSubSubBee)+BFvaLenLenUg?+BFvaIlgIlgInv;Som van de waarden waartegen de in het boekjaar verkregen financiële activa te boek zijn gesteld;jenv-bw2-i_FinancialAssetsAdditions;jenv-bw2-dm:CommercialMember;jenv-bw2-dm:SeparateMember;;;;;;;rj-dm:FinancialAssetsOtherMember
=GROUP(BFvaSubSubBef+BFvaSubSubBeg+BFvaSubSubBeh+BFvaSubSubBei+BFvaSubSubBej)+BFvaLenLenOv*+BFvaIlgIlgOvm;Overige mutaties in financiële vaste activa;jenv-bw2-i_FinancialAssetsMovementsOther;jenv-bw2-dm:CommercialMember;jenv-bw2-dm:ConsolidatedMember;;;;;;;rj-dm:FinancialAssetsOtherMember
=GROUP(BFvaSubSubBef+BFvaSubSubBeg+BFvaSubSubBeh+BFvaSubSubBei+BFvaSubSubBej)+BFvaLenLenOv*+BFvaIlgIlgOvm;Overige mutaties in financiële vaste activa;jenv-bw2-i_FinancialAssetsMovementsOther;jenv-bw2-dm:CommercialMember;jenv-bw2-dm:SeparateMember;;;;;;;rj-dm:FinancialAssetsOtherMember
=GROUP(BFvaSubSucBea+BFvaSubSucBeb+BFvaSubSucBec+BFvaSubSucBed+BFvaSubSucBee)+GROUP(BFvaLenLenA*+BFvaIlgAilAfl+BFvaIlgAvp);Som van de boekwaarden der financiële vaste activa waarover de rechtspersoon aan het einde van het boekjaar niet meer beschikt;jenv-bw2-i_FinancialAssetsDisposals;jenv-bw2-dm:CommercialMember;jenv-bw2-dm:ConsolidatedMember;;;;;;;rj-dm:FinancialAssetsOtherMember
=GROUP(BFvaSubSucBea+BFvaSubSucBeb+BFvaSubSucBec+BFvaSubSucBed+BFvaSubSucBee)+GROUP(BFvaLenLenA*+BFvaIlgAilAfl+BFvaIlgAvp);Som van de boekwaarden der financiële vaste activa waarover de rechtspersoon aan het einde van het boekjaar niet meer beschikt;jenv-bw2-i_FinancialAssetsDisposals;jenv-bw2-dm:CommercialMember;jenv-bw2-dm:SeparateMember;;;;;;;rj-dm:FinancialAssetsOtherMember
=GROUP(BFvaVog*-BFvaVog???Beg);Mutatie in financiële vaste activa gedurende de periode;jenv-bw2-i_FinancialAssetsMovement;jenv-bw2-dm:CommercialMember;jenv-bw2-dm:ConsolidatedMember;;;;;;;jenv-bw2-dm:ReceivablesGroupCompaniesNoncurrentMember
=GROUP(BFvaVog*-BFvaVog???Beg);Mutatie in financiële vaste activa gedurende de periode;jenv-bw2-i_FinancialAssetsMovement;jenv-bw2-dm:CommercialMember;jenv-bw2-dm:SeparateMember;;;;;;;jenv-bw2-dm:ReceivablesGroupCompaniesNoncurrentMember
=GROUP(BFvaVogCuh*-BFvaVogCuhBeg-BFvaVogCuhAir-BFvaVogCuhDvd);Herwaarderingen van financiële vaste activa;jenv-bw2-i_FinancialAssetsRevaluations;jenv-bw2-dm:CommercialMember;jenv-bw2-dm:ConsolidatedMember;;;;;;;jenv-bw2-dm:ReceivablesGroupCompaniesNoncurrentMember
=GROUP(BFvaVogCuh*-BFvaVogCuhBeg-BFvaVogCuhAir-BFvaVogCuhDvd);Herwaarderingen van financiële vaste activa;jenv-bw2-i_FinancialAssetsRevaluations;jenv-bw2-dm:CommercialMember;jenv-bw2-dm:SeparateMember;;;;;;;jenv-bw2-dm:ReceivablesGroupCompaniesNoncurrentMember
=GROUP(BFvaVogVglDes+BFvaVogVglAfl+BFvaVogCaeKod);Som van de boekwaarden der financiële vaste activa waarover de rechtspersoon aan het einde van het boekjaar niet meer beschikt;jenv-bw2-i_FinancialAssetsDisposals;jenv-bw2-dm:CommercialMember;jenv-bw2-dm:ConsolidatedMember;;;;;;;jenv-bw2-dm:ReceivablesGroupCompaniesNoncurrentMember
=GROUP(BFvaVogVglDes+BFvaVogVglAfl+BFvaVogCaeKod);Som van de boekwaarden der financiële vaste activa waarover de rechtspersoon aan het einde van het boekjaar niet meer beschikt;jenv-bw2-i_FinancialAssetsDisposals;jenv-bw2-dm:CommercialMember;jenv-bw2-dm:SeparateMember;;;;;;;jenv-bw2-dm:ReceivablesGroupCompaniesNoncurrentMember
=GROUP(BFvaVogVglVer+BFvaVogVglRen);Som van de waarden waartegen de in het boekjaar verkregen financiële activa te boek zijn gesteld;jenv-bw2-i_FinancialAssetsAdditions;jenv-bw2-dm:CommercialMember;jenv-bw2-dm:ConsolidatedMember;;;;;;;jenv-bw2-dm:ReceivablesGroupCompaniesNoncurrentMember
=GROUP(BFvaVogVglVer+BFvaVogVglRen);Som van de waarden waartegen de in het boekjaar verkregen financiële activa te boek zijn gesteld;jenv-bw2-i_FinancialAssetsAdditions;jenv-bw2-dm:CommercialMember;jenv-bw2-dm:SeparateMember;;;;;;;jenv-bw2-dm:ReceivablesGroupCompaniesNoncurrentMember
=GROUP(BFvaVop*-BFvaVop???Beg);Mutatie in financiële vaste activa gedurende de periode;jenv-bw2-i_FinancialAssetsMovement;jenv-bw2-dm:CommercialMember;jenv-bw2-dm:ConsolidatedMember;;;;;;;jenv-bw2-dm:ReceivablesShareholdersParticipatingInterestsNoncurrentMember
=GROUP(BFvaVop*-BFvaVop???Beg);Mutatie in financiële vaste activa gedurende de periode;jenv-bw2-i_FinancialAssetsMovement;jenv-bw2-dm:CommercialMember;jenv-bw2-dm:SeparateMember;;;;;;;jenv-bw2-dm:ReceivablesShareholdersParticipatingInterestsNoncurrentMember
=GROUP(BFvaVopCuh*-BFvaVopCuhBeg-BFvaVopCuhAir-BFvaVopCuhDvd);Herwaarderingen van financiële vaste activa;jenv-bw2-i_FinancialAssetsRevaluations;jenv-bw2-dm:CommercialMember;jenv-bw2-dm:ConsolidatedMember;;;;;;;jenv-bw2-dm:ReceivablesShareholdersParticipatingInterestsNoncurrentMember
=GROUP(BFvaVopCuh*-BFvaVopCuhBeg-BFvaVopCuhAir-BFvaVopCuhDvd);Herwaarderingen van financiële vaste activa;jenv-bw2-i_FinancialAssetsRevaluations;jenv-bw2-dm:CommercialMember;jenv-bw2-dm:SeparateMember;;;;;;;jenv-bw2-dm:ReceivablesShareholdersParticipatingInterestsNoncurrentMember
=GROUP(BFvaVopVplDes+BFvaVopVplAfl+BFvaVopCaeKod);Som van de boekwaarden der financiële vaste activa waarover de rechtspersoon aan het einde van het boekjaar niet meer beschikt;jenv-bw2-i_FinancialAssetsDisposals;jenv-bw2-dm:CommercialMember;jenv-bw2-dm:ConsolidatedMember;;;;;;;jenv-bw2-dm:ReceivablesShareholdersParticipatingInterestsNoncurrentMember
=GROUP(BFvaVopVplDes+BFvaVopVplAfl+BFvaVopCaeKod);Som van de boekwaarden der financiële vaste activa waarover de rechtspersoon aan het einde van het boekjaar niet meer beschikt;jenv-bw2-i_FinancialAssetsDisposals;jenv-bw2-dm:CommercialMember;jenv-bw2-dm:SeparateMember;;;;;;;jenv-bw2-dm:ReceivablesShareholdersParticipatingInterestsNoncurrentMember
=GROUP(BFvaVopVplVer+BFvaVopVplRen);Som van de waarden waartegen de in het boekjaar verkregen financiële activa te boek zijn gesteld;jenv-bw2-i_FinancialAssetsAdditions;jenv-bw2-dm:CommercialMember;jenv-bw2-dm:ConsolidatedMember;;;;;;;jenv-bw2-dm:ReceivablesShareholdersParticipatingInterestsNoncurrentMember
=GROUP(BFvaVopVplVer+BFvaVopVplRen);Som van de waarden waartegen de in het boekjaar verkregen financiële activa te boek zijn gesteld;jenv-bw2-i_FinancialAssetsAdditions;jenv-bw2-dm:CommercialMember;jenv-bw2-dm:SeparateMember;;;;;;;jenv-bw2-dm:ReceivablesShareholdersParticipatingInterestsNoncurrentMember
=GROUP(BFvaVov*-BFvaVov???Beg);Mutatie in financiële vaste activa gedurende de periode;jenv-bw2-i_FinancialAssetsMovement;jenv-bw2-dm:CommercialMember;jenv-bw2-dm:ConsolidatedMember;;;;;;;jenv-bw2-dm:ReceivablesOtherAffiliatedCompaniesNoncurrentMember
=GROUP(BFvaVov*-BFvaVov???Beg);Mutatie in financiële vaste activa gedurende de periode;jenv-bw2-i_FinancialAssetsMovement;jenv-bw2-dm:CommercialMember;jenv-bw2-dm:SeparateMember;;;;;;;jenv-bw2-dm:ReceivablesOtherAffiliatedCompaniesNoncurrentMember
=GROUP(BFvaVovCuh*-BFvaVovCuhBeg-BFvaVovCuhAir-BFvaVovCuhDvd);Herwaarderingen van financiële vaste activa;jenv-bw2-i_FinancialAssetsRevaluations;jenv-bw2-dm:CommercialMember;jenv-bw2-dm:ConsolidatedMember;;;;;;;jenv-bw2-dm:ReceivablesOtherAffiliatedCompaniesNoncurrentMember
=GROUP(BFvaVovCuh*-BFvaVovCuhBeg-BFvaVovCuhAir-BFvaVovCuhDvd);Herwaarderingen van financiële vaste activa;jenv-bw2-i_FinancialAssetsRevaluations;jenv-bw2-dm:CommercialMember;jenv-bw2-dm:SeparateMember;;;;;;;jenv-bw2-dm:ReceivablesOtherAffiliatedCompaniesNoncurrentMember
=GROUP(BFvaVovVolDes+BFvaVovVolAfl+BFvaVovCaeKod);Som van de boekwaarden der financiële vaste activa waarover de rechtspersoon aan het einde van het boekjaar niet meer beschikt;jenv-bw2-i_FinancialAssetsDisposals;jenv-bw2-dm:CommercialMember;jenv-bw2-dm:ConsolidatedMember;;;;;;;jenv-bw2-dm:ReceivablesOtherAffiliatedCompaniesNoncurrentMember
=GROUP(BFvaVovVolDes+BFvaVovVolAfl+BFvaVovCaeKod);Som van de boekwaarden der financiële vaste activa waarover de rechtspersoon aan het einde van het boekjaar niet meer beschikt;jenv-bw2-i_FinancialAssetsDisposals;jenv-bw2-dm:CommercialMember;jenv-bw2-dm:SeparateMember;;;;;;;jenv-bw2-dm:ReceivablesOtherAffiliatedCompaniesNoncurrentMember
=GROUP(BFvaVovVolVer+BFvaVovVolRen);Som van de waarden waartegen de in het boekjaar verkregen financiële activa te boek zijn gesteld;jenv-bw2-i_FinancialAssetsAdditions;jenv-bw2-dm:CommercialMember;jenv-bw2-dm:ConsolidatedMember;;;;;;;jenv-bw2-dm:ReceivablesOtherAffiliatedCompaniesNoncurrentMember
=GROUP(BFvaVovVolVer+BFvaVovVolRen);Som van de waarden waartegen de in het boekjaar verkregen financiële activa te boek zijn gesteld;jenv-bw2-i_FinancialAssetsAdditions;jenv-bw2-dm:CommercialMember;jenv-bw2-dm:SeparateMember;;;;;;;jenv-bw2-dm:ReceivablesOtherAffiliatedCompaniesNoncurrentMember
=GROUP(BIva*+BMva*+BVas*+BFva*);Vaste activa;jenv-bw2-i_AssetsNoncurrent;jenv-bw2-dm:CommercialMember;jenv-bw2-dm:ConsolidatedMember
=GROUP(BIva*+BMva*+BVas*+BFva*);Vaste activa;jenv-bw2-i_AssetsNoncurrent;jenv-bw2-dm:CommercialMember;jenv-bw2-dm:SeparateMember
=GROUP(BIva*+BMva*+BVas*+BFva*+BVrd*+BPro*+BVor*+Beff*+BLim*+BSch*);Uitkomst van activa min kortlopende schulden;jenv-bw2-i_OutcomeAssetsLessLiabilitiesCurrent;jenv-bw2-dm:CommercialMember;jenv-bw2-dm:ConsolidatedMember
=GROUP(BIva*+BMva*+BVas*+BFva*+BVrd*+BPro*+BVor*+Beff*+BLim*+BSch*);Uitkomst van activa min kortlopende schulden;jenv-bw2-i_OutcomeAssetsLessLiabilitiesCurrent;jenv-bw2-dm:CommercialMember;jenv-bw2-dm:SeparateMember
=GROUP(BIva*-BIva??????Beg);Mutatie van immateriële vaste activa gedurende de periode;jenv-bw2-i_IntangibleAssetsMovement;jenv-bw2-dm:CommercialMember;jenv-bw2-dm:ConsolidatedMember;;;;;;jenv-bw2-dm:IntangibleAssetsMember
=GROUP(BIva*-BIva??????Beg);Mutatie van immateriële vaste activa gedurende de periode;jenv-bw2-i_IntangibleAssetsMovement;jenv-bw2-dm:CommercialMember;jenv-bw2-dm:SeparateMember;;;;;;jenv-bw2-dm:IntangibleAssetsMember
=GROUP(BIva???Cae*+BIva???Cuh*);Som der afschrijvingen en waardeverminderingen van immateriële vaste activa;jenv-bw2-i_IntangibleAssetsAccumulatedAmortisationImpairments;jenv-bw2-dm:CommercialMember;jenv-bw2-dm:ConsolidatedMember;;;;;;jenv-bw2-dm:IntangibleAssetsMember
=GROUP(BIva???Cae*+BIva???Cuh*);Som der afschrijvingen en waardeverminderingen van immateriële vaste activa;jenv-bw2-i_IntangibleAssetsAccumulatedAmortisationImpairments;jenv-bw2-dm:CommercialMember;jenv-bw2-dm:SeparateMember;;;;;;jenv-bw2-dm:IntangibleAssetsMember
=GROUP(BIva???Cuh*-BIva???CuhBeg)-BIvaGooCuhAvg;Herwaarderingen van immateriële vaste activa;jenv-bw2-i_IntangibleAssetsRevaluations;jenv-bw2-dm:CommercialMember;jenv-bw2-dm:ConsolidatedMember;;;;;;jenv-bw2-dm:IntangibleAssetsMember
=GROUP(BIva???Cuh*-BIva???CuhBeg)-BIvaGooCuhAvg;Herwaarderingen van immateriële vaste activa;jenv-bw2-i_IntangibleAssetsRevaluations;jenv-bw2-dm:CommercialMember;jenv-bw2-dm:SeparateMember;;;;;;jenv-bw2-dm:IntangibleAssetsMember
=GROUP(BIvaCev*-BIvaCev???Beg);Mutatie van immateriële vaste activa gedurende de periode;jenv-bw2-i_IntangibleAssetsMovement;jenv-bw2-dm:CommercialMember;jenv-bw2-dm:ConsolidatedMember;;;;;;jenv-bw2-dm:PatentsTrademarksOtherRightsMember
=GROUP(BIvaCev*-BIvaCev???Beg);Mutatie van immateriële vaste activa gedurende de periode;jenv-bw2-i_IntangibleAssetsMovement;jenv-bw2-dm:CommercialMember;jenv-bw2-dm:SeparateMember;;;;;;jenv-bw2-dm:PatentsTrademarksOtherRightsMember
=GROUP(BIvaCevCae*+BIvaCevCuh*);Som der afschrijvingen en waardeverminderingen van immateriële vaste activa;jenv-bw2-i_IntangibleAssetsAccumulatedAmortisationImpairments;jenv-bw2-dm:CommercialMember;jenv-bw2-dm:ConsolidatedMember;;;;;;jenv-bw2-dm:PatentsTrademarksOtherRightsMember
=GROUP(BIvaCevCae*+BIvaCevCuh*);Som der afschrijvingen en waardeverminderingen van immateriële vaste activa;jenv-bw2-i_IntangibleAssetsAccumulatedAmortisationImpairments;jenv-bw2-dm:CommercialMember;jenv-bw2-dm:SeparateMember;;;;;;jenv-bw2-dm:PatentsTrademarksOtherRightsMember
=GROUP(BIvaCevCuh*-BIvaCevCuhBeg);Herwaarderingen van immateriële vaste activa;jenv-bw2-i_IntangibleAssetsRevaluations;jenv-bw2-dm:CommercialMember;jenv-bw2-dm:ConsolidatedMember;;;;;;jenv-bw2-dm:PatentsTrademarksOtherRightsMember
=GROUP(BIvaCevCuh*-BIvaCevCuhBeg);Herwaarderingen van immateriële vaste activa;jenv-bw2-i_IntangibleAssetsRevaluations;jenv-bw2-dm:CommercialMember;jenv-bw2-dm:SeparateMember;;;;;;jenv-bw2-dm:PatentsTrademarksOtherRightsMember
=GROUP(BIvaGoo*-BIvaGoo???Beg);Mutatie van immateriële vaste activa gedurende de periode;jenv-bw2-i_IntangibleAssetsMovement;jenv-bw2-dm:CommercialMember;jenv-bw2-dm:ConsolidatedMember;;;;;;jenv-bw2-dm:GoodwillMember
=GROUP(BIvaGoo*-BIvaGoo???Beg);Mutatie van immateriële vaste activa gedurende de periode;jenv-bw2-i_IntangibleAssetsMovement;jenv-bw2-dm:CommercialMember;jenv-bw2-dm:SeparateMember;;;;;;jenv-bw2-dm:GoodwillMember
=GROUP(BIvaGooCae*+BIvaGooCuh*);Som der afschrijvingen en waardeverminderingen van immateriële vaste activa;jenv-bw2-i_IntangibleAssetsAccumulatedAmortisationImpairments;jenv-bw2-dm:CommercialMember;jenv-bw2-dm:ConsolidatedMember;;;;;;jenv-bw2-dm:GoodwillMember
=GROUP(BIvaGooCae*+BIvaGooCuh*);Som der afschrijvingen en waardeverminderingen van immateriële vaste activa;jenv-bw2-i_IntangibleAssetsAccumulatedAmortisationImpairments;jenv-bw2-dm:CommercialMember;jenv-bw2-dm:SeparateMember;;;;;;jenv-bw2-dm:GoodwillMember
=GROUP(BIvaGooCuh*-BIvaGooCuhBeg-BIvaGooCuhAvg);Herwaarderingen van immateriële vaste activa;jenv-bw2-i_IntangibleAssetsRevaluations;jenv-bw2-dm:CommercialMember;jenv-bw2-dm:ConsolidatedMember;;;;;;jenv-bw2-dm:GoodwillMember
=GROUP(BIvaGooCuh*-BIvaGooCuhBeg-BIvaGooCuhAvg);Herwaarderingen van immateriële vaste activa;jenv-bw2-i_IntangibleAssetsRevaluations;jenv-bw2-dm:CommercialMember;jenv-bw2-dm:SeparateMember;;;;;;jenv-bw2-dm:GoodwillMember
=GROUP(BIvaKoo*-BIvaKoo???Beg);Mutatie van immateriële vaste activa gedurende de periode;jenv-bw2-i_IntangibleAssetsMovement;jenv-bw2-dm:CommercialMember;jenv-bw2-dm:ConsolidatedMember;;;;;;jenv-bw2-dm:DevelopmentCostsMember
=GROUP(BIvaKoo*-BIvaKoo???Beg);Mutatie van immateriële vaste activa gedurende de periode;jenv-bw2-i_IntangibleAssetsMovement;jenv-bw2-dm:CommercialMember;jenv-bw2-dm:SeparateMember;;;;;;jenv-bw2-dm:DevelopmentCostsMember
=GROUP(BIvaKooCae*+BIvaKooCuh*);Som der afschrijvingen en waardeverminderingen van immateriële vaste activa;jenv-bw2-i_IntangibleAssetsAccumulatedAmortisationImpairments;jenv-bw2-dm:CommercialMember;jenv-bw2-dm:ConsolidatedMember;;;;;;jenv-bw2-dm:DevelopmentCostsMember
=GROUP(BIvaKooCae*+BIvaKooCuh*);Som der afschrijvingen en waardeverminderingen van immateriële vaste activa;jenv-bw2-i_IntangibleAssetsAccumulatedAmortisationImpairments;jenv-bw2-dm:CommercialMember;jenv-bw2-dm:SeparateMember;;;;;;jenv-bw2-dm:DevelopmentCostsMember
=GROUP(BIvaKooCuh*-BIvaKooCuhBeg);Herwaarderingen van immateriële vaste activa;jenv-bw2-i_IntangibleAssetsRevaluations;jenv-bw2-dm:CommercialMember;jenv-bw2-dm:ConsolidatedMember;;;;;;jenv-bw2-dm:DevelopmentCostsMember
=GROUP(BIvaKooCuh*-BIvaKooCuhBeg);Herwaarderingen van immateriële vaste activa;jenv-bw2-i_IntangibleAssetsRevaluations;jenv-bw2-dm:CommercialMember;jenv-bw2-dm:SeparateMember;;;;;;jenv-bw2-dm:DevelopmentCostsMember
=GROUP(BIvaKou*-BIvaKou???Beg);Mutatie van immateriële vaste activa gedurende de periode;jenv-bw2-i_IntangibleAssetsMovement;jenv-bw2-dm:CommercialMember;jenv-bw2-dm:ConsolidatedMember;;;;;;jenv-bw2-dm:CostsIncorporationShareIssueMember
=GROUP(BIvaKou*-BIvaKou???Beg);Mutatie van immateriële vaste activa gedurende de periode;jenv-bw2-i_IntangibleAssetsMovement;jenv-bw2-dm:CommercialMember;jenv-bw2-dm:SeparateMember;;;;;;jenv-bw2-dm:CostsIncorporationShareIssueMember
=GROUP(BIvaKouCae*+BIvaKouCuh*);Som der afschrijvingen en waardeverminderingen van immateriële vaste activa;jenv-bw2-i_IntangibleAssetsAccumulatedAmortisationImpairments;jenv-bw2-dm:CommercialMember;jenv-bw2-dm:ConsolidatedMember;;;;;;jenv-bw2-dm:CostsIncorporationShareIssueMember
=GROUP(BIvaKouCae*+BIvaKouCuh*);Som der afschrijvingen en waardeverminderingen van immateriële vaste activa;jenv-bw2-i_IntangibleAssetsAccumulatedAmortisationImpairments;jenv-bw2-dm:CommercialMember;jenv-bw2-dm:SeparateMember;;;;;;jenv-bw2-dm:CostsIncorporationShareIssueMember
=GROUP(BIvaKouCuh*-BIvaKouCuhBeg);Herwaarderingen van immateriële vaste activa;jenv-bw2-i_IntangibleAssetsRevaluations;jenv-bw2-dm:CommercialMember;jenv-bw2-dm:ConsolidatedMember;;;;;;jenv-bw2-dm:CostsIncorporationShareIssueMember
=GROUP(BIvaKouCuh*-BIvaKouCuhBeg);Herwaarderingen van immateriële vaste activa;jenv-bw2-i_IntangibleAssetsRevaluations;jenv-bw2-dm:CommercialMember;jenv-bw2-dm:SeparateMember;;;;;;jenv-bw2-dm:CostsIncorporationShareIssueMember
=GROUP(BIvaOiv*+BIvaBou*);Overige immateriële vaste activa;rj-i_IntangibleAssetsOther;jenv-bw2-dm:CommercialMember;jenv-bw2-dm:ConsolidatedMember
=GROUP(BIvaOiv*+BIvaBou*);Overige immateriële vaste activa;rj-i_IntangibleAssetsOther;jenv-bw2-dm:CommercialMember;jenv-bw2-dm:SeparateMember
=GROUP(BIvaOiv*+BIvaBou*);Immateriële vaste activa;jenv-bw2-i_IntangibleAssets;jenv-bw2-dm:CommercialMember;jenv-bw2-dm:ConsolidatedMember;;;;;;rj-dm:IntangibleAssetsOtherMember
=GROUP(BIvaOiv*+BIvaBou*);Immateriële vaste activa;jenv-bw2-i_IntangibleAssets;jenv-bw2-dm:CommercialMember;jenv-bw2-dm:SeparateMember;;;;;;rj-dm:IntangibleAssetsOtherMember
=GROUP(BIvaOiv*-BIvaOiv???Beg+BIvaBou*-BIvaBou???Beg);Mutatie van immateriële vaste activa gedurende de periode;jenv-bw2-i_IntangibleAssetsMovement;jenv-bw2-dm:CommercialMember;jenv-bw2-dm:ConsolidatedMember;;;;;;rj-dm:IntangibleAssetsOtherMember
=GROUP(BIvaOiv*-BIvaOiv???Beg+BIvaBou*-BIvaBou???Beg);Mutatie van immateriële vaste activa gedurende de periode;jenv-bw2-i_IntangibleAssetsMovement;jenv-bw2-dm:CommercialMember;jenv-bw2-dm:SeparateMember;;;;;;rj-dm:IntangibleAssetsOtherMember
=GROUP(BIvaOiv???Ado+BIvaBou???Ado);Bij overname verkregen immateriële vaste activa;rj-i_IntangibleAssetsAdditionsThroughAcquisitions;jenv-bw2-dm:CommercialMember;jenv-bw2-dm:ConsolidatedMember;;;;;;rj-dm:IntangibleAssetsOtherMember
=GROUP(BIvaOiv???Ado+BIvaBou???Ado);Bij overname verkregen immateriële vaste activa;rj-i_IntangibleAssetsAdditionsThroughAcquisitions;jenv-bw2-dm:CommercialMember;jenv-bw2-dm:SeparateMember;;;;;;rj-dm:IntangibleAssetsOtherMember
=GROUP(BIvaOiv???Dca+BIvaBou???Dca);Afschrijving op desinvesteringen van immateriële vaste activa;jenv-bw2-i_IntangibleAssetsDisposalsAmortisation;jenv-bw2-dm:CommercialMember;jenv-bw2-dm:ConsolidatedMember;;;;;;rj-dm:IntangibleAssetsOtherMember
=GROUP(BIvaOiv???Dca+BIvaBou???Dca);Afschrijving op desinvesteringen van immateriële vaste activa;jenv-bw2-i_IntangibleAssetsDisposalsAmortisation;jenv-bw2-dm:CommercialMember;jenv-bw2-dm:SeparateMember;;;;;;rj-dm:IntangibleAssetsOtherMember
=GROUP(BIvaOiv???Dda+BIvaBou???Dda);Buitengebruikstellingen en afstotingen van immateriële vaste activa;rj-i_IntangibleAssetsDivestitures;jenv-bw2-dm:CommercialMember;jenv-bw2-dm:ConsolidatedMember;;;;;;rj-dm:IntangibleAssetsOtherMember
=GROUP(BIvaOiv???Dda+BIvaBou???Dda);Buitengebruikstellingen en afstotingen van immateriële vaste activa;rj-i_IntangibleAssetsDivestitures;jenv-bw2-dm:CommercialMember;jenv-bw2-dm:SeparateMember;;;;;;rj-dm:IntangibleAssetsOtherMember
=GROUP(BIvaOiv???Des+BIvaBou???Des);Som van de boekwaarden der immateriële vaste activa waarover de rechtspersoon aan het einde van het boekjaar niet meer beschikt;jenv-bw2-i_IntangibleAssetsDisposals;jenv-bw2-dm:CommercialMember;jenv-bw2-dm:ConsolidatedMember;;;;;;rj-dm:IntangibleAssetsOtherMember
=GROUP(BIvaOiv???Des+BIvaBou???Des);Som van de boekwaarden der immateriële vaste activa waarover de rechtspersoon aan het einde van het boekjaar niet meer beschikt;jenv-bw2-i_IntangibleAssetsDisposals;jenv-bw2-dm:CommercialMember;jenv-bw2-dm:SeparateMember;;;;;;rj-dm:IntangibleAssetsOtherMember
=GROUP(BIvaOiv???Inv+BIvaBou???Inv);Som van de waarden waartegen de in het boekjaar verkregen immateriële vaste activa zijn te boek gesteld;jenv-bw2-i_IntangibleAssetsAdditions;jenv-bw2-dm:CommercialMember;jenv-bw2-dm:ConsolidatedMember;;;;;;rj-dm:IntangibleAssetsOtherMember
=GROUP(BIvaOiv???Inv+BIvaBou???Inv);Som van de waarden waartegen de in het boekjaar verkregen immateriële vaste activa zijn te boek gesteld;jenv-bw2-i_IntangibleAssetsAdditions;jenv-bw2-dm:CommercialMember;jenv-bw2-dm:SeparateMember;;;;;;rj-dm:IntangibleAssetsOtherMember
=GROUP(BIvaOiv???Omv+BIvaBou???Omv);Omrekeningsverschillen van immateriële vaste activa;rj-i_IntangibleAssetsExchangeDifferences;jenv-bw2-dm:CommercialMember;jenv-bw2-dm:ConsolidatedMember;;;;;;rj-dm:IntangibleAssetsOtherMember
=GROUP(BIvaOiv???Omv+BIvaBou???Omv);Omrekeningsverschillen van immateriële vaste activa;rj-i_IntangibleAssetsExchangeDifferences;jenv-bw2-dm:CommercialMember;jenv-bw2-dm:SeparateMember;;;;;;rj-dm:IntangibleAssetsOtherMember
=GROUP(BIvaOiv???Ovm+BIvaBou???Ovm);Overige mutaties van immateriële vaste activa;rj-i_IntangibleAssetsMovementsOther;jenv-bw2-dm:CommercialMember;jenv-bw2-dm:ConsolidatedMember;;;;;;rj-dm:IntangibleAssetsOtherMember
=GROUP(BIvaOiv???Ovm+BIvaBou???Ovm);Overige mutaties van immateriële vaste activa;rj-i_IntangibleAssetsMovementsOther;jenv-bw2-dm:CommercialMember;jenv-bw2-dm:SeparateMember;;;;;;rj-dm:IntangibleAssetsOtherMember
=GROUP(BIvaOivAkp*+BIvaBouAkp*);Actuele kostprijs van immateriële vaste activa;rj-i_IntangibleAssetsActualCostPrice;jenv-bw2-dm:CommercialMember;jenv-bw2-dm:ConsolidatedMember;;;;;;rj-dm:IntangibleAssetsOtherMember
=GROUP(BIvaOivAkp*+BIvaBouAkp*);Actuele kostprijs van immateriële vaste activa;rj-i_IntangibleAssetsActualCostPrice;jenv-bw2-dm:CommercialMember;jenv-bw2-dm:SeparateMember;;;;;;rj-dm:IntangibleAssetsOtherMember
=GROUP(BIvaOivCae*+BIvaOivCuh*+BIvaBouCae*+BIvaBouCuh*);Som der afschrijvingen en waardeverminderingen van immateriële vaste activa;jenv-bw2-i_IntangibleAssetsAccumulatedAmortisationImpairments;jenv-bw2-dm:CommercialMember;jenv-bw2-dm:ConsolidatedMember;;;;;;rj-dm:IntangibleAssetsOtherMember
=GROUP(BIvaOivCae*+BIvaOivCuh*+BIvaBouCae*+BIvaBouCuh*);Som der afschrijvingen en waardeverminderingen van immateriële vaste activa;jenv-bw2-i_IntangibleAssetsAccumulatedAmortisationImpairments;jenv-bw2-dm:CommercialMember;jenv-bw2-dm:SeparateMember;;;;;;rj-dm:IntangibleAssetsOtherMember
=GROUP(BIvaOivCaeAfs+BIvaBouCaeAfs);Afschrijvingen van immateriële vaste activa;jenv-bw2-i_IntangibleAssetsAmortisation;jenv-bw2-dm:CommercialMember;jenv-bw2-dm:ConsolidatedMember;;;;;;rj-dm:IntangibleAssetsOtherMember
=GROUP(BIvaOivCaeAfs+BIvaBouCaeAfs);Afschrijvingen van immateriële vaste activa;jenv-bw2-i_IntangibleAssetsAmortisation;jenv-bw2-dm:CommercialMember;jenv-bw2-dm:SeparateMember;;;;;;rj-dm:IntangibleAssetsOtherMember
=GROUP(BIvaOivCaeTvw+BIvaBouCaeTvw);Terugneming van waardeverminderingen van immateriële vaste activa;jenv-bw2-i_IntangibleAssetsImpairmentReversal;jenv-bw2-dm:CommercialMember;jenv-bw2-dm:ConsolidatedMember;;;;;;rj-dm:IntangibleAssetsOtherMember
=GROUP(BIvaOivCaeTvw+BIvaBouCaeTvw);Terugneming van waardeverminderingen van immateriële vaste activa;jenv-bw2-i_IntangibleAssetsImpairmentReversal;jenv-bw2-dm:CommercialMember;jenv-bw2-dm:SeparateMember;;;;;;rj-dm:IntangibleAssetsOtherMember
=GROUP(BIvaOivCaeWvr+BIvaBouCaeWvr);Waardeverminderingen van immateriële vaste activa;jenv-bw2-i_IntangibleAssetsImpairment;jenv-bw2-dm:CommercialMember;jenv-bw2-dm:ConsolidatedMember;;;;;;rj-dm:IntangibleAssetsOtherMember
=GROUP(BIvaOivCaeWvr+BIvaBouCaeWvr);Waardeverminderingen van immateriële vaste activa;jenv-bw2-i_IntangibleAssetsImpairment;jenv-bw2-dm:CommercialMember;jenv-bw2-dm:SeparateMember;;;;;;rj-dm:IntangibleAssetsOtherMember
=GROUP(BIvaOivCuh*+BIvaBouCuh*);Som der herwaarderingen die betrekking hebben op de immateriële vaste activa;jenv-bw2-i_IntangibleAssetsAccumulatedRevaluations;jenv-bw2-dm:CommercialMember;jenv-bw2-dm:ConsolidatedMember;;;;;;rj-dm:IntangibleAssetsOtherMember
=GROUP(BIvaOivCuh*+BIvaBouCuh*);Som der herwaarderingen die betrekking hebben op de immateriële vaste activa;jenv-bw2-i_IntangibleAssetsAccumulatedRevaluations;jenv-bw2-dm:CommercialMember;jenv-bw2-dm:SeparateMember;;;;;;rj-dm:IntangibleAssetsOtherMember
=GROUP(BIvaOivCuh*-BIvaOivCuhBeg+BIvaBouCuh*-BIvaBouCuhBeg);Herwaarderingen van immateriële vaste activa;jenv-bw2-i_IntangibleAssetsRevaluations;jenv-bw2-dm:CommercialMember;jenv-bw2-dm:ConsolidatedMember;;;;;;rj-dm:IntangibleAssetsOtherMember
=GROUP(BIvaOivCuh*-BIvaOivCuhBeg+BIvaBouCuh*-BIvaBouCuhBeg);Herwaarderingen van immateriële vaste activa;jenv-bw2-i_IntangibleAssetsRevaluations;jenv-bw2-dm:CommercialMember;jenv-bw2-dm:SeparateMember;;;;;;rj-dm:IntangibleAssetsOtherMember
=GROUP(BIvaOivVvp*+BIvaBouVvp*);Historische kostprijs van immateriële vaste activa;rj-i_IntangibleAssetsCostPrice;jenv-bw2-dm:CommercialMember;jenv-bw2-dm:ConsolidatedMember;;;;;;rj-dm:IntangibleAssetsOtherMember
=GROUP(BIvaOivVvp*+BIvaBouVvp*);Historische kostprijs van immateriële vaste activa;rj-i_IntangibleAssetsCostPrice;jenv-bw2-dm:CommercialMember;jenv-bw2-dm:SeparateMember;;;;;;rj-dm:IntangibleAssetsOtherMember
=GROUP(BIvaVoi*-BIvaVoi???Beg);Mutatie van immateriële vaste activa gedurende de periode;jenv-bw2-i_IntangibleAssetsMovement;jenv-bw2-dm:CommercialMember;jenv-bw2-dm:ConsolidatedMember;;;;;;jenv-bw2-dm:PrepaymentsIntangibleAssetsMember
=GROUP(BIvaVoi*-BIvaVoi???Beg);Mutatie van immateriële vaste activa gedurende de periode;jenv-bw2-i_IntangibleAssetsMovement;jenv-bw2-dm:CommercialMember;jenv-bw2-dm:SeparateMember;;;;;;jenv-bw2-dm:PrepaymentsIntangibleAssetsMember
=GROUP(BIvaVoiCae*+BIvaVoiCuh*);Som der afschrijvingen en waardeverminderingen van immateriële vaste activa;jenv-bw2-i_IntangibleAssetsAccumulatedAmortisationImpairments;jenv-bw2-dm:CommercialMember;jenv-bw2-dm:ConsolidatedMember;;;;;;jenv-bw2-dm:PrepaymentsIntangibleAssetsMember
=GROUP(BIvaVoiCae*+BIvaVoiCuh*);Som der afschrijvingen en waardeverminderingen van immateriële vaste activa;jenv-bw2-i_IntangibleAssetsAccumulatedAmortisationImpairments;jenv-bw2-dm:CommercialMember;jenv-bw2-dm:SeparateMember;;;;;;jenv-bw2-dm:PrepaymentsIntangibleAssetsMember
=GROUP(BIvaVoiCuh*-BIvaVoiCuhBeg);Herwaarderingen van immateriële vaste activa;jenv-bw2-i_IntangibleAssetsRevaluations;jenv-bw2-dm:CommercialMember;jenv-bw2-dm:ConsolidatedMember;;;;;;jenv-bw2-dm:PrepaymentsIntangibleAssetsMember
=GROUP(BIvaVoiCuh*-BIvaVoiCuhBeg);Herwaarderingen van immateriële vaste activa;jenv-bw2-i_IntangibleAssetsRevaluations;jenv-bw2-dm:CommercialMember;jenv-bw2-dm:SeparateMember;;;;;;jenv-bw2-dm:PrepaymentsIntangibleAssetsMember
=GROUP(BLas*-BLas??????Beg);Mutatie van langlopende schulden gedurende de periode;rj-i_LiabilitiesNoncurrentMovement;jenv-bw2-dm:CommercialMember;jenv-bw2-dm:ConsolidatedMember;;jenv-bw2-dm:LiabilitiesNoncurrentMember
=GROUP(BLas*-BLas??????Beg);Mutatie van langlopende schulden gedurende de periode;rj-i_LiabilitiesNoncurrentMovement;jenv-bw2-dm:CommercialMember;jenv-bw2-dm:SeparateMember;;jenv-bw2-dm:LiabilitiesNoncurrentMember
=GROUP(BLas??????Afl+BLas??????Ter+Blas??????Mvl+BLasOdvOdvAvs+BLasNegCbdTgv+BLasNegCbdVtg+BLasVhzVhzVer);Aflossingen van langlopende schulden;rj-i_LiabilitiesNoncurrentRepayments;jenv-bw2-dm:CommercialMember;jenv-bw2-dm:ConsolidatedMember;;jenv-bw2-dm:LiabilitiesNoncurrentMember
=GROUP(BLas??????Afl+BLas??????Ter+Blas??????Mvl+BLasOdvOdvAvs+BLasNegCbdTgv+BLasNegCbdVtg+BLasVhzVhzVer);Aflossingen van langlopende schulden;rj-i_LiabilitiesNoncurrentRepayments;jenv-bw2-dm:CommercialMember;jenv-bw2-dm:SeparateMember;;jenv-bw2-dm:LiabilitiesNoncurrentMember
=GROUP(BLas??????Avs+BLasNegBrwAga);Bij afstoting vervreemde langlopende schulden;rj-i_LiabilitiesNoncurrentDebtsDisposedOnDisposal;jenv-bw2-dm:CommercialMember;jenv-bw2-dm:ConsolidatedMember;;jenv-bw2-dm:LiabilitiesNoncurrentMember
=GROUP(BLas??????Avs+BLasNegBrwAga);Bij afstoting vervreemde langlopende schulden;rj-i_LiabilitiesNoncurrentDebtsDisposedOnDisposal;jenv-bw2-dm:CommercialMember;jenv-bw2-dm:SeparateMember;;jenv-bw2-dm:LiabilitiesNoncurrentMember
=GROUP(BLas??????Omv+BLas??????Omr);Verschillen uit omrekening vreemde valuta van langlopende schulden;rj-i_LiabilitiesNoncurrentExchangeRateChanges;jenv-bw2-dm:CommercialMember;jenv-bw2-dm:ConsolidatedMember;;jenv-bw2-dm:LiabilitiesNoncurrentMember
=GROUP(BLas??????Omv+BLas??????Omr);Verschillen uit omrekening vreemde valuta van langlopende schulden;rj-i_LiabilitiesNoncurrentExchangeRateChanges;jenv-bw2-dm:CommercialMember;jenv-bw2-dm:SeparateMember;;jenv-bw2-dm:LiabilitiesNoncurrentMember
=GROUP(BLas??????Owv+BLas??????Ovm+BLasNegBrwAag+BLasVhzVhzWaa+BLasVhzVhzAfw+BLasVhzVhzOve);Overige waardeveranderingen van langlopende schulden;rj-i_LiabilitiesNoncurrentMovementOther;jenv-bw2-dm:CommercialMember;jenv-bw2-dm:ConsolidatedMember;;jenv-bw2-dm:LiabilitiesNoncurrentMember
=GROUP(BLas??????Owv+BLas??????Ovm+BLasNegBrwAag+BLasVhzVhzWaa+BLasVhzVhzAfw+BLasVhzVhzOve);Overige waardeveranderingen van langlopende schulden;rj-i_LiabilitiesNoncurrentMovementOther;jenv-bw2-dm:CommercialMember;jenv-bw2-dm:SeparateMember;;jenv-bw2-dm:LiabilitiesNoncurrentMember
=GROUP(BLas??????Toe+BLas??????Aao+BLas??????Aan);Nieuwe financiering van langlopende schulden;rj-i_LiabilitiesNoncurrentNewFinancing;jenv-bw2-dm:CommercialMember;jenv-bw2-dm:ConsolidatedMember;;jenv-bw2-dm:LiabilitiesNoncurrentMember
=GROUP(BLas??????Toe+BLas??????Aao+BLas??????Aan);Nieuwe financiering van langlopende schulden;rj-i_LiabilitiesNoncurrentNewFinancing;jenv-bw2-dm:CommercialMember;jenv-bw2-dm:SeparateMember;;jenv-bw2-dm:LiabilitiesNoncurrentMember
=GROUP(BLasAoe*+BLasAcl*);Langlopende obligatieleningen, pandbrieven en andere leningen;jenv-bw2-i_DebenturesOtherPrivateLoansNoncurrent;jenv-bw2-dm:CommercialMember;jenv-bw2-dm:ConsolidatedMember
=GROUP(BLasAoe*+BLasAcl*);Langlopende schulden;jenv-bw2-i_LiabilitiesNoncurrent;jenv-bw2-dm:CommercialMember;jenv-bw2-dm:ConsolidatedMember;;jenv-bw2-dm:DebenturesOtherPrivateLoansNoncurrentMember
=GROUP(BLasAoe*+BLasAcl*);Langlopende obligatieleningen, pandbrieven en andere leningen;jenv-bw2-i_DebenturesOtherPrivateLoansNoncurrent;jenv-bw2-dm:CommercialMember;jenv-bw2-dm:SeparateMember
=GROUP(BLasAoe*+BLasAcl*);Langlopende schulden;jenv-bw2-i_LiabilitiesNoncurrent;jenv-bw2-dm:CommercialMember;jenv-bw2-dm:SeparateMember;;jenv-bw2-dm:DebenturesOtherPrivateLoansNoncurrentMember
=GROUP(BLasAoe*-BLasAoe???Beg+BLasAcl*-BLasAcl???Beg);Mutatie van langlopende schulden gedurende de periode;rj-i_LiabilitiesNoncurrentMovement;jenv-bw2-dm:CommercialMember;jenv-bw2-dm:ConsolidatedMember;;jenv-bw2-dm:DebenturesOtherPrivateLoansNoncurrentMember
=GROUP(BLasAoe*-BLasAoe???Beg+BLasAcl*-BLasAcl???Beg);Mutatie van langlopende schulden gedurende de periode;rj-i_LiabilitiesNoncurrentMovement;jenv-bw2-dm:CommercialMember;jenv-bw2-dm:SeparateMember;;jenv-bw2-dm:DebenturesOtherPrivateLoansNoncurrentMember
=GROUP(BLasAoeAolAvs+BLasAclAllAvs);Bij afstoting vervreemde langlopende schulden;rj-i_LiabilitiesNoncurrentDebtsDisposedOnDisposal;jenv-bw2-dm:CommercialMember;jenv-bw2-dm:ConsolidatedMember;;jenv-bw2-dm:DebenturesOtherPrivateLoansNoncurrentMember
=GROUP(BLasAoeAolAvs+BLasAclAllAvs);Bij afstoting vervreemde langlopende schulden;rj-i_LiabilitiesNoncurrentDebtsDisposedOnDisposal;jenv-bw2-dm:CommercialMember;jenv-bw2-dm:SeparateMember;;jenv-bw2-dm:DebenturesOtherPrivateLoansNoncurrentMember
=GROUP(BLasAoeAolBir+BLasAclAllBir);Oprenting/amortisatie van langlopende schulden;rj-i_LiabilitiesNoncurrentImpositionAmortization;jenv-bw2-dm:CommercialMember;jenv-bw2-dm:ConsolidatedMember;;jenv-bw2-dm:DebenturesOtherPrivateLoansNoncurrentMember
=GROUP(BLasAoeAolBir+BLasAclAllBir);Oprenting/amortisatie van langlopende schulden;rj-i_LiabilitiesNoncurrentImpositionAmortization;jenv-bw2-dm:CommercialMember;jenv-bw2-dm:SeparateMember;;jenv-bw2-dm:DebenturesOtherPrivateLoansNoncurrentMember
=GROUP(BLasAoeAolOmv+BLasAclAllOmv);Verschillen uit omrekening vreemde valuta van langlopende schulden;rj-i_LiabilitiesNoncurrentExchangeRateChanges;jenv-bw2-dm:CommercialMember;jenv-bw2-dm:ConsolidatedMember;;jenv-bw2-dm:DebenturesOtherPrivateLoansNoncurrentMember
=GROUP(BLasAoeAolOmv+BLasAclAllOmv);Verschillen uit omrekening vreemde valuta van langlopende schulden;rj-i_LiabilitiesNoncurrentExchangeRateChanges;jenv-bw2-dm:CommercialMember;jenv-bw2-dm:SeparateMember;;jenv-bw2-dm:DebenturesOtherPrivateLoansNoncurrentMember
=GROUP(BLasAoeAolOvs+BLasAclAllOvs);Bij overname verkregen langlopende schulden;rj-i_LiabilitiesNoncurrentDebtsAcquiredOnTakeover;jenv-bw2-dm:CommercialMember;jenv-bw2-dm:ConsolidatedMember;;jenv-bw2-dm:DebenturesOtherPrivateLoansNoncurrentMember
=GROUP(BLasAoeAolOvs+BLasAclAllOvs);Bij overname verkregen langlopende schulden;rj-i_LiabilitiesNoncurrentDebtsAcquiredOnTakeover;jenv-bw2-dm:CommercialMember;jenv-bw2-dm:SeparateMember;;jenv-bw2-dm:DebenturesOtherPrivateLoansNoncurrentMember
=GROUP(BLasAoeAolOwv+BLasAoeAolOvm+BLasAclAllOwv+BLasAclAllOvm);Overige waardeveranderingen van langlopende schulden;rj-i_LiabilitiesNoncurrentMovementOther;jenv-bw2-dm:CommercialMember;jenv-bw2-dm:ConsolidatedMember;;jenv-bw2-dm:DebenturesOtherPrivateLoansNoncurrentMember
=GROUP(BLasAoeAolOwv+BLasAoeAolOvm+BLasAclAllOwv+BLasAclAllOvm);Overige waardeveranderingen van langlopende schulden;rj-i_LiabilitiesNoncurrentMovementOther;jenv-bw2-dm:CommercialMember;jenv-bw2-dm:SeparateMember;;jenv-bw2-dm:DebenturesOtherPrivateLoansNoncurrentMember
=GROUP(BLasAoeAolToe+BLasAclAllToe);Nieuwe financiering van langlopende schulden;rj-i_LiabilitiesNoncurrentNewFinancing;jenv-bw2-dm:CommercialMember;jenv-bw2-dm:ConsolidatedMember;;jenv-bw2-dm:DebenturesOtherPrivateLoansNoncurrentMember
=GROUP(BLasAoeAolToe+BLasAclAllToe);Nieuwe financiering van langlopende schulden;rj-i_LiabilitiesNoncurrentNewFinancing;jenv-bw2-dm:CommercialMember;jenv-bw2-dm:SeparateMember;;jenv-bw2-dm:DebenturesOtherPrivateLoansNoncurrentMember
=GROUP(BLasAoeClaAfl+BLasAclClaAfl);Aflossingen van langlopende schulden;rj-i_LiabilitiesNoncurrentRepayments;jenv-bw2-dm:CommercialMember;jenv-bw2-dm:ConsolidatedMember;;jenv-bw2-dm:DebenturesOtherPrivateLoansNoncurrentMember
=GROUP(BLasAoeClaAfl+BLasAclClaAfl);Aflossingen van langlopende schulden;rj-i_LiabilitiesNoncurrentRepayments;jenv-bw2-dm:CommercialMember;jenv-bw2-dm:SeparateMember;;jenv-bw2-dm:DebenturesOtherPrivateLoansNoncurrentMember
=GROUP(BLasAoeClaAvp+BLasAclClaAvp);Overboeking naar kortlopende schulden;rj-cp-i_LiabilitiesNoncurrentTransferToLiabilitiesCurrent;jenv-bw2-dm:CommercialMember;jenv-bw2-dm:ConsolidatedMember;;jenv-bw2-dm:DebenturesOtherPrivateLoansNoncurrentMember
=GROUP(BLasAoeClaAvp+BLasAclClaAvp);Overboeking naar kortlopende schulden;rj-cp-i_LiabilitiesNoncurrentTransferToLiabilitiesCurrent;jenv-bw2-dm:CommercialMember;jenv-bw2-dm:SeparateMember;;jenv-bw2-dm:DebenturesOtherPrivateLoansNoncurrentMember
=GROUP(BLasBep*-BLasBep???Beg);Mutatie van langlopende schulden gedurende de periode;rj-i_LiabilitiesNoncurrentMovement;jenv-bw2-dm:CommercialMember;jenv-bw2-dm:ConsolidatedMember;;jenv-bw2-dm:TaxesSocialSecurityContributionsPayableNoncurrentMember
=GROUP(BLasBep*-BLasBep???Beg);Mutatie van langlopende schulden gedurende de periode;rj-i_LiabilitiesNoncurrentMovement;jenv-bw2-dm:CommercialMember;jenv-bw2-dm:SeparateMember;;jenv-bw2-dm:TaxesSocialSecurityContributionsPayableNoncurrentMember
=GROUP(BLasCol*-BLasCol???Beg);Mutatie van langlopende schulden gedurende de periode;rj-i_LiabilitiesNoncurrentMovement;jenv-bw2-dm:CommercialMember;jenv-bw2-dm:ConsolidatedMember;;jenv-bw2-dm:ConvertibleBorrowingsNoncurrentMember
=GROUP(BLasCol*-BLasCol???Beg);Mutatie van langlopende schulden gedurende de periode;rj-i_LiabilitiesNoncurrentMovement;jenv-bw2-dm:CommercialMember;jenv-bw2-dm:SeparateMember;;jenv-bw2-dm:ConvertibleBorrowingsNoncurrentMember
=GROUP(BLasColCllOwv+BLasColCllOvm);Overige waardeveranderingen van langlopende schulden;rj-i_LiabilitiesNoncurrentMovementOther;jenv-bw2-dm:CommercialMember;jenv-bw2-dm:ConsolidatedMember;;jenv-bw2-dm:ConvertibleBorrowingsNoncurrentMember
=GROUP(BLasColCllOwv+BLasColCllOvm);Overige waardeveranderingen van langlopende schulden;rj-i_LiabilitiesNoncurrentMovementOther;jenv-bw2-dm:CommercialMember;jenv-bw2-dm:SeparateMember;;jenv-bw2-dm:ConvertibleBorrowingsNoncurrentMember
=GROUP(BLasFlv*-BLasFlv???Beg);Mutatie van langlopende schulden gedurende de periode;rj-i_LiabilitiesNoncurrentMovement;jenv-bw2-dm:CommercialMember;jenv-bw2-dm:ConsolidatedMember;;rj-dm:FinanceLeaseLiabilitiesMember
=GROUP(BLasFlv*-BLasFlv???Beg);Mutatie van langlopende schulden gedurende de periode;rj-i_LiabilitiesNoncurrentMovement;jenv-bw2-dm:CommercialMember;jenv-bw2-dm:SeparateMember;;rj-dm:FinanceLeaseLiabilitiesMember
=GROUP(BLasFlvFlvOwv+BLasFlvFlvOvm);Overige waardeveranderingen van langlopende schulden;rj-i_LiabilitiesNoncurrentMovementOther;jenv-bw2-dm:CommercialMember;jenv-bw2-dm:ConsolidatedMember;;rj-dm:FinanceLeaseLiabilitiesMember
=GROUP(BLasFlvFlvOwv+BLasFlvFlvOvm);Overige waardeveranderingen van langlopende schulden;rj-i_LiabilitiesNoncurrentMovementOther;jenv-bw2-dm:CommercialMember;jenv-bw2-dm:SeparateMember;;rj-dm:FinanceLeaseLiabilitiesMember
=GROUP(BLasNeg*-BLasNeg???Beg);Mutatie van langlopende schulden gedurende de periode;rj-i_LiabilitiesNoncurrentMovement;jenv-bw2-dm:CommercialMember;jenv-bw2-dm:ConsolidatedMember;;rj-dm:NegativeGoodwillMember
=GROUP(BLasNeg*-BLasNeg???Beg);Mutatie van negatieve goodwill gedurende de periode;rj-i_NegativeGoodwillMovement;jenv-bw2-dm:CommercialMember;jenv-bw2-dm:ConsolidatedMember;;;rj-dm:NegativeGoodwillMember
=GROUP(BLasNeg*-BLasNeg???Beg);Mutatie van langlopende schulden gedurende de periode;rj-i_LiabilitiesNoncurrentMovement;jenv-bw2-dm:CommercialMember;jenv-bw2-dm:SeparateMember;;rj-dm:NegativeGoodwillMember
=GROUP(BLasNeg*-BLasNeg???Beg);Mutatie van negatieve goodwill gedurende de periode;rj-i_NegativeGoodwillMovement;jenv-bw2-dm:CommercialMember;jenv-bw2-dm:SeparateMember;;;rj-dm:NegativeGoodwillMember
=GROUP(BLasNegBrwAag+BLasNegBrwOvm);Overige waardeveranderingen van langlopende schulden;rj-i_LiabilitiesNoncurrentMovementOther;jenv-bw2-dm:CommercialMember;jenv-bw2-dm:ConsolidatedMember;;rj-dm:NegativeGoodwillMember
=GROUP(BLasNegBrwAag+BLasNegBrwOvm);Overige waardeveranderingen van langlopende schulden;rj-i_LiabilitiesNoncurrentMovementOther;jenv-bw2-dm:CommercialMember;jenv-bw2-dm:SeparateMember;;rj-dm:NegativeGoodwillMember
=GROUP(BLasNegCbdTgv+BLasNegCbdVtg);Aflossingen van langlopende schulden;rj-i_LiabilitiesNoncurrentRepayments;jenv-bw2-dm:CommercialMember;jenv-bw2-dm:ConsolidatedMember;;rj-dm:NegativeGoodwillMember
=GROUP(BLasNegCbdTgv+BLasNegCbdVtg);Aflossingen van langlopende schulden;rj-i_LiabilitiesNoncurrentRepayments;jenv-bw2-dm:CommercialMember;jenv-bw2-dm:SeparateMember;;rj-dm:NegativeGoodwillMember
=GROUP(BLasOdv*-BLasOdv???Beg);Mutatie van langlopende schulden gedurende de periode;rj-i_LiabilitiesNoncurrentMovement;jenv-bw2-dm:CommercialMember;jenv-bw2-dm:ConsolidatedMember;;rj-dm:OldAgeObligationMember
=GROUP(BLasOdv*-BLasOdv???Beg);Mutatie van langlopende schulden gedurende de periode;rj-i_LiabilitiesNoncurrentMovement;jenv-bw2-dm:CommercialMember;jenv-bw2-dm:SeparateMember;;rj-dm:OldAgeObligationMember
=GROUP(BLasOls+BLasPar*+BLasSoh*+BLasVhz*);Langlopende overige schulden;jenv-bw2-i_PayablesOtherNoncurrent;jenv-bw2-dm:CommercialMember;jenv-bw2-dm:ConsolidatedMember
=GROUP(BLasOls+BLasPar*+BLasSoh*+BLasVhz*);Langlopende overige schulden;jenv-bw2-i_PayablesOtherNoncurrent;jenv-bw2-dm:CommercialMember;jenv-bw2-dm:SeparateMember
=GROUP(BLasOvp*-BLasOvp???Beg);Mutatie van langlopende schulden gedurende de periode;rj-i_LiabilitiesNoncurrentMovement;jenv-bw2-dm:CommercialMember;jenv-bw2-dm:ConsolidatedMember;;jenv-bw2-dm:AccrualsAndDeferredIncomeMember
=GROUP(BLasOvp*-BLasOvp???Beg);Mutatie van langlopende schulden gedurende de periode;rj-i_LiabilitiesNoncurrentMovement;jenv-bw2-dm:CommercialMember;jenv-bw2-dm:SeparateMember;;jenv-bw2-dm:AccrualsAndDeferredIncomeMember
=GROUP(BLasPar*+BLasOls*+BLasSoh*+BLasVhz*);Langlopende schulden;jenv-bw2-i_LiabilitiesNoncurrent;jenv-bw2-dm:CommercialMember;jenv-bw2-dm:ConsolidatedMember;;jenv-bw2-dm:PayablesOtherNoncurrentMember
=GROUP(BLasPar*+BLasOls*+BLasSoh*+BLasVhz*);Langlopende schulden;jenv-bw2-i_LiabilitiesNoncurrent;jenv-bw2-dm:CommercialMember;jenv-bw2-dm:SeparateMember;;jenv-bw2-dm:PayablesOtherNoncurrentMember
=GROUP(BLasPar*-BLasPar???Beg+BLasOls*-BLasOls???Beg+BLasSoh*-BLasSoh???Beg+BLasVhz*-BLasVhz???Beg);Mutatie van langlopende schulden gedurende de periode;rj-i_LiabilitiesNoncurrentMovement;jenv-bw2-dm:CommercialMember;jenv-bw2-dm:ConsolidatedMember;;jenv-bw2-dm:PayablesOtherNoncurrentMember
=GROUP(BLasPar*-BLasPar???Beg+BLasOls*-BLasOls???Beg+BLasSoh*-BLasSoh???Beg+BLasVhz*-BLasVhz???Beg);Mutatie van langlopende schulden gedurende de periode;rj-i_LiabilitiesNoncurrentMovement;jenv-bw2-dm:CommercialMember;jenv-bw2-dm:SeparateMember;;jenv-bw2-dm:PayablesOtherNoncurrentMember
=GROUP(BLasPar???Afl+BLasOls???Afl+BLasSoh???Afl+BLasVhzVhzVer);Aflossingen van langlopende schulden;rj-i_LiabilitiesNoncurrentRepayments;jenv-bw2-dm:CommercialMember;jenv-bw2-dm:ConsolidatedMember;;jenv-bw2-dm:PayablesOtherNoncurrentMember
=GROUP(BLasPar???Afl+BLasOls???Afl+BLasSoh???Afl+BLasVhzVhzVer);Aflossingen van langlopende schulden;rj-i_LiabilitiesNoncurrentRepayments;jenv-bw2-dm:CommercialMember;jenv-bw2-dm:SeparateMember;;jenv-bw2-dm:PayablesOtherNoncurrentMember
=GROUP(BLasPar???Avs+BLasSoh???Avs);Bij afstoting vervreemde langlopende schulden;rj-i_LiabilitiesNoncurrentDebtsDisposedOnDisposal;jenv-bw2-dm:CommercialMember;jenv-bw2-dm:ConsolidatedMember;;jenv-bw2-dm:PayablesOtherNoncurrentMember
=GROUP(BLasPar???Avs+BLasSoh???Avs);Bij afstoting vervreemde langlopende schulden;rj-i_LiabilitiesNoncurrentDebtsDisposedOnDisposal;jenv-bw2-dm:CommercialMember;jenv-bw2-dm:SeparateMember;;jenv-bw2-dm:PayablesOtherNoncurrentMember
=GROUP(BLasPar???Bir+BLasSoh???Bir);Oprenting/amortisatie van langlopende schulden;rj-i_LiabilitiesNoncurrentImpositionAmortization;jenv-bw2-dm:CommercialMember;jenv-bw2-dm:ConsolidatedMember;;jenv-bw2-dm:PayablesOtherNoncurrentMember
=GROUP(BLasPar???Bir+BLasSoh???Bir);Oprenting/amortisatie van langlopende schulden;rj-i_LiabilitiesNoncurrentImpositionAmortization;jenv-bw2-dm:CommercialMember;jenv-bw2-dm:SeparateMember;;jenv-bw2-dm:PayablesOtherNoncurrentMember
=GROUP(BLasPar???Omv+BLasSoh???Omv);Verschillen uit omrekening vreemde valuta van langlopende schulden;rj-i_LiabilitiesNoncurrentExchangeRateChanges;jenv-bw2-dm:CommercialMember;jenv-bw2-dm:ConsolidatedMember;;jenv-bw2-dm:PayablesOtherNoncurrentMember
=GROUP(BLasPar???Omv+BLasSoh???Omv);Verschillen uit omrekening vreemde valuta van langlopende schulden;rj-i_LiabilitiesNoncurrentExchangeRateChanges;jenv-bw2-dm:CommercialMember;jenv-bw2-dm:SeparateMember;;jenv-bw2-dm:PayablesOtherNoncurrentMember
=GROUP(BLasPar???Ovm+BLasPar???Owv+BLasOls???Ovm+BLasSoh???Owv+BLasSoh???Ovm+BLasVhzVhzWaa+BLasVhzVhzAfw+BLasVhzVhzOve);Overige waardeveranderingen van langlopende schulden;rj-i_LiabilitiesNoncurrentMovementOther;jenv-bw2-dm:CommercialMember;jenv-bw2-dm:ConsolidatedMember;;jenv-bw2-dm:PayablesOtherNoncurrentMember
=GROUP(BLasPar???Ovm+BLasPar???Owv+BLasOls???Ovm+BLasSoh???Owv+BLasSoh???Ovm+BLasVhzVhzWaa+BLasVhzVhzAfw+BLasVhzVhzOve);Overige waardeveranderingen van langlopende schulden;rj-i_LiabilitiesNoncurrentMovementOther;jenv-bw2-dm:CommercialMember;jenv-bw2-dm:SeparateMember;;jenv-bw2-dm:PayablesOtherNoncurrentMember
=GROUP(BLasPar???Ovs+BLasSoh???Ovs);Bij overname verkregen langlopende schulden;rj-i_LiabilitiesNoncurrentDebtsAcquiredOnTakeover;jenv-bw2-dm:CommercialMember;jenv-bw2-dm:ConsolidatedMember;;jenv-bw2-dm:PayablesOtherNoncurrentMember
=GROUP(BLasPar???Ovs+BLasSoh???Ovs);Bij overname verkregen langlopende schulden;rj-i_LiabilitiesNoncurrentDebtsAcquiredOnTakeover;jenv-bw2-dm:CommercialMember;jenv-bw2-dm:SeparateMember;;jenv-bw2-dm:PayablesOtherNoncurrentMember
=GROUP(BLasPar???Toe+BLasOls???Toe+BLasSoh???Toe+BLasVhzVhzAan);Nieuwe financiering van langlopende schulden;rj-i_LiabilitiesNoncurrentNewFinancing;jenv-bw2-dm:CommercialMember;jenv-bw2-dm:ConsolidatedMember;;jenv-bw2-dm:PayablesOtherNoncurrentMember
=GROUP(BLasPar???Toe+BLasOls???Toe+BLasSoh???Toe+BLasVhzVhzAan);Nieuwe financiering van langlopende schulden;rj-i_LiabilitiesNoncurrentNewFinancing;jenv-bw2-dm:CommercialMember;jenv-bw2-dm:SeparateMember;;jenv-bw2-dm:PayablesOtherNoncurrentMember
=GROUP(BLasParClaAvp+BLasSoh???Avp+BLasOls???Avp);Overboeking naar kortlopende schulden;rj-cp-i_LiabilitiesNoncurrentTransferToLiabilitiesCurrent;jenv-bw2-dm:CommercialMember;jenv-bw2-dm:ConsolidatedMember;;jenv-bw2-dm:PayablesOtherNoncurrentMember
=GROUP(BLasParClaAvp+BLasSoh???Avp+BLasOls???Avp);Overboeking naar kortlopende schulden;rj-cp-i_LiabilitiesNoncurrentTransferToLiabilitiesCurrent;jenv-bw2-dm:CommercialMember;jenv-bw2-dm:SeparateMember;;jenv-bw2-dm:PayablesOtherNoncurrentMember
=GROUP(BLasParParBet+BLasSoh???Bet+BLasOls???Bet);Betalingen;rj-cp-i_LiabilitiesNoncurrentPayments;jenv-bw2-dm:CommercialMember;jenv-bw2-dm:ConsolidatedMember;;jenv-bw2-dm:PayablesOtherNoncurrentMember
=GROUP(BLasParParBet+BLasSoh???Bet+BLasOls???Bet);Betalingen;rj-cp-i_LiabilitiesNoncurrentPayments;jenv-bw2-dm:CommercialMember;jenv-bw2-dm:SeparateMember;;jenv-bw2-dm:PayablesOtherNoncurrentMember
=GROUP(BLasParParSto+BLasSoh???Sto+BLasOls???Sto);Stortingen / ontvangsten;rj-cp-i_LiabilitiesNoncurrentReceiptsDeposits;jenv-bw2-dm:CommercialMember;jenv-bw2-dm:ConsolidatedMember;;jenv-bw2-dm:PayablesOtherNoncurrentMember
=GROUP(BLasParParSto+BLasSoh???Sto+BLasOls???Sto);Stortingen / ontvangsten;rj-cp-i_LiabilitiesNoncurrentReceiptsDeposits;jenv-bw2-dm:CommercialMember;jenv-bw2-dm:SeparateMember;;jenv-bw2-dm:PayablesOtherNoncurrentMember
=GROUP(BLasSag*+BLasSap*);Langlopende schulden aan deelnemingen waarin de rechtspersoon invloed van betekenis kan uitoefenen;rj-i_LiabilitiesNoncurrentToParticipatingInterestsExerciseSignificantInfluence;jenv-bw2-dm:CommercialMember;jenv-bw2-dm:ConsolidatedMember
=GROUP(BLasSag*+BLasSap*);Langlopende schulden aan deelnemingen waarin de rechtspersoon invloed van betekenis kan uitoefenen;rj-i_LiabilitiesNoncurrentToParticipatingInterestsExerciseSignificantInfluence;jenv-bw2-dm:CommercialMember;jenv-bw2-dm:SeparateMember
=GROUP(BLasSag*-BLasSag???Beg);Mutatie van langlopende schulden gedurende de periode;rj-i_LiabilitiesNoncurrentMovement;jenv-bw2-dm:CommercialMember;jenv-bw2-dm:ConsolidatedMember;;jenv-bw2-dm:PayablesGroupCompaniesNoncurrentMember
=GROUP(BLasSag*-BLasSag???Beg);Mutatie van langlopende schulden gedurende de periode;rj-i_LiabilitiesNoncurrentMovement;jenv-bw2-dm:CommercialMember;jenv-bw2-dm:SeparateMember;;jenv-bw2-dm:PayablesGroupCompaniesNoncurrentMember
=GROUP(BLasSagAflAfl+BLasSagAflTer);Aflossingen van langlopende schulden;rj-i_LiabilitiesNoncurrentRepayments;jenv-bw2-dm:CommercialMember;jenv-bw2-dm:ConsolidatedMember;;jenv-bw2-dm:PayablesGroupCompaniesNoncurrentMember
=GROUP(BLasSagAflAfl+BLasSagAflTer);Aflossingen van langlopende schulden;rj-i_LiabilitiesNoncurrentRepayments;jenv-bw2-dm:CommercialMember;jenv-bw2-dm:SeparateMember;;jenv-bw2-dm:PayablesGroupCompaniesNoncurrentMember
=GROUP(BLasSak*-BLasSak???Beg);Mutatie van langlopende schulden gedurende de periode;rj-i_LiabilitiesNoncurrentMovement;jenv-bw2-dm:CommercialMember;jenv-bw2-dm:ConsolidatedMember;;jenv-bw2-dm:PayablesCreditInstitutionsNoncurrentMember
=GROUP(BLasSak*-BLasSak???Beg);Mutatie van langlopende schulden gedurende de periode;rj-i_LiabilitiesNoncurrentMovement;jenv-bw2-dm:CommercialMember;jenv-bw2-dm:SeparateMember;;jenv-bw2-dm:PayablesCreditInstitutionsNoncurrentMember
=GROUP(BLasSak???Afl+BLasSak???Mvl);Aflossingen van langlopende schulden;rj-i_LiabilitiesNoncurrentRepayments;jenv-bw2-dm:CommercialMember;jenv-bw2-dm:ConsolidatedMember;;jenv-bw2-dm:PayablesCreditInstitutionsNoncurrentMember
=GROUP(BLasSak???Afl+BLasSak???Mvl);Aflossingen van langlopende schulden;rj-i_LiabilitiesNoncurrentRepayments;jenv-bw2-dm:CommercialMember;jenv-bw2-dm:SeparateMember;;jenv-bw2-dm:PayablesCreditInstitutionsNoncurrentMember
=GROUP(BLasSak???Owv+BLasSak???Ovm);Overige waardeveranderingen van langlopende schulden;rj-i_LiabilitiesNoncurrentMovementOther;jenv-bw2-dm:CommercialMember;jenv-bw2-dm:ConsolidatedMember;;jenv-bw2-dm:PayablesCreditInstitutionsNoncurrentMember
=GROUP(BLasSak???Owv+BLasSak???Ovm);Overige waardeveranderingen van langlopende schulden;rj-i_LiabilitiesNoncurrentMovementOther;jenv-bw2-dm:CommercialMember;jenv-bw2-dm:SeparateMember;;jenv-bw2-dm:PayablesCreditInstitutionsNoncurrentMember
=GROUP(BLasSal*-BLasSal???Beg);Mutatie van langlopende schulden gedurende de periode;rj-i_LiabilitiesNoncurrentMovement;jenv-bw2-dm:CommercialMember;jenv-bw2-dm:ConsolidatedMember;;jenv-bw2-dm:TradePayablesNoncurrentMember
=GROUP(BLasSal*-BLasSal???Beg);Mutatie van langlopende schulden gedurende de periode;rj-i_LiabilitiesNoncurrentMovement;jenv-bw2-dm:CommercialMember;jenv-bw2-dm:SeparateMember;;jenv-bw2-dm:TradePayablesNoncurrentMember
=GROUP(BLasSao*-BLasSao???Beg);Mutatie van langlopende schulden gedurende de periode;rj-i_LiabilitiesNoncurrentMovement;jenv-bw2-dm:CommercialMember;jenv-bw2-dm:ConsolidatedMember;;jenv-bw2-dm:PayablesOtherAffiliatedCompaniesNoncurrentMember
=GROUP(BLasSao*-BLasSao???Beg);Mutatie van langlopende schulden gedurende de periode;rj-i_LiabilitiesNoncurrentMovement;jenv-bw2-dm:CommercialMember;jenv-bw2-dm:SeparateMember;;jenv-bw2-dm:PayablesOtherAffiliatedCompaniesNoncurrentMember
=GROUP(BLasSaoAflAfl+BLasSaoAflTer);Aflossingen van langlopende schulden;rj-i_LiabilitiesNoncurrentRepayments;jenv-bw2-dm:CommercialMember;jenv-bw2-dm:ConsolidatedMember;;jenv-bw2-dm:PayablesOtherAffiliatedCompaniesNoncurrentMember
=GROUP(BLasSaoAflAfl+BLasSaoAflTer);Aflossingen van langlopende schulden;rj-i_LiabilitiesNoncurrentRepayments;jenv-bw2-dm:CommercialMember;jenv-bw2-dm:SeparateMember;;jenv-bw2-dm:PayablesOtherAffiliatedCompaniesNoncurrentMember
=GROUP(BLasSap*-BLasSap???Beg);Mutatie van langlopende schulden gedurende de periode;rj-i_LiabilitiesNoncurrentMovement;jenv-bw2-dm:CommercialMember;jenv-bw2-dm:ConsolidatedMember;;jenv-bw2-dm:PayablesShareholdersParticipatingInterestsNoncurrentMember
=GROUP(BLasSap*-BLasSap???Beg);Mutatie van langlopende schulden gedurende de periode;rj-i_LiabilitiesNoncurrentMovement;jenv-bw2-dm:CommercialMember;jenv-bw2-dm:SeparateMember;;jenv-bw2-dm:PayablesShareholdersParticipatingInterestsNoncurrentMember
=GROUP(BLasSapAflAfl+BLasSapAflTer);Aflossingen van langlopende schulden;rj-i_LiabilitiesNoncurrentRepayments;jenv-bw2-dm:CommercialMember;jenv-bw2-dm:ConsolidatedMember;;jenv-bw2-dm:PayablesShareholdersParticipatingInterestsNoncurrentMember
=GROUP(BLasSapAflAfl+BLasSapAflTer);Aflossingen van langlopende schulden;rj-i_LiabilitiesNoncurrentRepayments;jenv-bw2-dm:CommercialMember;jenv-bw2-dm:SeparateMember;;jenv-bw2-dm:PayablesShareholdersParticipatingInterestsNoncurrentMember
=GROUP(BLasStz*-BLasStz???Beg);Mutatie van langlopende schulden gedurende de periode;rj-i_LiabilitiesNoncurrentMovement;jenv-bw2-dm:CommercialMember;jenv-bw2-dm:ConsolidatedMember;;jenv-bw2-dm:PensionPayablesNoncurrentMember
=GROUP(BLasStz*-BLasStz???Beg);Mutatie van langlopende schulden gedurende de periode;rj-i_LiabilitiesNoncurrentMovement;jenv-bw2-dm:CommercialMember;jenv-bw2-dm:SeparateMember;;jenv-bw2-dm:PensionPayablesNoncurrentMember
=GROUP(BLasSuh*-BLasSuh???Beg);Mutatie van langlopende schulden gedurende de periode;rj-i_LiabilitiesNoncurrentMovement;jenv-bw2-dm:CommercialMember;jenv-bw2-dm:ConsolidatedMember;;rj-dm:TaxPayablesNoncurrentMember
=GROUP(BLasSuh*-BLasSuh???Beg);Mutatie van langlopende schulden gedurende de periode;rj-i_LiabilitiesNoncurrentMovement;jenv-bw2-dm:CommercialMember;jenv-bw2-dm:SeparateMember;;rj-dm:TaxPayablesNoncurrentMember
=GROUP(BLasTbw*-BLasTbw???Beg);Mutatie van langlopende schulden gedurende de periode;rj-i_LiabilitiesNoncurrentMovement;jenv-bw2-dm:CommercialMember;jenv-bw2-dm:ConsolidatedMember;;jenv-bw2-dm:BillsExchangeChequesPayableNoncurrentMember
=GROUP(BLasTbw*-BLasTbw???Beg);Mutatie van langlopende schulden gedurende de periode;rj-i_LiabilitiesNoncurrentMovement;jenv-bw2-dm:CommercialMember;jenv-bw2-dm:SeparateMember;;jenv-bw2-dm:BillsExchangeChequesPayableNoncurrentMember
=GROUP(BLasVob*-BLasVob???Beg);Mutatie van langlopende schulden gedurende de periode;rj-i_LiabilitiesNoncurrentMovement;jenv-bw2-dm:CommercialMember;jenv-bw2-dm:ConsolidatedMember;;jenv-bw2-dm:AdvancesReceivedNoncurrentMember
=GROUP(BLasVob*-BLasVob???Beg);Mutatie van langlopende schulden gedurende de periode;rj-i_LiabilitiesNoncurrentMovement;jenv-bw2-dm:CommercialMember;jenv-bw2-dm:SeparateMember;;jenv-bw2-dm:AdvancesReceivedNoncurrentMember
=GROUP(BMva*-BMva??????Beg);Mutatie van materiële vaste activa gedurende de periode;jenv-bw2-i_PropertyPlantEquipmentMovement;jenv-bw2-dm:CommercialMember;jenv-bw2-dm:ConsolidatedMember;;;;;jenv-bw2-dm:PropertyPlantEquipmentMember
=GROUP(BMva*-BMva??????Beg);Mutatie van materiële vaste activa gedurende de periode;jenv-bw2-i_PropertyPlantEquipmentMovement;jenv-bw2-dm:CommercialMember;jenv-bw2-dm:SeparateMember;;;;;jenv-bw2-dm:PropertyPlantEquipmentMember
=GROUP(BMva??????Des);Som van de boekwaarden der materiële vaste activa waarover de rechtspersoon aan het einde van het boekjaar niet meer beschikt;jenv-bw2-i_PropertyPlantEquipmentDisposals;jenv-bw2-dm:CommercialMember;jenv-bw2-dm:ConsolidatedMember;;;;;jenv-bw2-dm:PropertyPlantEquipmentMember
=GROUP(BMva??????Des);Som van de boekwaarden der materiële vaste activa waarover de rechtspersoon aan het einde van het boekjaar niet meer beschikt;jenv-bw2-i_PropertyPlantEquipmentDisposals;jenv-bw2-dm:CommercialMember;jenv-bw2-dm:SeparateMember;;;;;jenv-bw2-dm:PropertyPlantEquipmentMember
=GROUP(BMva??????Ina+BMvaBeg???Lie);Som van de waarden waartegen de in het boekjaar verkregen materiële vaste activa zijn te boek gesteld;jenv-bw2-i_PropertyPlantEquipmentAdditions;jenv-bw2-dm:CommercialMember;jenv-bw2-dm:ConsolidatedMember;;;;;jenv-bw2-dm:PropertyPlantEquipmentMember
=GROUP(BMva??????Ina+BMvaBeg???Lie);Som van de waarden waartegen de in het boekjaar verkregen materiële vaste activa zijn te boek gesteld;jenv-bw2-i_PropertyPlantEquipmentAdditions;jenv-bw2-dm:CommercialMember;jenv-bw2-dm:SeparateMember;;;;;jenv-bw2-dm:PropertyPlantEquipmentMember
=GROUP(BMva??????Ove+BMva??????Hcv);Overboekingen van materiële vaste activa;jenv-bw2-i_PropertyPlantEquipmentTransfers;jenv-bw2-dm:CommercialMember;jenv-bw2-dm:ConsolidatedMember;;;;;jenv-bw2-dm:PropertyPlantEquipmentMember
=GROUP(BMva??????Ove+BMva??????Hcv);Overboekingen van materiële vaste activa;jenv-bw2-i_PropertyPlantEquipmentTransfers;jenv-bw2-dm:CommercialMember;jenv-bw2-dm:SeparateMember;;;;;jenv-bw2-dm:PropertyPlantEquipmentMember
=GROUP(BMva???Cae*+BMva???Cuh*);Som der afschrijvingen en waardeverminderingen van materiële vaste activa;jenv-bw2-i_PropertyPlantEquipmentAccumulatedDepreciationImpairments;jenv-bw2-dm:CommercialMember;jenv-bw2-dm:ConsolidatedMember;;;;;jenv-bw2-dm:PropertyPlantEquipmentMember
=GROUP(BMva???Cae*+BMva???Cuh*);Som der afschrijvingen en waardeverminderingen van materiële vaste activa;jenv-bw2-i_PropertyPlantEquipmentAccumulatedDepreciationImpairments;jenv-bw2-dm:CommercialMember;jenv-bw2-dm:SeparateMember;;;;;jenv-bw2-dm:PropertyPlantEquipmentMember
=GROUP(BMva???CaeAfs+BMva???CaeHca+BMva???CaeOvm);Afschrijvingen van materiële vaste activa;jenv-bw2-i_PropertyPlantEquipmentDepreciation;jenv-bw2-dm:CommercialMember;jenv-bw2-dm:ConsolidatedMember;;;;;jenv-bw2-dm:PropertyPlantEquipmentMember
=GROUP(BMva???CaeAfs+BMva???CaeHca+BMva???CaeOvm);Afschrijvingen van materiële vaste activa;jenv-bw2-i_PropertyPlantEquipmentDepreciation;jenv-bw2-dm:CommercialMember;jenv-bw2-dm:SeparateMember;;;;;jenv-bw2-dm:PropertyPlantEquipmentMember
=GROUP(BMva???CaeDca);Afschrijving op desinvesteringen van materiële vaste activa;jenv-bw2-i_PropertyPlantEquipmentDisposalsDepreciation;jenv-bw2-dm:CommercialMember;jenv-bw2-dm:ConsolidatedMember;;;;;jenv-bw2-dm:PropertyPlantEquipmentMember
=GROUP(BMva???CaeDca);Afschrijving op desinvesteringen van materiële vaste activa;jenv-bw2-i_PropertyPlantEquipmentDisposalsDepreciation;jenv-bw2-dm:CommercialMember;jenv-bw2-dm:SeparateMember;;;;;jenv-bw2-dm:PropertyPlantEquipmentMember
=GROUP(BMva???Cuh*-BMva???CuhBeg);Herwaarderingen van materiële vaste activa;jenv-bw2-i_PropertyPlantEquipmentRevaluations;jenv-bw2-dm:CommercialMember;jenv-bw2-dm:ConsolidatedMember;;;;;jenv-bw2-dm:PropertyPlantEquipmentMember
=GROUP(BMva???Cuh*-BMva???CuhBeg);Herwaarderingen van materiële vaste activa;jenv-bw2-i_PropertyPlantEquipmentRevaluations;jenv-bw2-dm:CommercialMember;jenv-bw2-dm:SeparateMember;;;;;jenv-bw2-dm:PropertyPlantEquipmentMember
=GROUP(BMvaMei*-BMvaMei???Beg);Mutatie van materiële vaste activa gedurende de periode;jenv-bw2-i_PropertyPlantEquipmentMovement;jenv-bw2-dm:CommercialMember;jenv-bw2-dm:ConsolidatedMember;;;;;jenv-bw2-dm:MachineryMember
=GROUP(BMvaMei*-BMvaMei???Beg);Mutatie van materiële vaste activa gedurende de periode;jenv-bw2-i_PropertyPlantEquipmentMovement;jenv-bw2-dm:CommercialMember;jenv-bw2-dm:SeparateMember;;;;;jenv-bw2-dm:MachineryMember
=GROUP(BMvaMei???Ove+BMvaMei???Hcv);Overboekingen van materiële vaste activa;jenv-bw2-i_PropertyPlantEquipmentTransfers;jenv-bw2-dm:CommercialMember;jenv-bw2-dm:ConsolidatedMember;;;;;jenv-bw2-dm:MachineryMember
=GROUP(BMvaMei???Ove+BMvaMei???Hcv);Overboekingen van materiële vaste activa;jenv-bw2-i_PropertyPlantEquipmentTransfers;jenv-bw2-dm:CommercialMember;jenv-bw2-dm:SeparateMember;;;;;jenv-bw2-dm:MachineryMember
=GROUP(BMvaMeiCae*+BMvaMeiCuh*);Som der afschrijvingen en waardeverminderingen van materiële vaste activa;jenv-bw2-i_PropertyPlantEquipmentAccumulatedDepreciationImpairments;jenv-bw2-dm:CommercialMember;jenv-bw2-dm:ConsolidatedMember;;;;;jenv-bw2-dm:MachineryMember
=GROUP(BMvaMeiCae*+BMvaMeiCuh*);Som der afschrijvingen en waardeverminderingen van materiële vaste activa;jenv-bw2-i_PropertyPlantEquipmentAccumulatedDepreciationImpairments;jenv-bw2-dm:CommercialMember;jenv-bw2-dm:SeparateMember;;;;;jenv-bw2-dm:MachineryMember
=GROUP(BMvaMeiCaeAfs+BMvaMeiCaeHca+BMvaMeiCaeOvm);Afschrijvingen van materiële vaste activa;jenv-bw2-i_PropertyPlantEquipmentDepreciation;jenv-bw2-dm:CommercialMember;jenv-bw2-dm:ConsolidatedMember;;;;;jenv-bw2-dm:MachineryMember
=GROUP(BMvaMeiCaeAfs+BMvaMeiCaeHca+BMvaMeiCaeOvm);Afschrijvingen van materiële vaste activa;jenv-bw2-i_PropertyPlantEquipmentDepreciation;jenv-bw2-dm:CommercialMember;jenv-bw2-dm:SeparateMember;;;;;jenv-bw2-dm:MachineryMember
=GROUP(BMvaMeiCuh*-BMvaMeiCuhBeg);Herwaarderingen van materiële vaste activa;jenv-bw2-i_PropertyPlantEquipmentRevaluations;jenv-bw2-dm:CommercialMember;jenv-bw2-dm:ConsolidatedMember;;;;;jenv-bw2-dm:MachineryMember
=GROUP(BMvaMeiCuh*-BMvaMeiCuhBeg);Herwaarderingen van materiële vaste activa;jenv-bw2-i_PropertyPlantEquipmentRevaluations;jenv-bw2-dm:CommercialMember;jenv-bw2-dm:SeparateMember;;;;;jenv-bw2-dm:MachineryMember
=GROUP(BMvaNad*-BMvaNad???Beg);Mutatie van materiële vaste activa gedurende de periode;jenv-bw2-i_PropertyPlantEquipmentMovement;jenv-bw2-dm:CommercialMember;jenv-bw2-dm:ConsolidatedMember;;;;;jenv-bw2-dm:PropertyPlantEquipmentNotUsedInOperationsMember
=GROUP(BMvaNad*-BMvaNad???Beg);Mutatie van materiële vaste activa gedurende de periode;jenv-bw2-i_PropertyPlantEquipmentMovement;jenv-bw2-dm:CommercialMember;jenv-bw2-dm:SeparateMember;;;;;jenv-bw2-dm:PropertyPlantEquipmentNotUsedInOperationsMember
=GROUP(BMvaNadCae*+BMvaNadCuh*);Som der afschrijvingen en waardeverminderingen van materiële vaste activa;jenv-bw2-i_PropertyPlantEquipmentAccumulatedDepreciationImpairments;jenv-bw2-dm:CommercialMember;jenv-bw2-dm:ConsolidatedMember;;;;;jenv-bw2-dm:PropertyPlantEquipmentNotUsedInOperationsMember
=GROUP(BMvaNadCae*+BMvaNadCuh*);Som der afschrijvingen en waardeverminderingen van materiële vaste activa;jenv-bw2-i_PropertyPlantEquipmentAccumulatedDepreciationImpairments;jenv-bw2-dm:CommercialMember;jenv-bw2-dm:SeparateMember;;;;;jenv-bw2-dm:PropertyPlantEquipmentNotUsedInOperationsMember
=GROUP(BMvaNadCuh*-BMvaNadCuhBeg);Herwaarderingen van materiële vaste activa;jenv-bw2-i_PropertyPlantEquipmentRevaluations;jenv-bw2-dm:CommercialMember;jenv-bw2-dm:ConsolidatedMember;;;;;jenv-bw2-dm:PropertyPlantEquipmentNotUsedInOperationsMember
=GROUP(BMvaNadCuh*-BMvaNadCuhBeg);Herwaarderingen van materiële vaste activa;jenv-bw2-i_PropertyPlantEquipmentRevaluations;jenv-bw2-dm:CommercialMember;jenv-bw2-dm:SeparateMember;;;;;jenv-bw2-dm:PropertyPlantEquipmentNotUsedInOperationsMember
=GROUP(BMvaObe*+BMvaBei*+BMvaTev*+BMvaHuu*+BMvaVli*+BMvaSch*+BMvaMep*+BMvaGeb*+BMvaOrz*);Andere vaste bedrijfsmiddelen;jenv-bw2-i_TangibleAssetsOther;jenv-bw2-dm:CommercialMember;jenv-bw2-dm:ConsolidatedMember
=GROUP(BMvaObe*+BMvaBei*+BMvaTev*+BMvaHuu*+BMvaVli*+BMvaSch*+BMvaMep*+BMvaGeb*+BMvaOrz*);Andere vaste bedrijfsmiddelen;jenv-bw2-i_TangibleAssetsOther;jenv-bw2-dm:CommercialMember;jenv-bw2-dm:SeparateMember
=GROUP(BMvaObe*+BMvaBei*+BMvaTev*+BMvaHuu*+BMvaVli*+BMvaSch*+BMvaMep*+BMvaGeb*+BMvaOrz*);Materiële vaste activa;jenv-bw2-i_PropertyPlantEquipment;jenv-bw2-dm:CommercialMember;jenv-bw2-dm:ConsolidatedMember;;;;;jenv-bw2-dm:TangibleAssetsOtherMember
=GROUP(BMvaObe*+BMvaBei*+BMvaTev*+BMvaHuu*+BMvaVli*+BMvaSch*+BMvaMep*+BMvaGeb*+BMvaOrz*);Materiële vaste activa;jenv-bw2-i_PropertyPlantEquipment;jenv-bw2-dm:CommercialMember;jenv-bw2-dm:SeparateMember;;;;;jenv-bw2-dm:TangibleAssetsOtherMember
=GROUP(BMvaObe*-BMvaObe???Beg+BMvaBei*-BMvaBei???Beg+BMvaTev*-BMvaTev???Beg+BMvaHuu*-BMvaHuu???Beg+BMvaVli*-BMvaVli???Beg+BMvaSch*-BMvaSch???Beg+BMvaMep*-BMvaMep???Beg+BMvaGeb*-BMvaGeb???Beg+BMvaOrz*-BMvaOrz???Beg);Mutatie van materiële vaste activa gedurende de periode;jenv-bw2-i_PropertyPlantEquipmentMovement;jenv-bw2-dm:CommercialMember;jenv-bw2-dm:ConsolidatedMember;;;;;jenv-bw2-dm:TangibleAssetsOtherMember
=GROUP(BMvaObe*-BMvaObe???Beg+BMvaBei*-BMvaBei???Beg+BMvaTev*-BMvaTev???Beg+BMvaHuu*-BMvaHuu???Beg+BMvaVli*-BMvaVli???Beg+BMvaSch*-BMvaSch???Beg+BMvaMep*-BMvaMep???Beg+BMvaGeb*-BMvaGeb???Beg+BMvaOrz*-BMvaOrz???Beg);Mutatie van materiële vaste activa gedurende de periode;jenv-bw2-i_PropertyPlantEquipmentMovement;jenv-bw2-dm:CommercialMember;jenv-bw2-dm:SeparateMember;;;;;jenv-bw2-dm:TangibleAssetsOtherMember
=GROUP(BMvaObe???Ado+BMvaBei???Ado+BMvaTev???Ado+BMvaHuu???Ado+BMvaVli???Ado+BMvaSch???Ado+BMvaMep???Ado+BMvaGeb???Ado+BMvaOrz???Ado);Verwervingen van materiële vaste activa via fusies en overnames;rj-i_PropertyPlantEquipmentAdditionsThroughAcquisitions;jenv-bw2-dm:CommercialMember;jenv-bw2-dm:ConsolidatedMember;;;;;jenv-bw2-dm:TangibleAssetsOtherMember
=GROUP(BMvaObe???Ado+BMvaBei???Ado+BMvaTev???Ado+BMvaHuu???Ado+BMvaVli???Ado+BMvaSch???Ado+BMvaMep???Ado+BMvaGeb???Ado+BMvaOrz???Ado);Verwervingen van materiële vaste activa via fusies en overnames;rj-i_PropertyPlantEquipmentAdditionsThroughAcquisitions;jenv-bw2-dm:CommercialMember;jenv-bw2-dm:SeparateMember;;;;;jenv-bw2-dm:TangibleAssetsOtherMember
=GROUP(BMvaObe???Dda+BMvaBei???Dda+BMvaTev???Dda+BMvaHuu???Dda+BMvaVli???Dda+BMvaSch???Dda+BMvaMep???Dda+BMvaGeb???Dda+BMvaOrz???Dda);Buitengebruikstellingen en afstotingen van materiële vaste activa;rj-i_PropertyPlantEquipmentDivestitures;jenv-bw2-dm:CommercialMember;jenv-bw2-dm:ConsolidatedMember;;;;;jenv-bw2-dm:TangibleAssetsOtherMember
=GROUP(BMvaObe???Dda+BMvaBei???Dda+BMvaTev???Dda+BMvaHuu???Dda+BMvaVli???Dda+BMvaSch???Dda+BMvaMep???Dda+BMvaGeb???Dda+BMvaOrz???Dda);Buitengebruikstellingen en afstotingen van materiële vaste activa;rj-i_PropertyPlantEquipmentDivestitures;jenv-bw2-dm:CommercialMember;jenv-bw2-dm:SeparateMember;;;;;jenv-bw2-dm:TangibleAssetsOtherMember
=GROUP(BMvaObe???Des+BMvaBei???Des+BMvaTev???Des+BMvaHuu???Des+BMvaVli???Des+BMvaSch???Des+BMvaMep???Des+BMvaGeb???Des+BMvaOrz???Des);Som van de boekwaarden der materiële vaste activa waarover de rechtspersoon aan het einde van het boekjaar niet meer beschikt;jenv-bw2-i_PropertyPlantEquipmentDisposals;jenv-bw2-dm:CommercialMember;jenv-bw2-dm:ConsolidatedMember;;;;;jenv-bw2-dm:TangibleAssetsOtherMember
=GROUP(BMvaObe???Des+BMvaBei???Des+BMvaTev???Des+BMvaHuu???Des+BMvaVli???Des+BMvaSch???Des+BMvaMep???Des+BMvaGeb???Des+BMvaOrz???Des);Som van de boekwaarden der materiële vaste activa waarover de rechtspersoon aan het einde van het boekjaar niet meer beschikt;jenv-bw2-i_PropertyPlantEquipmentDisposals;jenv-bw2-dm:CommercialMember;jenv-bw2-dm:SeparateMember;;;;;jenv-bw2-dm:TangibleAssetsOtherMember
=GROUP(BMvaObe???Ina+BMvaBei???Ina+BMvaTev???Ina+BMvaHuu???Ina+BMvaVli???Ina+BMvaSch???Ina+BMvaMep???Ina+BMvaGeb???Ina+BMvaOrz???Ina);Som van de waarden waartegen de in het boekjaar verkregen materiële vaste activa zijn te boek gesteld;jenv-bw2-i_PropertyPlantEquipmentAdditions;jenv-bw2-dm:CommercialMember;jenv-bw2-dm:ConsolidatedMember;;;;;jenv-bw2-dm:TangibleAssetsOtherMember
=GROUP(BMvaObe???Ina+BMvaBei???Ina+BMvaTev???Ina+BMvaHuu???Ina+BMvaVli???Ina+BMvaSch???Ina+BMvaMep???Ina+BMvaGeb???Ina+BMvaOrz???Ina);Som van de waarden waartegen de in het boekjaar verkregen materiële vaste activa zijn te boek gesteld;jenv-bw2-i_PropertyPlantEquipmentAdditions;jenv-bw2-dm:CommercialMember;jenv-bw2-dm:SeparateMember;;;;;jenv-bw2-dm:TangibleAssetsOtherMember
=GROUP(BMvaObe???Omv+BMvaBei???Omv+BMvaTev???Omv+BMvaHuu???Omv+BMvaVli???Omv+BMvaSch???Omv+BMvaMep???Omv+BMvaGeb???Omv+BMvaOrz???Omv);Omrekeningsverschillen van materiële vaste activa;rj-i_PropertyPlantEquipmentExchangeDifferences;jenv-bw2-dm:CommercialMember;jenv-bw2-dm:ConsolidatedMember;;;;;jenv-bw2-dm:TangibleAssetsOtherMember
=GROUP(BMvaObe???Omv+BMvaBei???Omv+BMvaTev???Omv+BMvaHuu???Omv+BMvaVli???Omv+BMvaSch???Omv+BMvaMep???Omv+BMvaGeb???Omv+BMvaOrz???Omv);Omrekeningsverschillen van materiële vaste activa;rj-i_PropertyPlantEquipmentExchangeDifferences;jenv-bw2-dm:CommercialMember;jenv-bw2-dm:SeparateMember;;;;;jenv-bw2-dm:TangibleAssetsOtherMember
=GROUP(BMvaObe???Ove+BMvaBei???Ove+BMvaTev???Ove+BMvaHuu???Ove+BMvaVli???Ove+BMvaSch???Ove+BMvaMep???Ove+BMvaGeb???Ove+BMvaOrz???Ove+BMvaOrz???Hcv);Overboekingen van materiële vaste activa;jenv-bw2-i_PropertyPlantEquipmentTransfers;jenv-bw2-dm:CommercialMember;jenv-bw2-dm:ConsolidatedMember;;;;;jenv-bw2-dm:TangibleAssetsOtherMember
=GROUP(BMvaObe???Ove+BMvaBei???Ove+BMvaTev???Ove+BMvaHuu???Ove+BMvaVli???Ove+BMvaSch???Ove+BMvaMep???Ove+BMvaGeb???Ove+BMvaOrz???Ove+BMvaOrz???Hcv);Overboekingen van materiële vaste activa;jenv-bw2-i_PropertyPlantEquipmentTransfers;jenv-bw2-dm:CommercialMember;jenv-bw2-dm:SeparateMember;;;;;jenv-bw2-dm:TangibleAssetsOtherMember
=GROUP(BMvaObe???Ovm+BMvaBei???Ovm+BMvaTev???Ovm+BMvaHuu???Ovm+BMvaVli???Ovm+BMvaSch???Ovm+BMvaMep???Ovm+BMvaGeb???Ovm+BMvaOrz???Ovm);Overige mutaties van materiële vaste activa;jenv-bw2-i_PropertyPlantEquipmentMovementsOther;jenv-bw2-dm:CommercialMember;jenv-bw2-dm:ConsolidatedMember;;;;;jenv-bw2-dm:TangibleAssetsOtherMember
=GROUP(BMvaObe???Ovm+BMvaBei???Ovm+BMvaTev???Ovm+BMvaHuu???Ovm+BMvaVli???Ovm+BMvaSch???Ovm+BMvaMep???Ovm+BMvaGeb???Ovm+BMvaOrz???Ovm);Overige mutaties van materiële vaste activa;jenv-bw2-i_PropertyPlantEquipmentMovementsOther;jenv-bw2-dm:CommercialMember;jenv-bw2-dm:SeparateMember;;;;;jenv-bw2-dm:TangibleAssetsOtherMember
=GROUP(BMvaObeAkp*+BMvaBeiAkp*+BMvaTevAkp*+BMvaHuuAkp*+BMvaVliAkp*+BMvaSchAkp*+BMvaMepAkp*+BMvaGebAkp*+BMvaOrzAkp*);Actuele kostprijs van materiële vaste activa;rj-i_PropertyPlantEquipmentActualCostPrice;jenv-bw2-dm:CommercialMember;jenv-bw2-dm:ConsolidatedMember;;;;;jenv-bw2-dm:TangibleAssetsOtherMember
=GROUP(BMvaObeAkp*+BMvaBeiAkp*+BMvaTevAkp*+BMvaHuuAkp*+BMvaVliAkp*+BMvaSchAkp*+BMvaMepAkp*+BMvaGebAkp*+BMvaOrzAkp*);Actuele kostprijs van materiële vaste activa;rj-i_PropertyPlantEquipmentActualCostPrice;jenv-bw2-dm:CommercialMember;jenv-bw2-dm:SeparateMember;;;;;jenv-bw2-dm:TangibleAssetsOtherMember
=GROUP(BMvaObeCae*+BMvaBeiCae*+BMvaTevCae*+BMvaHuuCae*+BMvaVliCae*+BMvaSchCae*+BMvaMepCae*+BMvaGebCae*)+GROUP(BMvaObeCuh*+BMvaBeiCuh*+BMvaTevCuh*+BMvaHuuCuh*+BMvaVliCuh*+BMvaSchCuh*+BMvaMepCuh*+BMvaGebCuh*+BMvaOrzCuh*);Som der afschrijvingen en waardeverminderingen van materiële vaste activa;jenv-bw2-i_PropertyPlantEquipmentAccumulatedDepreciationImpairments;jenv-bw2-dm:CommercialMember;jenv-bw2-dm:ConsolidatedMember;;;;;jenv-bw2-dm:TangibleAssetsOtherMember
=GROUP(BMvaObeCae*+BMvaBeiCae*+BMvaTevCae*+BMvaHuuCae*+BMvaVliCae*+BMvaSchCae*+BMvaMepCae*+BMvaGebCae*)+GROUP(BMvaObeCuh*+BMvaBeiCuh*+BMvaTevCuh*+BMvaHuuCuh*+BMvaVliCuh*+BMvaSchCuh*+BMvaMepCuh*+BMvaGebCuh*+BMvaOrzCuh*);Som der afschrijvingen en waardeverminderingen van materiële vaste activa;jenv-bw2-i_PropertyPlantEquipmentAccumulatedDepreciationImpairments;jenv-bw2-dm:CommercialMember;jenv-bw2-dm:SeparateMember;;;;;jenv-bw2-dm:TangibleAssetsOtherMember
=GROUP(BMvaObeCaeAfs+BMvaObeCaeOvm+BMvaBeiCaeAfs+BMvaBeiCaeOvm+BMvaTevCaeAfs+BMvaTevCaeOvm+BMvaHuuCaeAfs+BMvaHuuCaeOvm+BMvaVliCaeAfs+BMvaSchCaeAfs+BMvaMepCaeAfs+BMvaGebCaeAfs+BMvaOrzCaeAfs+BMvaOrzCaeOvm);Afschrijvingen van materiële vaste activa;jenv-bw2-i_PropertyPlantEquipmentDepreciation;jenv-bw2-dm:CommercialMember;jenv-bw2-dm:ConsolidatedMember;;;;;jenv-bw2-dm:TangibleAssetsOtherMember
=GROUP(BMvaObeCaeAfs+BMvaObeCaeOvm+BMvaBeiCaeAfs+BMvaBeiCaeOvm+BMvaTevCaeAfs+BMvaTevCaeOvm+BMvaHuuCaeAfs+BMvaHuuCaeOvm+BMvaVliCaeAfs+BMvaSchCaeAfs+BMvaMepCaeAfs+BMvaGebCaeAfs+BMvaOrzCaeAfs+BMvaOrzCaeOvm);Afschrijvingen van materiële vaste activa;jenv-bw2-i_PropertyPlantEquipmentDepreciation;jenv-bw2-dm:CommercialMember;jenv-bw2-dm:SeparateMember;;;;;jenv-bw2-dm:TangibleAssetsOtherMember
=GROUP(BMvaObeCaeDca+BMvaBeiCaeDca+BMvaTevCaeDca+BMvaHuuCaeDca+BMvaVliCaeDca+BMvaSchCaeDca+BMvaMepCaeDca+BMvaGebCaeDca+BMvaOrzCaeDca);Afschrijving op desinvesteringen van materiële vaste activa;jenv-bw2-i_PropertyPlantEquipmentDisposalsDepreciation;jenv-bw2-dm:CommercialMember;jenv-bw2-dm:ConsolidatedMember;;;;;jenv-bw2-dm:TangibleAssetsOtherMember
=GROUP(BMvaObeCaeDca+BMvaBeiCaeDca+BMvaTevCaeDca+BMvaHuuCaeDca+BMvaVliCaeDca+BMvaSchCaeDca+BMvaMepCaeDca+BMvaGebCaeDca+BMvaOrzCaeDca);Afschrijving op desinvesteringen van materiële vaste activa;jenv-bw2-i_PropertyPlantEquipmentDisposalsDepreciation;jenv-bw2-dm:CommercialMember;jenv-bw2-dm:SeparateMember;;;;;jenv-bw2-dm:TangibleAssetsOtherMember
=GROUP(BMvaObeCaeTvw+BMvaBeiCaeTvw+BMvaTevCaeTvw+BMvaHuuCaeTvw+BMvaVliCaeTvw+BMvaSchCaeTvw+BMvaMepCaeTvw+BMvaGebCaeTvw+BMvaOrzCaeTvw);Terugneming van waardeverminderingen van materiële vaste activa;jenv-bw2-i_PropertyPlantEquipmentImpairmentReversal;jenv-bw2-dm:CommercialMember;jenv-bw2-dm:ConsolidatedMember;;;;;jenv-bw2-dm:TangibleAssetsOtherMember
=GROUP(BMvaObeCaeTvw+BMvaBeiCaeTvw+BMvaTevCaeTvw+BMvaHuuCaeTvw+BMvaVliCaeTvw+BMvaSchCaeTvw+BMvaMepCaeTvw+BMvaGebCaeTvw+BMvaOrzCaeTvw);Terugneming van waardeverminderingen van materiële vaste activa;jenv-bw2-i_PropertyPlantEquipmentImpairmentReversal;jenv-bw2-dm:CommercialMember;jenv-bw2-dm:SeparateMember;;;;;jenv-bw2-dm:TangibleAssetsOtherMember
=GROUP(BMvaObeCaeWvr+BMvaBeiCaeWvr+BMvaTevCaeWvr+BMvaHuuCaeWvr+BMvaVliCaeWvr+BMvaSchCaeWvr+BMvaMepCaeWvr+BMvaGebCaeWvr+BMvaOrzCaeWvr);Waardeverminderingen van materiële vaste activa;jenv-bw2-i_PropertyPlantEquipmentImpairment;jenv-bw2-dm:CommercialMember;jenv-bw2-dm:ConsolidatedMember;;;;;jenv-bw2-dm:TangibleAssetsOtherMember
=GROUP(BMvaObeCaeWvr+BMvaBeiCaeWvr+BMvaTevCaeWvr+BMvaHuuCaeWvr+BMvaVliCaeWvr+BMvaSchCaeWvr+BMvaMepCaeWvr+BMvaGebCaeWvr+BMvaOrzCaeWvr);Waardeverminderingen van materiële vaste activa;jenv-bw2-i_PropertyPlantEquipmentImpairment;jenv-bw2-dm:CommercialMember;jenv-bw2-dm:SeparateMember;;;;;jenv-bw2-dm:TangibleAssetsOtherMember
=GROUP(BMvaObeCuh*+BMvaBeiCuh*+BMvaTevCuh*+BMvaHuuCuh*+BMvaVliCuh*+BMvaSchCuh*+BMvaMepCuh*+BMvaGebCuh*+BMvaOrzCuh*);Som der herwaarderingen die betrekking hebben op de materiële vaste activa;jenv-bw2-i_PropertyPlantEquipmentAccumulatedRevaluations;jenv-bw2-dm:CommercialMember;jenv-bw2-dm:ConsolidatedMember;;;;;jenv-bw2-dm:TangibleAssetsOtherMember
=GROUP(BMvaObeCuh*+BMvaBeiCuh*+BMvaTevCuh*+BMvaHuuCuh*+BMvaVliCuh*+BMvaSchCuh*+BMvaMepCuh*+BMvaGebCuh*+BMvaOrzCuh*);Som der herwaarderingen die betrekking hebben op de materiële vaste activa;jenv-bw2-i_PropertyPlantEquipmentAccumulatedRevaluations;jenv-bw2-dm:CommercialMember;jenv-bw2-dm:SeparateMember;;;;;jenv-bw2-dm:TangibleAssetsOtherMember
=GROUP(BMvaObeCuh*-BMvaObeCuhBeg+BMvaBeiCuh*-BMvaBeiCuhBeg+BMvaTevCuh*-BMvaTevCuhBeg+BMvaHuuCuh*-BMvaHuuCuhBeg+BMvaVliCuh*-BMvaVliCuhBeg+BMvaSchCuh*-BMvaSchCuhBeg+BMvaMepCuh*-BMvaMepCuhBeg+BMvaGebCuh*-BMvaGebCuhBeg+BMvaOrzCuh*-BMvaOrzCuhBeg);Herwaarderingen van materiële vaste activa;jenv-bw2-i_PropertyPlantEquipmentRevaluations;jenv-bw2-dm:CommercialMember;jenv-bw2-dm:ConsolidatedMember;;;;;jenv-bw2-dm:TangibleAssetsOtherMember
=GROUP(BMvaObeCuh*-BMvaObeCuhBeg+BMvaBeiCuh*-BMvaBeiCuhBeg+BMvaTevCuh*-BMvaTevCuhBeg+BMvaHuuCuh*-BMvaHuuCuhBeg+BMvaVliCuh*-BMvaVliCuhBeg+BMvaSchCuh*-BMvaSchCuhBeg+BMvaMepCuh*-BMvaMepCuhBeg+BMvaGebCuh*-BMvaGebCuhBeg+BMvaOrzCuh*-BMvaOrzCuhBeg);Herwaarderingen van materiële vaste activa;jenv-bw2-i_PropertyPlantEquipmentRevaluations;jenv-bw2-dm:CommercialMember;jenv-bw2-dm:SeparateMember;;;;;jenv-bw2-dm:TangibleAssetsOtherMember
=GROUP(BMvaObeVvp*+BMvaBeiVvp*+BMvaTevVvp*+BMvaHuuVvp*+BMvaVliVvp*+BMvaSchVvp*+BMvaMepVvp*+BMvaGebVvp*+BMvaOrzVvp*);Historische kostprijs van materiële vaste activa;rj-i_PropertyPlantEquipmentCostPrice;jenv-bw2-dm:CommercialMember;jenv-bw2-dm:ConsolidatedMember;;;;;jenv-bw2-dm:TangibleAssetsOtherMember
=GROUP(BMvaObeVvp*+BMvaBeiVvp*+BMvaTevVvp*+BMvaHuuVvp*+BMvaVliVvp*+BMvaSchVvp*+BMvaMepVvp*+BMvaGebVvp*+BMvaOrzVvp*);Historische kostprijs van materiële vaste activa;rj-i_PropertyPlantEquipmentCostPrice;jenv-bw2-dm:CommercialMember;jenv-bw2-dm:SeparateMember;;;;;jenv-bw2-dm:TangibleAssetsOtherMember
=GROUP(BMvaTer*+BMvaBeg*+BMvaVer*);Bedrijfsgebouwen en -terreinen;jenv-bw2-i_LandAndBuildings;jenv-bw2-dm:CommercialMember;jenv-bw2-dm:ConsolidatedMember
=GROUP(BMvaTer*+BMvaBeg*+BMvaVer*);Bedrijfsgebouwen en -terreinen;jenv-bw2-i_LandAndBuildings;jenv-bw2-dm:CommercialMember;jenv-bw2-dm:SeparateMember
=GROUP(BMvaTer*+BMvaBeg*+BMvaVer*);Materiële vaste activa;jenv-bw2-i_PropertyPlantEquipment;jenv-bw2-dm:CommercialMember;jenv-bw2-dm:ConsolidatedMember;;;;;jenv-bw2-dm:LandAndBuildingsMember
=GROUP(BMvaTer*+BMvaBeg*+BMvaVer*);Materiële vaste activa;jenv-bw2-i_PropertyPlantEquipment;jenv-bw2-dm:CommercialMember;jenv-bw2-dm:SeparateMember;;;;;jenv-bw2-dm:LandAndBuildingsMember
=GROUP(BMvaTer*-BMvaTer???Beg+BMvaBeg*-BMvaBeg???Beg+BMvaVer*-BMvaVer???Beg);Mutatie van materiële vaste activa gedurende de periode;jenv-bw2-i_PropertyPlantEquipmentMovement;jenv-bw2-dm:CommercialMember;jenv-bw2-dm:ConsolidatedMember;;;;;jenv-bw2-dm:LandAndBuildingsMember
=GROUP(BMvaTer*-BMvaTer???Beg+BMvaBeg*-BMvaBeg???Beg+BMvaVer*-BMvaVer???Beg);Mutatie van materiële vaste activa gedurende de periode;jenv-bw2-i_PropertyPlantEquipmentMovement;jenv-bw2-dm:CommercialMember;jenv-bw2-dm:SeparateMember;;;;;jenv-bw2-dm:LandAndBuildingsMember
=GROUP(BMvaTer???Ado+BMvaBeg???Ado+BMvaVer???Ado);Verwervingen van materiële vaste activa via fusies en overnames;rj-i_PropertyPlantEquipmentAdditionsThroughAcquisitions;jenv-bw2-dm:CommercialMember;jenv-bw2-dm:ConsolidatedMember;;;;;jenv-bw2-dm:LandAndBuildingsMember
=GROUP(BMvaTer???Ado+BMvaBeg???Ado+BMvaVer???Ado);Verwervingen van materiële vaste activa via fusies en overnames;rj-i_PropertyPlantEquipmentAdditionsThroughAcquisitions;jenv-bw2-dm:CommercialMember;jenv-bw2-dm:SeparateMember;;;;;jenv-bw2-dm:LandAndBuildingsMember
=GROUP(BMvaTer???Dda+BMvaBeg???Dda+BMvaVer???Dda);Buitengebruikstellingen en afstotingen van materiële vaste activa;rj-i_PropertyPlantEquipmentDivestitures;jenv-bw2-dm:CommercialMember;jenv-bw2-dm:ConsolidatedMember;;;;;jenv-bw2-dm:LandAndBuildingsMember
=GROUP(BMvaTer???Dda+BMvaBeg???Dda+BMvaVer???Dda);Buitengebruikstellingen en afstotingen van materiële vaste activa;rj-i_PropertyPlantEquipmentDivestitures;jenv-bw2-dm:CommercialMember;jenv-bw2-dm:SeparateMember;;;;;jenv-bw2-dm:LandAndBuildingsMember
=GROUP(BMvaTer???Des+BMvaBeg???Des+BMvaVer???Des);Som van de boekwaarden der materiële vaste activa waarover de rechtspersoon aan het einde van het boekjaar niet meer beschikt;jenv-bw2-i_PropertyPlantEquipmentDisposals;jenv-bw2-dm:CommercialMember;jenv-bw2-dm:ConsolidatedMember;;;;;jenv-bw2-dm:LandAndBuildingsMember
=GROUP(BMvaTer???Des+BMvaBeg???Des+BMvaVer???Des);Som van de boekwaarden der materiële vaste activa waarover de rechtspersoon aan het einde van het boekjaar niet meer beschikt;jenv-bw2-i_PropertyPlantEquipmentDisposals;jenv-bw2-dm:CommercialMember;jenv-bw2-dm:SeparateMember;;;;;jenv-bw2-dm:LandAndBuildingsMember
=GROUP(BMvaTer???Ina+BMvaBeg???Lie+BMvaVer???Ina);Som van de waarden waartegen de in het boekjaar verkregen materiële vaste activa zijn te boek gesteld;jenv-bw2-i_PropertyPlantEquipmentAdditions;jenv-bw2-dm:CommercialMember;jenv-bw2-dm:ConsolidatedMember;;;;;jenv-bw2-dm:LandAndBuildingsMember
=GROUP(BMvaTer???Ina+BMvaBeg???Lie+BMvaVer???Ina);Som van de waarden waartegen de in het boekjaar verkregen materiële vaste activa zijn te boek gesteld;jenv-bw2-i_PropertyPlantEquipmentAdditions;jenv-bw2-dm:CommercialMember;jenv-bw2-dm:SeparateMember;;;;;jenv-bw2-dm:LandAndBuildingsMember
=GROUP(BMvaTer???Omv+BMvaBeg???Omv+BMvaVer???Omv);Omrekeningsverschillen van materiële vaste activa;rj-i_PropertyPlantEquipmentExchangeDifferences;jenv-bw2-dm:CommercialMember;jenv-bw2-dm:ConsolidatedMember;;;;;jenv-bw2-dm:LandAndBuildingsMember
=GROUP(BMvaTer???Omv+BMvaBeg???Omv+BMvaVer???Omv);Omrekeningsverschillen van materiële vaste activa;rj-i_PropertyPlantEquipmentExchangeDifferences;jenv-bw2-dm:CommercialMember;jenv-bw2-dm:SeparateMember;;;;;jenv-bw2-dm:LandAndBuildingsMember
=GROUP(BMvaTer???Ove+BMvaTer???Hcv+BMvaBeg???Ove+BMvaBeg???Hcv+BMvaVer???Ove+BMvaVer???Hcv);Overboekingen van materiële vaste activa;jenv-bw2-i_PropertyPlantEquipmentTransfers;jenv-bw2-dm:CommercialMember;jenv-bw2-dm:ConsolidatedMember;;;;;jenv-bw2-dm:LandAndBuildingsMember
=GROUP(BMvaTer???Ove+BMvaTer???Hcv+BMvaBeg???Ove+BMvaBeg???Hcv+BMvaVer???Ove+BMvaVer???Hcv);Overboekingen van materiële vaste activa;jenv-bw2-i_PropertyPlantEquipmentTransfers;jenv-bw2-dm:CommercialMember;jenv-bw2-dm:SeparateMember;;;;;jenv-bw2-dm:LandAndBuildingsMember
=GROUP(BMvaTer???Ovm+BMvaBeg???Ovm+BMvaVer???Ovm);Overige mutaties van materiële vaste activa;jenv-bw2-i_PropertyPlantEquipmentMovementsOther;jenv-bw2-dm:CommercialMember;jenv-bw2-dm:ConsolidatedMember;;;;;jenv-bw2-dm:LandAndBuildingsMember
=GROUP(BMvaTer???Ovm+BMvaBeg???Ovm+BMvaVer???Ovm);Overige mutaties van materiële vaste activa;jenv-bw2-i_PropertyPlantEquipmentMovementsOther;jenv-bw2-dm:CommercialMember;jenv-bw2-dm:SeparateMember;;;;;jenv-bw2-dm:LandAndBuildingsMember
=GROUP(BMvaTerAkp*+MvaBegAkp*+BMvaVerAkp*);Actuele kostprijs van materiële vaste activa;rj-i_PropertyPlantEquipmentActualCostPrice;jenv-bw2-dm:CommercialMember;jenv-bw2-dm:ConsolidatedMember;;;;;jenv-bw2-dm:LandAndBuildingsMember
=GROUP(BMvaTerAkp*+MvaBegAkp*+BMvaVerAkp*);Actuele kostprijs van materiële vaste activa;rj-i_PropertyPlantEquipmentActualCostPrice;jenv-bw2-dm:CommercialMember;jenv-bw2-dm:SeparateMember;;;;;jenv-bw2-dm:LandAndBuildingsMember
=GROUP(BMvaTerCae*+BMvaBegCae*+BMvaVerCae*)+GROUP(BMvaTerCuh*+BMvaBegCuh*+BMvaVerCuh*);Som der afschrijvingen en waardeverminderingen van materiële vaste activa;jenv-bw2-i_PropertyPlantEquipmentAccumulatedDepreciationImpairments;jenv-bw2-dm:CommercialMember;jenv-bw2-dm:ConsolidatedMember;;;;;jenv-bw2-dm:LandAndBuildingsMember
=GROUP(BMvaTerCae*+BMvaBegCae*+BMvaVerCae*)+GROUP(BMvaTerCuh*+BMvaBegCuh*+BMvaVerCuh*);Som der afschrijvingen en waardeverminderingen van materiële vaste activa;jenv-bw2-i_PropertyPlantEquipmentAccumulatedDepreciationImpairments;jenv-bw2-dm:CommercialMember;jenv-bw2-dm:SeparateMember;;;;;jenv-bw2-dm:LandAndBuildingsMember
=GROUP(BMvaTerCaeAfs+BMvaTerCaeHca+BMvaTerCaeOvm+BMvaBegCaeAfs+BMvaBegCaeHca+BMvaBegCaeOvm+BMvaVerCaeAfs+BMvaVerCaeHca+BMvaVerCaeOvm);Afschrijvingen van materiële vaste activa;jenv-bw2-i_PropertyPlantEquipmentDepreciation;jenv-bw2-dm:CommercialMember;jenv-bw2-dm:ConsolidatedMember;;;;;jenv-bw2-dm:LandAndBuildingsMember
=GROUP(BMvaTerCaeAfs+BMvaTerCaeHca+BMvaTerCaeOvm+BMvaBegCaeAfs+BMvaBegCaeHca+BMvaBegCaeOvm+BMvaVerCaeAfs+BMvaVerCaeHca+BMvaVerCaeOvm);Afschrijvingen van materiële vaste activa;jenv-bw2-i_PropertyPlantEquipmentDepreciation;jenv-bw2-dm:CommercialMember;jenv-bw2-dm:SeparateMember;;;;;jenv-bw2-dm:LandAndBuildingsMember
=GROUP(BMvaTerCaeDca+BMvaBegCaeDca+BMvaVerCaeDca);Afschrijving op desinvesteringen van materiële vaste activa;jenv-bw2-i_PropertyPlantEquipmentDisposalsDepreciation;jenv-bw2-dm:CommercialMember;jenv-bw2-dm:ConsolidatedMember;;;;;jenv-bw2-dm:LandAndBuildingsMember
=GROUP(BMvaTerCaeDca+BMvaBegCaeDca+BMvaVerCaeDca);Afschrijving op desinvesteringen van materiële vaste activa;jenv-bw2-i_PropertyPlantEquipmentDisposalsDepreciation;jenv-bw2-dm:CommercialMember;jenv-bw2-dm:SeparateMember;;;;;jenv-bw2-dm:LandAndBuildingsMember
=GROUP(BMvaTerCaeTvw+BMvaBegCaeTvw+BMvaVerCaeTvw);Terugneming van waardeverminderingen van materiële vaste activa;jenv-bw2-i_PropertyPlantEquipmentImpairmentReversal;jenv-bw2-dm:CommercialMember;jenv-bw2-dm:ConsolidatedMember;;;;;jenv-bw2-dm:LandAndBuildingsMember
=GROUP(BMvaTerCaeTvw+BMvaBegCaeTvw+BMvaVerCaeTvw);Terugneming van waardeverminderingen van materiële vaste activa;jenv-bw2-i_PropertyPlantEquipmentImpairmentReversal;jenv-bw2-dm:CommercialMember;jenv-bw2-dm:SeparateMember;;;;;jenv-bw2-dm:LandAndBuildingsMember
=GROUP(BMvaTerCaeWvr+BMvaBegCaeWvr+BMvaVerCaeWvr);Waardeverminderingen van materiële vaste activa;jenv-bw2-i_PropertyPlantEquipmentImpairment;jenv-bw2-dm:CommercialMember;jenv-bw2-dm:ConsolidatedMember;;;;;jenv-bw2-dm:LandAndBuildingsMember
=GROUP(BMvaTerCaeWvr+BMvaBegCaeWvr+BMvaVerCaeWvr);Waardeverminderingen van materiële vaste activa;jenv-bw2-i_PropertyPlantEquipmentImpairment;jenv-bw2-dm:CommercialMember;jenv-bw2-dm:SeparateMember;;;;;jenv-bw2-dm:LandAndBuildingsMember
=GROUP(BMvaTerCuh*+BMvaBegCuh*+BMvaVerCuh*);Som der herwaarderingen die betrekking hebben op de materiële vaste activa;jenv-bw2-i_PropertyPlantEquipmentAccumulatedRevaluations;jenv-bw2-dm:CommercialMember;jenv-bw2-dm:ConsolidatedMember;;;;;jenv-bw2-dm:LandAndBuildingsMember
=GROUP(BMvaTerCuh*+BMvaBegCuh*+BMvaVerCuh*);Som der herwaarderingen die betrekking hebben op de materiële vaste activa;jenv-bw2-i_PropertyPlantEquipmentAccumulatedRevaluations;jenv-bw2-dm:CommercialMember;jenv-bw2-dm:SeparateMember;;;;;jenv-bw2-dm:LandAndBuildingsMember
=GROUP(BMvaTerCuh*-BMvaTerCuhBeg+BMvaBegCuh*-BMvaBegCuhBeg+BMvaVerCuh*-BMvaVerCuhBeg);Herwaarderingen van materiële vaste activa;jenv-bw2-i_PropertyPlantEquipmentRevaluations;jenv-bw2-dm:CommercialMember;jenv-bw2-dm:ConsolidatedMember;;;;;jenv-bw2-dm:LandAndBuildingsMember
=GROUP(BMvaTerCuh*-BMvaTerCuhBeg+BMvaBegCuh*-BMvaBegCuhBeg+BMvaVerCuh*-BMvaVerCuhBeg);Herwaarderingen van materiële vaste activa;jenv-bw2-i_PropertyPlantEquipmentRevaluations;jenv-bw2-dm:CommercialMember;jenv-bw2-dm:SeparateMember;;;;;jenv-bw2-dm:LandAndBuildingsMember
=GROUP(BMvaTerVvp*+BMvaBegVvp*+BMvaVerVvp*);Historische kostprijs van materiële vaste activa;rj-i_PropertyPlantEquipmentCostPrice;jenv-bw2-dm:CommercialMember;jenv-bw2-dm:ConsolidatedMember;;;;;jenv-bw2-dm:LandAndBuildingsMember
=GROUP(BMvaTerVvp*+BMvaBegVvp*+BMvaVerVvp*);Historische kostprijs van materiële vaste activa;rj-i_PropertyPlantEquipmentCostPrice;jenv-bw2-dm:CommercialMember;jenv-bw2-dm:SeparateMember;;;;;jenv-bw2-dm:LandAndBuildingsMember
=GROUP(BMvaVbi*+BMvaVmv*);Materiële vaste bedrijfsactiva in uitvoering en vooruitbetalingen op materiële vaste activa;jenv-bw2-i_ConstructionInProgressPrepaymentsPropertyPlantEquipment;jenv-bw2-dm:CommercialMember;jenv-bw2-dm:ConsolidatedMember
=GROUP(BMvaVbi*+BMvaVmv*);Materiële vaste bedrijfsactiva in uitvoering en vooruitbetalingen op materiële vaste activa;jenv-bw2-i_ConstructionInProgressPrepaymentsPropertyPlantEquipment;jenv-bw2-dm:CommercialMember;jenv-bw2-dm:SeparateMember
=GROUP(BMvaVbi*+BMvaVmv*);Materiële vaste activa;jenv-bw2-i_PropertyPlantEquipment;jenv-bw2-dm:CommercialMember;jenv-bw2-dm:ConsolidatedMember;;;;;jenv-bw2-dm:ConstructionInProgressPrepaymentsPropertyPlantEquipmentMember
=GROUP(BMvaVbi*+BMvaVmv*);Materiële vaste activa;jenv-bw2-i_PropertyPlantEquipment;jenv-bw2-dm:CommercialMember;jenv-bw2-dm:SeparateMember;;;;;jenv-bw2-dm:ConstructionInProgressPrepaymentsPropertyPlantEquipmentMember
=GROUP(BMvaVbi*-BMvaVbi???Beg+BMvaVmv*-BMvaVmv???Beg);Mutatie van materiële vaste activa gedurende de periode;jenv-bw2-i_PropertyPlantEquipmentMovement;jenv-bw2-dm:CommercialMember;jenv-bw2-dm:ConsolidatedMember;;;;;jenv-bw2-dm:ConstructionInProgressPrepaymentsPropertyPlantEquipmentMember
=GROUP(BMvaVbi*-BMvaVbi???Beg+BMvaVmv*-BMvaVmv???Beg);Mutatie van materiële vaste activa gedurende de periode;jenv-bw2-i_PropertyPlantEquipmentMovement;jenv-bw2-dm:CommercialMember;jenv-bw2-dm:SeparateMember;;;;;jenv-bw2-dm:ConstructionInProgressPrepaymentsPropertyPlantEquipmentMember
=GROUP(BMvaVbi???Ado+BMvaVmv???Ado);Verwervingen van materiële vaste activa via fusies en overnames;rj-i_PropertyPlantEquipmentAdditionsThroughAcquisitions;jenv-bw2-dm:CommercialMember;jenv-bw2-dm:ConsolidatedMember;;;;;jenv-bw2-dm:ConstructionInProgressPrepaymentsPropertyPlantEquipmentMember
=GROUP(BMvaVbi???Ado+BMvaVmv???Ado);Verwervingen van materiële vaste activa via fusies en overnames;rj-i_PropertyPlantEquipmentAdditionsThroughAcquisitions;jenv-bw2-dm:CommercialMember;jenv-bw2-dm:SeparateMember;;;;;jenv-bw2-dm:ConstructionInProgressPrepaymentsPropertyPlantEquipmentMember
=GROUP(BMvaVbi???Dda+BMvaVmv???Dda);Buitengebruikstellingen en afstotingen van materiële vaste activa;rj-i_PropertyPlantEquipmentDivestitures;jenv-bw2-dm:CommercialMember;jenv-bw2-dm:ConsolidatedMember;;;;;jenv-bw2-dm:ConstructionInProgressPrepaymentsPropertyPlantEquipmentMember
=GROUP(BMvaVbi???Dda+BMvaVmv???Dda);Buitengebruikstellingen en afstotingen van materiële vaste activa;rj-i_PropertyPlantEquipmentDivestitures;jenv-bw2-dm:CommercialMember;jenv-bw2-dm:SeparateMember;;;;;jenv-bw2-dm:ConstructionInProgressPrepaymentsPropertyPlantEquipmentMember
=GROUP(BMvaVbi???Des+BMvaVmv???Des);Som van de boekwaarden der materiële vaste activa waarover de rechtspersoon aan het einde van het boekjaar niet meer beschikt;jenv-bw2-i_PropertyPlantEquipmentDisposals;jenv-bw2-dm:CommercialMember;jenv-bw2-dm:ConsolidatedMember;;;;;jenv-bw2-dm:ConstructionInProgressPrepaymentsPropertyPlantEquipmentMember
=GROUP(BMvaVbi???Des+BMvaVmv???Des);Som van de boekwaarden der materiële vaste activa waarover de rechtspersoon aan het einde van het boekjaar niet meer beschikt;jenv-bw2-i_PropertyPlantEquipmentDisposals;jenv-bw2-dm:CommercialMember;jenv-bw2-dm:SeparateMember;;;;;jenv-bw2-dm:ConstructionInProgressPrepaymentsPropertyPlantEquipmentMember
=GROUP(BMvaVbi???Ina+BMvaVmv???Ina);Som van de waarden waartegen de in het boekjaar verkregen materiële vaste activa zijn te boek gesteld;jenv-bw2-i_PropertyPlantEquipmentAdditions;jenv-bw2-dm:CommercialMember;jenv-bw2-dm:ConsolidatedMember;;;;;jenv-bw2-dm:ConstructionInProgressPrepaymentsPropertyPlantEquipmentMember
=GROUP(BMvaVbi???Ina+BMvaVmv???Ina);Som van de waarden waartegen de in het boekjaar verkregen materiële vaste activa zijn te boek gesteld;jenv-bw2-i_PropertyPlantEquipmentAdditions;jenv-bw2-dm:CommercialMember;jenv-bw2-dm:SeparateMember;;;;;jenv-bw2-dm:ConstructionInProgressPrepaymentsPropertyPlantEquipmentMember
=GROUP(BMvaVbi???Omv+BMvaVmv???Omv);Omrekeningsverschillen van materiële vaste activa;rj-i_PropertyPlantEquipmentExchangeDifferences;jenv-bw2-dm:CommercialMember;jenv-bw2-dm:ConsolidatedMember;;;;;jenv-bw2-dm:ConstructionInProgressPrepaymentsPropertyPlantEquipmentMember
=GROUP(BMvaVbi???Omv+BMvaVmv???Omv);Omrekeningsverschillen van materiële vaste activa;rj-i_PropertyPlantEquipmentExchangeDifferences;jenv-bw2-dm:CommercialMember;jenv-bw2-dm:SeparateMember;;;;;jenv-bw2-dm:ConstructionInProgressPrepaymentsPropertyPlantEquipmentMember
=GROUP(BMvaVbi???Ove+BMvaVmv???Ove);Overboekingen van materiële vaste activa;jenv-bw2-i_PropertyPlantEquipmentTransfers;jenv-bw2-dm:CommercialMember;jenv-bw2-dm:ConsolidatedMember;;;;;jenv-bw2-dm:ConstructionInProgressPrepaymentsPropertyPlantEquipmentMember
=GROUP(BMvaVbi???Ove+BMvaVmv???Ove);Overboekingen van materiële vaste activa;jenv-bw2-i_PropertyPlantEquipmentTransfers;jenv-bw2-dm:CommercialMember;jenv-bw2-dm:SeparateMember;;;;;jenv-bw2-dm:ConstructionInProgressPrepaymentsPropertyPlantEquipmentMember
=GROUP(BMvaVbi???Ovm+BMvaVmv???Ovm);Overige mutaties van materiële vaste activa;jenv-bw2-i_PropertyPlantEquipmentMovementsOther;jenv-bw2-dm:CommercialMember;jenv-bw2-dm:ConsolidatedMember;;;;;jenv-bw2-dm:ConstructionInProgressPrepaymentsPropertyPlantEquipmentMember
=GROUP(BMvaVbi???Ovm+BMvaVmv???Ovm);Overige mutaties van materiële vaste activa;jenv-bw2-i_PropertyPlantEquipmentMovementsOther;jenv-bw2-dm:CommercialMember;jenv-bw2-dm:SeparateMember;;;;;jenv-bw2-dm:ConstructionInProgressPrepaymentsPropertyPlantEquipmentMember
=GROUP(BMvaVbiAkp*+BMvaVmvAkp*);Actuele kostprijs van materiële vaste activa;rj-i_PropertyPlantEquipmentActualCostPrice;jenv-bw2-dm:CommercialMember;jenv-bw2-dm:ConsolidatedMember;;;;;jenv-bw2-dm:ConstructionInProgressPrepaymentsPropertyPlantEquipmentMember
=GROUP(BMvaVbiAkp*+BMvaVmvAkp*);Actuele kostprijs van materiële vaste activa;rj-i_PropertyPlantEquipmentActualCostPrice;jenv-bw2-dm:CommercialMember;jenv-bw2-dm:SeparateMember;;;;;jenv-bw2-dm:ConstructionInProgressPrepaymentsPropertyPlantEquipmentMember
=GROUP(BMvaVbiCae*+BMvaVmvCae*)+GROUP(BMvaVbiCuh*+BMvaVmvCuh*);Som der afschrijvingen en waardeverminderingen van materiële vaste activa;jenv-bw2-i_PropertyPlantEquipmentAccumulatedDepreciationImpairments;jenv-bw2-dm:CommercialMember;jenv-bw2-dm:ConsolidatedMember;;;;;jenv-bw2-dm:ConstructionInProgressPrepaymentsPropertyPlantEquipmentMember
=GROUP(BMvaVbiCae*+BMvaVmvCae*)+GROUP(BMvaVbiCuh*+BMvaVmvCuh*);Som der afschrijvingen en waardeverminderingen van materiële vaste activa;jenv-bw2-i_PropertyPlantEquipmentAccumulatedDepreciationImpairments;jenv-bw2-dm:CommercialMember;jenv-bw2-dm:SeparateMember;;;;;jenv-bw2-dm:ConstructionInProgressPrepaymentsPropertyPlantEquipmentMember
=GROUP(BMvaVbiCaeAfs+BMvaVmvCaeAfs);Afschrijvingen van materiële vaste activa;jenv-bw2-i_PropertyPlantEquipmentDepreciation;jenv-bw2-dm:CommercialMember;jenv-bw2-dm:ConsolidatedMember;;;;;jenv-bw2-dm:ConstructionInProgressPrepaymentsPropertyPlantEquipmentMember
=GROUP(BMvaVbiCaeAfs+BMvaVmvCaeAfs);Afschrijvingen van materiële vaste activa;jenv-bw2-i_PropertyPlantEquipmentDepreciation;jenv-bw2-dm:CommercialMember;jenv-bw2-dm:SeparateMember;;;;;jenv-bw2-dm:ConstructionInProgressPrepaymentsPropertyPlantEquipmentMember
=GROUP(BMvaVbiCaeDca+BMvaVmvCaeDca);Afschrijving op desinvesteringen van materiële vaste activa;jenv-bw2-i_PropertyPlantEquipmentDisposalsDepreciation;jenv-bw2-dm:CommercialMember;jenv-bw2-dm:ConsolidatedMember;;;;;jenv-bw2-dm:ConstructionInProgressPrepaymentsPropertyPlantEquipmentMember
=GROUP(BMvaVbiCaeDca+BMvaVmvCaeDca);Afschrijving op desinvesteringen van materiële vaste activa;jenv-bw2-i_PropertyPlantEquipmentDisposalsDepreciation;jenv-bw2-dm:CommercialMember;jenv-bw2-dm:SeparateMember;;;;;jenv-bw2-dm:ConstructionInProgressPrepaymentsPropertyPlantEquipmentMember
=GROUP(BMvaVbiCaeTvw+BMvaVmvCaeTvw);Terugneming van waardeverminderingen van materiële vaste activa;jenv-bw2-i_PropertyPlantEquipmentImpairmentReversal;jenv-bw2-dm:CommercialMember;jenv-bw2-dm:ConsolidatedMember;;;;;jenv-bw2-dm:ConstructionInProgressPrepaymentsPropertyPlantEquipmentMember
=GROUP(BMvaVbiCaeTvw+BMvaVmvCaeTvw);Terugneming van waardeverminderingen van materiële vaste activa;jenv-bw2-i_PropertyPlantEquipmentImpairmentReversal;jenv-bw2-dm:CommercialMember;jenv-bw2-dm:SeparateMember;;;;;jenv-bw2-dm:ConstructionInProgressPrepaymentsPropertyPlantEquipmentMember
=GROUP(BMvaVbiCaeWvr+BMvaVmvCaeWvr);Waardeverminderingen van materiële vaste activa;jenv-bw2-i_PropertyPlantEquipmentImpairment;jenv-bw2-dm:CommercialMember;jenv-bw2-dm:ConsolidatedMember;;;;;jenv-bw2-dm:ConstructionInProgressPrepaymentsPropertyPlantEquipmentMember
=GROUP(BMvaVbiCaeWvr+BMvaVmvCaeWvr);Waardeverminderingen van materiële vaste activa;jenv-bw2-i_PropertyPlantEquipmentImpairment;jenv-bw2-dm:CommercialMember;jenv-bw2-dm:SeparateMember;;;;;jenv-bw2-dm:ConstructionInProgressPrepaymentsPropertyPlantEquipmentMember
=GROUP(BMvaVbiCuh*+BMvaVmvCuh*);Som der herwaarderingen die betrekking hebben op de materiële vaste activa;jenv-bw2-i_PropertyPlantEquipmentAccumulatedRevaluations;jenv-bw2-dm:CommercialMember;jenv-bw2-dm:ConsolidatedMember;;;;;jenv-bw2-dm:ConstructionInProgressPrepaymentsPropertyPlantEquipmentMember
=GROUP(BMvaVbiCuh*+BMvaVmvCuh*);Som der herwaarderingen die betrekking hebben op de materiële vaste activa;jenv-bw2-i_PropertyPlantEquipmentAccumulatedRevaluations;jenv-bw2-dm:CommercialMember;jenv-bw2-dm:SeparateMember;;;;;jenv-bw2-dm:ConstructionInProgressPrepaymentsPropertyPlantEquipmentMember
=GROUP(BMvaVbiCuh*-BMvaVbiCuhBeg+BMvaVmvCuh*-BMvaVmvCuhBeg);Herwaarderingen van materiële vaste activa;jenv-bw2-i_PropertyPlantEquipmentRevaluations;jenv-bw2-dm:CommercialMember;jenv-bw2-dm:ConsolidatedMember;;;;;jenv-bw2-dm:ConstructionInProgressPrepaymentsPropertyPlantEquipmentMember
=GROUP(BMvaVbiCuh*-BMvaVbiCuhBeg+BMvaVmvCuh*-BMvaVmvCuhBeg);Herwaarderingen van materiële vaste activa;jenv-bw2-i_PropertyPlantEquipmentRevaluations;jenv-bw2-dm:CommercialMember;jenv-bw2-dm:SeparateMember;;;;;jenv-bw2-dm:ConstructionInProgressPrepaymentsPropertyPlantEquipmentMember
=GROUP(BMvaVbiVvp*+BMvaVmvVvp*);Historische kostprijs van materiële vaste activa;rj-i_PropertyPlantEquipmentCostPrice;jenv-bw2-dm:CommercialMember;jenv-bw2-dm:ConsolidatedMember;;;;;jenv-bw2-dm:ConstructionInProgressPrepaymentsPropertyPlantEquipmentMember
=GROUP(BMvaVbiVvp*+BMvaVmvVvp*);Historische kostprijs van materiële vaste activa;rj-i_PropertyPlantEquipmentCostPrice;jenv-bw2-dm:CommercialMember;jenv-bw2-dm:SeparateMember;;;;;jenv-bw2-dm:ConstructionInProgressPrepaymentsPropertyPlantEquipmentMember
=GROUP(BProOnpGkn*+BProOnpKvp*+BProOnpOpo*+BProOnpVzv*+BProOnpWin*);Cumulatieve projectopbrengsten van onderhanden projecten;rj-i_ConstructionContractsAccumulatedProjectRevenues;jenv-bw2-dm:CommercialMember;jenv-bw2-dm:ConsolidatedMember
=GROUP(BProOnpOpo*+BProOnpGet*+BProOnpVzv*+BProOnpWin*);Cumulatieve projectopbrengsten van onderhanden projecten;rj-i_ConstructionContractsAccumulatedProjectRevenues;jenv-bw2-dm:CommercialMember;jenv-bw2-dm:SeparateMember
=GROUP(BProOnpOpv*+BProOnpGet*+BProOnpOpi*);In rekening gebrachte termijnen;rj-i_ConstructionContractsProgressBillings;jenv-bw2-dm:CommercialMember;jenv-bw2-dm:ConsolidatedMember
=GROUP(BSchBep*-BSchBepVpb*);Kortlopende schulden ter zake van belastingen en premies van sociale verzekeringen;jenv-bw2-i_TaxesSocialSecurityContributionsPayableCurrent;jenv-bw2-dm:CommercialMember;jenv-bw2-dm:ConsolidatedMember
=GROUP(BSchBep*-BSchBepVpb*);Kortlopende schulden ter zake van belastingen en premies van sociale verzekeringen;jenv-bw2-i_TaxesSocialSecurityContributionsPayableCurrent;jenv-bw2-dm:CommercialMember;jenv-bw2-dm:SeparateMember
=GROUP(BSchKolAlk*+BSchKolClk*);Kortlopende converteerbare leningen;jenv-bw2-i_ConvertibleBorrowingsCurrent;jenv-bw2-dm:CommercialMember;jenv-bw2-dm:ConsolidatedMember
=GROUP(BSchKolAlk*+BSchKolClk*);Kortlopende converteerbare leningen;jenv-bw2-i_ConvertibleBorrowingsCurrent;jenv-bw2-dm:CommercialMember;jenv-bw2-dm:SeparateMember
=GROUP(BSchKolAov*+BSchFlk*);Kortlopende financiële leaseverplichtingen;rj-i_FinanceLeaseLiabilitiesCurrent;jenv-bw2-dm:CommercialMember;jenv-bw2-dm:ConsolidatedMember
=GROUP(BSchKolAov*+BSchFlk*);Kortlopende financiële leaseverplichtingen;rj-i_FinanceLeaseLiabilitiesCurrent;jenv-bw2-dm:CommercialMember;jenv-bw2-dm:SeparateMember
=GROUP(BSchOpa*+BSchTus*);Kortlopende overlopende passiva;jenv-bw2-i_AccrualsAndDeferredIncomeCurrent;jenv-bw2-dm:CommercialMember;jenv-bw2-dm:ConsolidatedMember
=GROUP(BSchOpa*+BSchTus*);Kortlopende overlopende passiva;jenv-bw2-i_AccrualsAndDeferredIncomeCurrent;jenv-bw2-dm:CommercialMember;jenv-bw2-dm:SeparateMember
=GROUP(BSchOppOppGkn*+BSchOppOppKvp*+BSchOppOppOpo*+BSchOppOppVzv*+BSchOppOppWin*);Cumulatieve projectopbrengsten van onderhanden projecten;rj-i_ConstructionContractsAccumulatedProjectRevenuesRecordedAsLiability;jenv-bw2-dm:CommercialMember;jenv-bw2-dm:ConsolidatedMember
=GROUP(BSchOppOppOpo+BSchOppOppGet+BSchOppOppVzv+BSchOppOppWin);Cumulatieve projectopbrengsten van onderhanden projecten;rj-i_ConstructionContractsAccumulatedProjectRevenuesRecordedAsLiability;jenv-bw2-dm:CommercialMember;jenv-bw2-dm:SeparateMember
=GROUP(BSchOppOppOpv*+BSchOppOppGet*+BSchOppOppOpi*);In rekening gebrachte termijnen;rj-i_ConstructionContractsProgressBillingsRecordedAsLiability;jenv-bw2-dm:CommercialMember;jenv-bw2-dm:ConsolidatedMember
=GROUP(BSchOvs*+BSchSdn*+BSchSlc*+BSchSoh*+BSchKolDer*);Kortlopende overige schulden;jenv-bw2-i_PayablesOtherCurrent;jenv-bw2-dm:CommercialMember;jenv-bw2-dm:ConsolidatedMember
=GROUP(BSchOvs*+BSchSdn*+BSchSlc*+BSchSoh*+BSchKolDer*);Kortlopende overige schulden;jenv-bw2-i_PayablesOtherCurrent;jenv-bw2-dm:CommercialMember;jenv-bw2-dm:SeparateMember
=GROUP(BSchSag*+BSchSap*);Kortlopende schulden aan deelnemingen waarin de rechtspersoon invloed van betekenis kan uitoefenen;rj-i_LiabilitiesCurrentToParticipatingInterestsExerciseSignificantInfluence;jenv-bw2-dm:CommercialMember;jenv-bw2-dm:ConsolidatedMember
=GROUP(BSchSag*+BSchSap*);Kortlopende schulden aan deelnemingen waarin de rechtspersoon invloed van betekenis kan uitoefenen;rj-i_LiabilitiesCurrentToParticipatingInterestsExerciseSignificantInfluence;jenv-bw2-dm:CommercialMember;jenv-bw2-dm:SeparateMember
=GROUP(BSchSal*-BSchSalTbv-BSchSalTvg-BSchSalVab);Schulden uit hoofde van personeelsbeloningen;rj-i_PayablesEmployeeBenefitsExpenses;jenv-bw2-dm:CommercialMember;jenv-bw2-dm:ConsolidatedMember
=GROUP(BSchSal*-BSchSalTbv-BSchSalTvg-BSchSalVab);Schulden uit hoofde van personeelsbeloningen;rj-i_PayablesEmployeeBenefitsExpenses;jenv-bw2-dm:CommercialMember;jenv-bw2-dm:SeparateMember
=GROUP(BSchSalTvg+BSchSalVab);Schulden uit hoofde van vakantiegeld;rj-i_PayablesHolidayPay;jenv-bw2-dm:CommercialMember;jenv-bw2-dm:ConsolidatedMember
=GROUP(BSchSalTvg+BSchSalVab);Schulden uit hoofde van vakantiegeld;rj-i_PayablesHolidayPay;jenv-bw2-dm:CommercialMember;jenv-bw2-dm:SeparateMember
=GROUP(BSchShb*+BSchBepVpb*);Schulden uit hoofde van belasting naar de winst;rj-i_PayablesIncomeTaxCurrent;jenv-bw2-dm:CommercialMember;jenv-bw2-dm:ConsolidatedMember
=GROUP(BSchShb*+BSchBepVpb*);Schulden uit hoofde van belasting naar de winst;rj-i_PayablesIncomeTaxCurrent;jenv-bw2-dm:CommercialMember;jenv-bw2-dm:SeparateMember
=GROUP(BVas*-BVas??????Beg);Mutatie gedurende de periode van vastgoedbeleggingen;rj-i_InvestmentPropertiesMovement;jenv-bw2-dm:CommercialMember;jenv-bw2-dm:ConsolidatedMember;;;;rj-dm:InvestmentPropertiesMember
=GROUP(BVas*-BVas??????Beg);Mutatie gedurende de periode van vastgoedbeleggingen;rj-i_InvestmentPropertiesMovement;jenv-bw2-dm:CommercialMember;jenv-bw2-dm:SeparateMember;;;;rj-dm:InvestmentPropertiesMember
=GROUP(BVas??????Afs+BVas???CaeOnv+BVas???CaeOpl);Afschrijvingen van vastgoedbeleggingen;rj-i_InvestmentPropertiesDepreciation;jenv-bw2-dm:CommercialMember;jenv-bw2-dm:ConsolidatedMember;;;;rj-dm:InvestmentPropertiesMember
=GROUP(BVas??????Des+BVas??????Dda)-BVas???CaeDes;Desinvesteringen van vastgoedbeleggingen;rj-i_InvestmentPropertiesDisposals;jenv-bw2-dm:CommercialMember;jenv-bw2-dm:ConsolidatedMember;;;;rj-dm:InvestmentPropertiesMember
=GROUP(BVas??????Des+BVas??????Dda)-BVas???CaeDes;Desinvesteringen van vastgoedbeleggingen;rj-i_InvestmentPropertiesDisposals;jenv-bw2-dm:CommercialMember;jenv-bw2-dm:SeparateMember;;;;rj-dm:InvestmentPropertiesMember
=GROUP(BVas??????Hcv+BVas??????Oio+BVas??????Ovr+BVas??????Ove+BVas??????Hnd+BVas??????Hvd+BVas??????Hcd)-BVasVioCaeOve;Overboekingen van en naar voorraden en vastgoed voor eigen gebruik;rj-i_InvestmentPropertiesTransfers;jenv-bw2-dm:CommercialMember;jenv-bw2-dm:ConsolidatedMember;;;;rj-dm:InvestmentPropertiesMember
=GROUP(BVas??????Hcv+BVas??????Oio+BVas??????Ovr+BVas??????Ove+BVas??????Hnd+BVas??????Hvd+BVas??????Hcd)-BVasVioCaeOve;Overboekingen van en naar voorraden en vastgoed voor eigen gebruik;rj-i_InvestmentPropertiesTransfers;jenv-bw2-dm:CommercialMember;jenv-bw2-dm:SeparateMember;;;;rj-dm:InvestmentPropertiesMember
=GROUP(BVas??????Ina+BVas??????Vio+BVas??????Inv+BVas??????Ive+BVas???VvpOpl);Initiële verkrijgingen van vastgoedbeleggingen;rj-i_InvestmentPropertiesAdditionsInitial;jenv-bw2-dm:CommercialMember;jenv-bw2-dm:ConsolidatedMember;;;;rj-dm:InvestmentPropertiesMember
=GROUP(BVas??????Ina+BVas??????Vio+BVas??????Inv+BVas??????Ive+BVas???VvpOpl);Initiële verkrijgingen van vastgoedbeleggingen;rj-i_InvestmentPropertiesAdditionsInitial;jenv-bw2-dm:CommercialMember;jenv-bw2-dm:SeparateMember;;;;rj-dm:InvestmentPropertiesMember
=GROUP(BVas??????Ina+BVas??????Vio+BVas??????Inv+BVas??????Ive+BVas???VvpOpl+BVas??????Une);Investeringen in vastgoedbeleggingen;rj-i_InvestmentPropertiesAdditions;jenv-bw2-dm:CommercialMember;jenv-bw2-dm:ConsolidatedMember;;;;rj-dm:InvestmentPropertiesMember
=GROUP(BVas??????Ina+BVas??????Vio+BVas??????Inv+BVas??????Ive+BVas???VvpOpl+BVas??????Une);Investeringen in vastgoedbeleggingen;rj-i_InvestmentPropertiesAdditions;jenv-bw2-dm:CommercialMember;jenv-bw2-dm:SeparateMember;;;;rj-dm:InvestmentPropertiesMember
=GROUP(BVas??????Ovm+BVas???Cuh*-BVas???CuhBeg)-BVas??????Raw;Overige mutaties van vastgoedbeleggingen;rj-i_InvestmentPropertiesMovementsOther;jenv-bw2-dm:CommercialMember;jenv-bw2-dm:SeparateMember;;;;rj-dm:InvestmentPropertiesMember
=GROUP(BVas??????Ovm-BVas???CaeOvm+BVas???Cuh*-BVas???CuhBeg)-BVas???CuhOvm-BVas???CaeOvm-BVas??????Raw;Overige mutaties van vastgoedbeleggingen;rj-i_InvestmentPropertiesMovementsOther;jenv-bw2-dm:CommercialMember;jenv-bw2-dm:ConsolidatedMember;;;;rj-dm:InvestmentPropertiesMember
=GROUP(BVas??????Wvr+BVas???CaeDes+BVas???CaeHcb+BVas???CaeOve);Bijzondere waardeverminderingen van vastgoedbeleggingen;rj-i_InvestmentPropertiesImpairment;jenv-bw2-dm:CommercialMember;jenv-bw2-dm:SeparateMember;;;;rj-dm:InvestmentPropertiesMember
=GROUP(BVas??????Wvr+BVas???CaeDes+BVas???CaeHcb+BVas???CaeOve+BVas???CaeOvm);Bijzondere waardeverminderingen van vastgoedbeleggingen;rj-i_InvestmentPropertiesImpairment;jenv-bw2-dm:CommercialMember;jenv-bw2-dm:ConsolidatedMember;;;;rj-dm:InvestmentPropertiesMember
=GROUP(BVas???Cae*+BVas???Cuh*);Som der afschrijvingen en waardeverminderingen van vastgoedbeleggingen;jenv-bw2-i_InvestmentPropertiesAccumulatedDepreciationImpairments;jenv-bw2-dm:CommercialMember;jenv-bw2-dm:ConsolidatedMember;;;;rj-dm:InvestmentPropertiesMember
=GROUP(BVas???Cae*+BVas???Cuh*);Som der afschrijvingen en waardeverminderingen van vastgoedbeleggingen;jenv-bw2-i_InvestmentPropertiesAccumulatedDepreciationImpairments;jenv-bw2-dm:CommercialMember;jenv-bw2-dm:SeparateMember;;;;rj-dm:InvestmentPropertiesMember
=GROUP(BVasSvi*+BVasCvi*+BVasOzv*);Vastgoedbeleggingen in exploitatie;rj-cp-i_InvestmentPropertiesInExploitation;jenv-bw2-dm:CommercialMember;jenv-bw2-dm:ConsolidatedMember
=GROUP(BVasSvi*+BVasCvi*+BVasOzv*);Vastgoedbeleggingen;rj-i_InvestmentProperties;jenv-bw2-dm:CommercialMember;jenv-bw2-dm:ConsolidatedMember;;;;rj-cp-dm:InvestmentPropertiesInExploitationMember
=GROUP(BVasSvi*+BVasCvi*+BVasOzv*);Vastgoedbeleggingen in exploitatie;rj-cp-i_InvestmentPropertiesInExploitation;jenv-bw2-dm:CommercialMember;jenv-bw2-dm:SeparateMember
=GROUP(BVasSvi*+BVasCvi*+BVasOzv*);Vastgoedbeleggingen;rj-i_InvestmentProperties;jenv-bw2-dm:CommercialMember;jenv-bw2-dm:SeparateMember;;;;rj-cp-dm:InvestmentPropertiesInExploitationMember
=GROUP(BVasSvi*-BVasSvi???Beg+BVasCvi*-BVasCvi???Beg+BVasOzv*-BVasOzv???Beg);Mutatie gedurende de periode van vastgoedbeleggingen;rj-i_InvestmentPropertiesMovement;jenv-bw2-dm:CommercialMember;jenv-bw2-dm:ConsolidatedMember;;;;rj-cp-dm:InvestmentPropertiesInExploitationMember
=GROUP(BVasSvi*-BVasSvi???Beg+BVasCvi*-BVasCvi???Beg+BVasOzv*-BVasOzv???Beg);Mutatie gedurende de periode van vastgoedbeleggingen;rj-i_InvestmentPropertiesMovement;jenv-bw2-dm:CommercialMember;jenv-bw2-dm:SeparateMember;;;;rj-cp-dm:InvestmentPropertiesInExploitationMember
=GROUP(BVasSvi???Ado+BVasCvi???Ado+BVasOzv???Ado);Investeringen in vastgoedbeleggingen uit hoofde van overnames;rj-i_InvestmentPropertiesAdditionsThroughAcquisitions;jenv-bw2-dm:CommercialMember;jenv-bw2-dm:ConsolidatedMember;;;;rj-cp-dm:InvestmentPropertiesInExploitationMember
=GROUP(BVasSvi???Ado+BVasCvi???Ado+BVasOzv???Ado);Investeringen in vastgoedbeleggingen uit hoofde van overnames;rj-i_InvestmentPropertiesAdditionsThroughAcquisitions;jenv-bw2-dm:CommercialMember;jenv-bw2-dm:SeparateMember;;;;rj-cp-dm:InvestmentPropertiesInExploitationMember
=GROUP(BVasSvi???Des+BVasCvi???Des+BVasOzv???Des+BVasSvi???Dda+BVasCvi???Dda+BVasOzv???Dda)-BVasSviCaeDes-BVasCviCaeDes;Desinvesteringen van vastgoedbeleggingen;rj-i_InvestmentPropertiesDisposals;jenv-bw2-dm:CommercialMember;jenv-bw2-dm:ConsolidatedMember;;;;rj-cp-dm:InvestmentPropertiesInExploitationMember
=GROUP(BVasSvi???Des+BVasCvi???Des+BVasOzv???Des+BVasSvi???Dda+BVasCvi???Dda+BVasOzv???Dda)-BVasSviCaeDes-BVasCviCaeDes;Desinvesteringen van vastgoedbeleggingen;rj-i_InvestmentPropertiesDisposals;jenv-bw2-dm:CommercialMember;jenv-bw2-dm:SeparateMember;;;;rj-cp-dm:InvestmentPropertiesInExploitationMember
=GROUP(BVasSvi???Hcv+BVasSvi???Oio+BVasSvi???Ovr+BVasSvi???Ove+BVasCvi???Hcv+BVasCvi???Oio+BVasCvi???Ovr+BVasCvi???Ove+BVasOzv???Hcv+BVasOzv???Ove)+GROUP(BVasSvi???Hnd+BVasSvi???Hvd+BVasCvi???Hcd+BVasCvi???Hvd);Overboekingen van en naar voorraden en vastgoed voor eigen gebruik;rj-i_InvestmentPropertiesTransfers;jenv-bw2-dm:CommercialMember;jenv-bw2-dm:SeparateMember;;;;rj-cp-dm:InvestmentPropertiesInExploitationMember
=GROUP(BVasSvi???Hcv+BVasSvi???Oio+BVasSvi???Ovr+BVasSvi???Ove+BVasSvi???Hnd+BVasSvi???Hvd+BVasCvi???Hcv+BVasCvi???Oio+BVasCvi???Ovr+BVasCvi???Ove+BVasOzv???Hcv+BVasOzv???Ove+BVasCvi???Hcd+BVasCvi???Hvd);Overboekingen van en naar voorraden en vastgoed voor eigen gebruik;rj-i_InvestmentPropertiesTransfers;jenv-bw2-dm:CommercialMember;jenv-bw2-dm:ConsolidatedMember;;;;rj-cp-dm:InvestmentPropertiesInExploitationMember
=GROUP(BVasSvi???Ina+BVasSvi???Vio+BVasCvi???Ina+BVasCvi???Vio+BVasOzv???Ina);Initiële verkrijgingen van vastgoedbeleggingen;rj-i_InvestmentPropertiesAdditionsInitial;jenv-bw2-dm:CommercialMember;jenv-bw2-dm:ConsolidatedMember;;;;rj-cp-dm:InvestmentPropertiesInExploitationMember
=GROUP(BVasSvi???Ina+BVasSvi???Vio+BVasCvi???Ina+BVasCvi???Vio+BVasOzv???Ina);Initiële verkrijgingen van vastgoedbeleggingen;rj-i_InvestmentPropertiesAdditionsInitial;jenv-bw2-dm:CommercialMember;jenv-bw2-dm:SeparateMember;;;;rj-cp-dm:InvestmentPropertiesInExploitationMember
=GROUP(BVasSvi???Ina+BVasSvi???Vio+BVasCvi???Ina+BVasCvi???Vio+BVasOzv???Ina+BVasSvi???Une+BVasCvi???Une+BVasOzv???Une);Investeringen in vastgoedbeleggingen;rj-i_InvestmentPropertiesAdditions;jenv-bw2-dm:CommercialMember;jenv-bw2-dm:ConsolidatedMember;;;;rj-cp-dm:InvestmentPropertiesInExploitationMember
=GROUP(BVasSvi???Ina+BVasSvi???Vio+BVasCvi???Ina+BVasCvi???Vio+BVasOzv???Ina+BVasSvi???Une+BVasCvi???Une+BVasOzv???Une);Investeringen in vastgoedbeleggingen;rj-i_InvestmentPropertiesAdditions;jenv-bw2-dm:CommercialMember;jenv-bw2-dm:SeparateMember;;;;rj-cp-dm:InvestmentPropertiesInExploitationMember
=GROUP(BVasSvi???Omv+BVasCvi???Omv+BVasOzv???Omv);Omrekeningsverschillen van jaarrekeningen van buitenlandse entiteit;rj-i_InvestmentPropertiesExchangeDifferences;jenv-bw2-dm:CommercialMember;jenv-bw2-dm:ConsolidatedMember;;;;rj-cp-dm:InvestmentPropertiesInExploitationMember
=GROUP(BVasSvi???Omv+BVasCvi???Omv+BVasOzv???Omv);Omrekeningsverschillen van jaarrekeningen van buitenlandse entiteit;rj-i_InvestmentPropertiesExchangeDifferences;jenv-bw2-dm:CommercialMember;jenv-bw2-dm:SeparateMember;;;;rj-cp-dm:InvestmentPropertiesInExploitationMember
=GROUP(BVasSvi???Ovm+BVasCvi???Ovm+BVasOzv???Ovm+BVasSviCuh*-BVasSviCuhBeg+BVasCviCuh*-BVasCviCuhBeg+BVasOvzCuh*-BVasOvzCuhBeg-BVasSviCuhOvm-BVasCviCuhOvm-BVasSviCuhRaw-BVasCviCuhRaw-BVasOzvCuhRaw);Overige mutaties van vastgoedbeleggingen;rj-i_InvestmentPropertiesMovementsOther;jenv-bw2-dm:CommercialMember;jenv-bw2-dm:ConsolidatedMember;;;;rj-cp-dm:InvestmentPropertiesInExploitationMember
=GROUP(BVasSvi???Ovm+BVasCvi???Ovm+BVasOzv???Ovm+BVasSviCuh*-BVasSviCuhBeg+BVasCviCuh*-BVasCviCuhBeg+BVasOvzCuh*-BVasOvzCuhBeg-BVasSviCuhRaw-BVasCviCuhRaw-BVasOzvCuhRaw);Overige mutaties van vastgoedbeleggingen;rj-i_InvestmentPropertiesMovementsOther;jenv-bw2-dm:CommercialMember;jenv-bw2-dm:SeparateMember;;;;rj-cp-dm:InvestmentPropertiesInExploitationMember
=GROUP(BVasSvi???Une+BVasCvi???Une+BVasOzv???Une);Uitgaven na eerste waardering van vastgoedbeleggingen;rj-i_InvestmentPropertiesAdditionsSubsequentExpenditures;jenv-bw2-dm:CommercialMember;jenv-bw2-dm:ConsolidatedMember;;;;rj-cp-dm:InvestmentPropertiesInExploitationMember
=GROUP(BVasSvi???Une+BVasCvi???Une+BVasOzv???Une);Uitgaven na eerste waardering van vastgoedbeleggingen;rj-i_InvestmentPropertiesAdditionsSubsequentExpenditures;jenv-bw2-dm:CommercialMember;jenv-bw2-dm:SeparateMember;;;;rj-cp-dm:InvestmentPropertiesInExploitationMember
=GROUP(BVasSviAkp*+BVasCviAkp*+BVasOzvAkp*);Actuele kostprijs van vastgoedbeleggingen;rj-i_InvestmentPropertiesActualCostPrice;jenv-bw2-dm:CommercialMember;jenv-bw2-dm:ConsolidatedMember;;;;rj-cp-dm:InvestmentPropertiesInExploitationMember
=GROUP(BVasSviAkp*+BVasCviAkp*+BVasOzvAkp*);Actuele kostprijs van vastgoedbeleggingen;rj-i_InvestmentPropertiesActualCostPrice;jenv-bw2-dm:CommercialMember;jenv-bw2-dm:SeparateMember;;;;rj-cp-dm:InvestmentPropertiesInExploitationMember
=GROUP(BVasSviCae*+BVasCviCae*+BVasOzvCae*)+GROUP(BVasSviCuh*+BVasCviCuh*+BVasOzvCuh*);Som der afschrijvingen en waardeverminderingen van vastgoedbeleggingen;jenv-bw2-i_InvestmentPropertiesAccumulatedDepreciationImpairments;jenv-bw2-dm:CommercialMember;jenv-bw2-dm:ConsolidatedMember;;;;rj-cp-dm:InvestmentPropertiesInExploitationMember
=GROUP(BVasSviCae*+BVasCviCae*+BVasOzvCae*)+GROUP(BVasSviCuh*+BVasCviCuh*+BVasOzvCuh*);Som der afschrijvingen en waardeverminderingen van vastgoedbeleggingen;jenv-bw2-i_InvestmentPropertiesAccumulatedDepreciationImpairments;jenv-bw2-dm:CommercialMember;jenv-bw2-dm:SeparateMember;;;;rj-cp-dm:InvestmentPropertiesInExploitationMember
=GROUP(BVasSviCaeAfs+BVasCviCaeAfs+BVasOzvCaeAfs);Afschrijvingen van vastgoedbeleggingen;rj-i_InvestmentPropertiesDepreciation;jenv-bw2-dm:CommercialMember;jenv-bw2-dm:ConsolidatedMember;;;;rj-cp-dm:InvestmentPropertiesInExploitationMember
=GROUP(BVasSviCaeAfs+BVasCviCaeAfs+BVasOzvCaeAfs);Afschrijvingen van vastgoedbeleggingen;rj-i_InvestmentPropertiesDepreciation;jenv-bw2-dm:CommercialMember;jenv-bw2-dm:SeparateMember;;;;rj-cp-dm:InvestmentPropertiesInExploitationMember
=GROUP(BVasSviCaeDca+BVasCviCaeDca+BVasOzvCaeDca);Afschrijvingen op desinvesteringen van vastgoedbeleggingen;rj-i_InvestmentPropertiesDisposalsDepreciation;jenv-bw2-dm:CommercialMember;jenv-bw2-dm:ConsolidatedMember;;;;rj-cp-dm:InvestmentPropertiesInExploitationMember
=GROUP(BVasSviCaeDca+BVasCviCaeDca+BVasOzvCaeDca);Afschrijvingen op desinvesteringen van vastgoedbeleggingen;rj-i_InvestmentPropertiesDisposalsDepreciation;jenv-bw2-dm:CommercialMember;jenv-bw2-dm:SeparateMember;;;;rj-cp-dm:InvestmentPropertiesInExploitationMember
=GROUP(BVasSviCaeTvw+BVasCviCaeTvw+BVasOzvCaeTvw);Terugneming van bijzondere waardeverminderingen van vastgoedbeleggingen;rj-i_InvestmentPropertiesImpairmentReversal;jenv-bw2-dm:CommercialMember;jenv-bw2-dm:ConsolidatedMember;;;;rj-cp-dm:InvestmentPropertiesInExploitationMember
=GROUP(BVasSviCaeTvw+BVasCviCaeTvw+BVasOzvCaeTvw);Terugneming van bijzondere waardeverminderingen van vastgoedbeleggingen;rj-i_InvestmentPropertiesImpairmentReversal;jenv-bw2-dm:CommercialMember;jenv-bw2-dm:SeparateMember;;;;rj-cp-dm:InvestmentPropertiesInExploitationMember
=GROUP(BVasSviCaeWvr+BVasCviCaeWvr+BVasOzvCaeWvr)+GROUP(BVasSviCaeDes+BVasSviCaeHcb+BVasCviCaeDes+BVasCviCaeHcb);Bijzondere waardeverminderingen van vastgoedbeleggingen;rj-i_InvestmentPropertiesImpairment;jenv-bw2-dm:CommercialMember;jenv-bw2-dm:ConsolidatedMember;;;;rj-cp-dm:InvestmentPropertiesInExploitationMember
=GROUP(BVasSviCaeWvr+BVasCviCaeWvr+BVasOzvCaeWvr)+GROUP(BVasSviCaeDes+BVasSviCaeHcb+BVasCviCaeDes+BVasCviCaeHcb);Bijzondere waardeverminderingen van vastgoedbeleggingen;rj-i_InvestmentPropertiesImpairment;jenv-bw2-dm:CommercialMember;jenv-bw2-dm:SeparateMember;;;;rj-cp-dm:InvestmentPropertiesInExploitationMember
=GROUP(BVasSviCuh*+BVasCviCuh*+BVasOzvCuh*);Som der herwaardering van vastgoedbeleggingen;rj-i_InvestmentPropertiesAccumulatedRevaluations;jenv-bw2-dm:CommercialMember;jenv-bw2-dm:ConsolidatedMember;;;;rj-cp-dm:InvestmentPropertiesInExploitationMember
=GROUP(BVasSviCuh*+BVasCviCuh*+BVasOzvCuh*);Som der herwaardering van vastgoedbeleggingen;rj-i_InvestmentPropertiesAccumulatedRevaluations;jenv-bw2-dm:CommercialMember;jenv-bw2-dm:SeparateMember;;;;rj-cp-dm:InvestmentPropertiesInExploitationMember
=GROUP(BVasSviCuhRaw+BVasCviCuhRaw+BVasOzvCuhRaw);Winsten of verliezen als gevolg van aanpassingen van de reële waarde van vastgoedbeleggingen;rj-i_InvestmentPropertiesChangesInFairValue;jenv-bw2-dm:CommercialMember;jenv-bw2-dm:ConsolidatedMember;;;;rj-cp-dm:InvestmentPropertiesInExploitationMember
=GROUP(BVasSviCuhRaw+BVasCviCuhRaw+BVasOzvCuhRaw);Winsten of verliezen als gevolg van aanpassingen van de reële waarde van vastgoedbeleggingen;rj-i_InvestmentPropertiesChangesInFairValue;jenv-bw2-dm:CommercialMember;jenv-bw2-dm:SeparateMember;;;;rj-cp-dm:InvestmentPropertiesInExploitationMember
=GROUP(BVasSviVvp*+BVasCviVvp*+BVasOzvVvp*);Historische kostprijs van vastgoedbeleggingen;rj-i_InvestmentPropertiesCostPrice;jenv-bw2-dm:CommercialMember;jenv-bw2-dm:ConsolidatedMember;;;;rj-cp-dm:InvestmentPropertiesInExploitationMember
=GROUP(BVasSviVvp*+BVasCviVvp*+BVasOzvVvp*);Historische kostprijs van vastgoedbeleggingen;rj-i_InvestmentPropertiesCostPrice;jenv-bw2-dm:CommercialMember;jenv-bw2-dm:SeparateMember;;;;rj-cp-dm:InvestmentPropertiesInExploitationMember
=GROUP(BVasVio*-BVasVio???Beg);Mutatie gedurende de periode van vastgoedbeleggingen;rj-i_InvestmentPropertiesMovement;jenv-bw2-dm:CommercialMember;jenv-bw2-dm:ConsolidatedMember;;;;rj-dm:InvestmentPropertiesInDevelopmentMember
=GROUP(BVasVio*-BVasVio???Beg);Mutatie gedurende de periode van vastgoedbeleggingen;rj-i_InvestmentPropertiesMovement;jenv-bw2-dm:CommercialMember;jenv-bw2-dm:SeparateMember;;;;rj-dm:InvestmentPropertiesInDevelopmentMember
=GROUP(BVasVio???Des+BVasVio???Dda)-BVasVioCaeDes);Desinvesteringen van vastgoedbeleggingen;rj-i_InvestmentPropertiesDisposals;jenv-bw2-dm:CommercialMember;jenv-bw2-dm:ConsolidatedMember;;;;rj-dm:InvestmentPropertiesInDevelopmentMember
=GROUP(BVasVio???Des+BVasVio???Dda)-BVasVioCaeDes);Desinvesteringen van vastgoedbeleggingen;rj-i_InvestmentPropertiesDisposals;jenv-bw2-dm:CommercialMember;jenv-bw2-dm:SeparateMember;;;;rj-dm:InvestmentPropertiesInDevelopmentMember
=GROUP(BVasVio???Hcv+BVasVio???Ove)-BVasVioCaeOve;Overboekingen van en naar voorraden en vastgoed voor eigen gebruik;rj-i_InvestmentPropertiesTransfers;jenv-bw2-dm:CommercialMember;jenv-bw2-dm:ConsolidatedMember;;;;rj-dm:InvestmentPropertiesInDevelopmentMember
=GROUP(BVasVio???Hcv+BVasVio???Ove)-BVasVioCaeOve;Overboekingen van en naar voorraden en vastgoed voor eigen gebruik;rj-i_InvestmentPropertiesTransfers;jenv-bw2-dm:CommercialMember;jenv-bw2-dm:SeparateMember;;;;rj-dm:InvestmentPropertiesInDevelopmentMember
=GROUP(BVasVio???Ina+BVasVio???Inv+BVasVio???Ive+BVasVioVvpOpl);Initiële verkrijgingen van vastgoedbeleggingen;rj-i_InvestmentPropertiesAdditionsInitial;jenv-bw2-dm:CommercialMember;jenv-bw2-dm:ConsolidatedMember;;;;rj-dm:InvestmentPropertiesInDevelopmentMember
=GROUP(BVasVio???Ina+BVasVio???Inv+BVasVio???Ive+BVasVioVvpOpl);Initiële verkrijgingen van vastgoedbeleggingen;rj-i_InvestmentPropertiesAdditionsInitial;jenv-bw2-dm:CommercialMember;jenv-bw2-dm:SeparateMember;;;;rj-dm:InvestmentPropertiesInDevelopmentMember
=GROUP(BVasVio???Ina+BVasVio???Inv+BVasVio???Ive+BVasVioVvpOpl+BVasVio???Une);Investeringen in vastgoedbeleggingen;rj-i_InvestmentPropertiesAdditions;jenv-bw2-dm:CommercialMember;jenv-bw2-dm:ConsolidatedMember;;;;rj-dm:InvestmentPropertiesInDevelopmentMember
=GROUP(BVasVio???Ina+BVasVio???Inv+BVasVio???Ive+BVasVioVvpOpl+BVasVio???Une);Investeringen in vastgoedbeleggingen;rj-i_InvestmentPropertiesAdditions;jenv-bw2-dm:CommercialMember;jenv-bw2-dm:SeparateMember;;;;rj-dm:InvestmentPropertiesInDevelopmentMember
=GROUP(BVasVio???Ovm+BVasVioCuh*-BVasVioCuhBeg)-BVasVioCaeOvm-BVasVioCuhRaw;Overige mutaties van vastgoedbeleggingen;rj-i_InvestmentPropertiesMovementsOther;jenv-bw2-dm:CommercialMember;jenv-bw2-dm:ConsolidatedMember;;;;rj-dm:InvestmentPropertiesInDevelopmentMember
=GROUP(BVasVio???Ovm+BVasVioCuh*-BVasVioCuhBeg)-BVasVioCuhRaw;Overige mutaties van vastgoedbeleggingen;rj-i_InvestmentPropertiesMovementsOther;jenv-bw2-dm:CommercialMember;jenv-bw2-dm:SeparateMember;;;;rj-dm:InvestmentPropertiesInDevelopmentMember
=GROUP(BVasVioCae*+BVasVioCuh*);Som der afschrijvingen en waardeverminderingen van vastgoedbeleggingen;jenv-bw2-i_InvestmentPropertiesAccumulatedDepreciationImpairments;jenv-bw2-dm:CommercialMember;jenv-bw2-dm:ConsolidatedMember;;;;rj-dm:InvestmentPropertiesInDevelopmentMember
=GROUP(BVasVioCae*+BVasVioCuh*);Som der afschrijvingen en waardeverminderingen van vastgoedbeleggingen;jenv-bw2-i_InvestmentPropertiesAccumulatedDepreciationImpairments;jenv-bw2-dm:CommercialMember;jenv-bw2-dm:SeparateMember;;;;rj-dm:InvestmentPropertiesInDevelopmentMember
=GROUP(BVasVioCaeAfs+BVasVioCaeOnv+BVasVioCaeOpl);Afschrijvingen van vastgoedbeleggingen;rj-i_InvestmentPropertiesDepreciation;jenv-bw2-dm:CommercialMember;jenv-bw2-dm:ConsolidatedMember;;;;rj-dm:InvestmentPropertiesInDevelopmentMember
=GROUP(BVasVioCaeAfs+BVasVioCaeOnv+BVasVioCaeOpl);Afschrijvingen van vastgoedbeleggingen;rj-i_InvestmentPropertiesDepreciation;jenv-bw2-dm:CommercialMember;jenv-bw2-dm:SeparateMember;;;;rj-dm:InvestmentPropertiesInDevelopmentMember
=GROUP(BVasVioCaeWvr+BVasVioCaeOve+BVasVioCaeDes+BVasVioCaeOvm);Bijzondere waardeverminderingen van vastgoedbeleggingen;rj-i_InvestmentPropertiesImpairment;jenv-bw2-dm:CommercialMember;jenv-bw2-dm:ConsolidatedMember;;;;rj-dm:InvestmentPropertiesInDevelopmentMember
=GROUP(BVasVioCaeWvr+BVasVioCaeOve+BVasVioCaeDes+BVasVioCaeOvm);Bijzondere waardeverminderingen van vastgoedbeleggingen;rj-i_InvestmentPropertiesImpairment;jenv-bw2-dm:CommercialMember;jenv-bw2-dm:SeparateMember;;;;rj-dm:InvestmentPropertiesInDevelopmentMember
=GROUP(BVorDeb*-BVorDebVdd-BVorDebVhd);Bruto vorderingen op handelsdebiteuren;rj-i_TradeReceivablesGross;jenv-bw2-dm:CommercialMember;jenv-bw2-dm:ConsolidatedMember
=GROUP(BVorDeb*-BVorDebVdd-BVorDebVhd);Bruto vorderingen op handelsdebiteuren;rj-i_TradeReceivablesGross;jenv-bw2-dm:CommercialMember;jenv-bw2-dm:SeparateMember
=GROUP(BVorDebVdd+BVorDebVhd);Voorziening voor oninbaarheid op vorderingen op handelsdebiteuren;rj-i_TradeReceivablesProvisionBadDebts;jenv-bw2-dm:CommercialMember;jenv-bw2-dm:ConsolidatedMember
=GROUP(BVorDebVdd+BVorDebVhd);Voorziening voor oninbaarheid op vorderingen op handelsdebiteuren;rj-i_TradeReceivablesProvisionBadDebts;jenv-bw2-dm:CommercialMember;jenv-bw2-dm:SeparateMember
=GROUP(BVorOva*+BVorTus*);Overlopende activa;jenv-bw2-i_AccruedIncome;jenv-bw2-dm:CommercialMember;jenv-bw2-dm:ConsolidatedMember
=GROUP(BVorOva*+BVorTus*);Overlopende activa;jenv-bw2-i_AccruedIncome;jenv-bw2-dm:CommercialMember;jenv-bw2-dm:SeparateMember
=GROUP(BVorOva*-BVorOvaPen*+BVorTus*);Overige overlopende activa;jenv-bw2-i_AccruedIncomeOther;jenv-bw2-dm:CommercialMember;jenv-bw2-dm:ConsolidatedMember
=GROUP(BVorOva*-BVorOvaPen*+BVorTus*);Overige overlopende activa;jenv-bw2-i_AccruedIncomeOther;jenv-bw2-dm:CommercialMember;jenv-bw2-dm:SeparateMember
=GROUP(BVorOvr*+BVorOvh*+BVorVlc*+BVorTsk*)-BVorOvrRcb*-BVorOvrRcc*-BVorOvrRca*-BVorOvrLvb-BVorOvrLvc;Andere overige vorderingen;jenv-bw2-i_OtherReceivablesOtherCurrent;jenv-bw2-dm:CommercialMember;jenv-bw2-dm:ConsolidatedMember
=GROUP(BVorOvr*+BVorOvh*+BVorVlc*+BVorTsk*)-BVorOvrRcb*-BVorOvrRcc*-BVorOvrRca*-BVorOvrLvb-BVorOvrLvc;Andere overige vorderingen;jenv-bw2-i_OtherReceivablesOtherCurrent;jenv-bw2-dm:CommercialMember;jenv-bw2-dm:SeparateMember
=GROUP(BVorOvr*+BVorOvh*+BVorVlc*+BVorTsk*+BVorVpk*+BVorVaoVuh);Kortlopende overige vorderingen;jenv-bw2-i_ReceivablesOtherCurrent;jenv-bw2-dm:CommercialMember;jenv-bw2-dm:ConsolidatedMember
=GROUP(BVorOvr*+BVorOvh*+BVorVlc*+BVorTsk*+BVorVpk*+BVorVaoVuh);Kortlopende overige vorderingen;jenv-bw2-i_ReceivablesOtherCurrent;jenv-bw2-dm:CommercialMember;jenv-bw2-dm:SeparateMember
=GROUP(BVorOvrLvb+BFvaOvrVob*+BFvaOvrVoa*+BFvaOvrVgb*+BFvaOvrVga*);Leningen, voorschotten en garanties ten behoeve van bestuurders;rj-i_LoansAdvancesGuaranteesOnBehalfOfManagingDirectorsFormerManagingDirectors;jenv-bw2-dm:CommercialMember;jenv-bw2-dm:ConsolidatedMember
=GROUP(BVorOvrLvb+BFvaOvrVob*+BFvaOvrVoa*+BFvaOvrVgb*+BFvaOvrVga*);Leningen, voorschotten en garanties ten behoeve van bestuurders;rj-i_LoansAdvancesGuaranteesOnBehalfOfManagingDirectorsFormerManagingDirectors;jenv-bw2-dm:CommercialMember;jenv-bw2-dm:SeparateMember
=GROUP(BVorOvrLvb+BFvaOvrVob*+BFvaOvrVoa*+BFvaOvrVgb*+BFvaOvrVga*)+GROUP(BVorOvrLvc+BFvaOvrVoc*+BFvaOvrVca*+BFvaOvrVgc*+BFvaOvrVaw*);Leningen, voorschotten en garanties ten behoeve van bestuurders en commissarissen;jenv-bw2-i_LoansAdvancesGuaranteesOnBehalfOfManagingSupervisoryDirectors;jenv-bw2-dm:CommercialMember;jenv-bw2-dm:ConsolidatedMember
=GROUP(BVorOvrLvb+BFvaOvrVob*+BFvaOvrVoa*+BFvaOvrVgb*+BFvaOvrVga*)+GROUP(BVorOvrLvc+BFvaOvrVoc*+BFvaOvrVca*+BFvaOvrVgc*+BFvaOvrVaw*);Leningen, voorschotten en garanties ten behoeve van bestuurders en commissarissen;jenv-bw2-i_LoansAdvancesGuaranteesOnBehalfOfManagingSupervisoryDirectors;jenv-bw2-dm:CommercialMember;jenv-bw2-dm:SeparateMember
=GROUP(BVorOvrLvb+BVorOvrRcb*);Kortlopende leningen, voorschotten en garanties ten behoeve van bestuurders;rj-i_LoansAdvancesGuaranteesOnBehalfOfManagingDirectorsFormerManagingDirectorsCurrent;jenv-bw2-dm:CommercialMember;jenv-bw2-dm:ConsolidatedMember
=GROUP(BVorOvrLvb+BVorOvrRcb*);Kortlopende leningen, voorschotten en garanties ten behoeve van bestuurders;rj-i_LoansAdvancesGuaranteesOnBehalfOfManagingDirectorsFormerManagingDirectorsCurrent;jenv-bw2-dm:CommercialMember;jenv-bw2-dm:SeparateMember
=GROUP(BVorOvrLvc+BFvaOvrVoc*+BFvaOvrVca*+BFvaOvrVgc*+BFvaOvrVaw*);Leningen, voorschotten en garanties ten behoeve van commissarissen;rj-i_LoansAdvancesGuaranteesOnBehalfOfSupervisoryDirectorsFormerSupervisoryDirectors;jenv-bw2-dm:CommercialMember;jenv-bw2-dm:ConsolidatedMember
=GROUP(BVorOvrLvc+BFvaOvrVoc*+BFvaOvrVca*+BFvaOvrVgc*+BFvaOvrVaw*);Leningen, voorschotten en garanties ten behoeve van commissarissen;rj-i_LoansAdvancesGuaranteesOnBehalfOfSupervisoryDirectorsFormerSupervisoryDirectors;jenv-bw2-dm:CommercialMember;jenv-bw2-dm:SeparateMember
=GROUP(BVorOvrLvc+BVorOvrRcc*);Kortlopende leningen, voorschotten en garanties ten behoeve van commissarissen;rj-i_LoansAdvancesGuaranteesOnBehalfOfSupervisoryDirectorsFormerSupervisoryDirectorsCurrent;jenv-bw2-dm:CommercialMember;jenv-bw2-dm:ConsolidatedMember
=GROUP(BVorOvrLvc+BVorOvrRcc*);Kortlopende leningen, voorschotten en garanties ten behoeve van commissarissen;rj-i_LoansAdvancesGuaranteesOnBehalfOfSupervisoryDirectorsFormerSupervisoryDirectorsCurrent;jenv-bw2-dm:CommercialMember;jenv-bw2-dm:SeparateMember
=GROUP(BVorVao*-BVorVaoVuh);Opgevraagde stortingen van geplaatst kapitaal;jenv-bw2-i_CalledUpShareCapital;jenv-bw2-dm:CommercialMember;jenv-bw2-dm:ConsolidatedMember
=GROUP(BVorVao*-BVorVaoVuh);Opgevraagde stortingen van geplaatst kapitaal;jenv-bw2-i_CalledUpShareCapital;jenv-bw2-dm:CommercialMember;jenv-bw2-dm:SeparateMember
=GROUP(BVorVaoVuh+BVorOvrRca*);Kortlopende vorderingen uit hoofde van leningen en voorschotten aan leden of houders van aandelen op naam;jenv-bw2-i_ReceivablesFromLoansAndAdvancesToParticipantsOrRegisteredShareholdersCurrent;jenv-bw2-dm:CommercialMember;jenv-bw2-dm:ConsolidatedMember
=GROUP(BVorVaoVuh+BVorOvrRca*);Kortlopende vorderingen uit hoofde van leningen en voorschotten aan leden of houders van aandelen op naam;jenv-bw2-i_ReceivablesFromLoansAndAdvancesToParticipantsOrRegisteredShareholdersCurrent;jenv-bw2-dm:CommercialMember;jenv-bw2-dm:SeparateMember
=GROUP(BVorVbk*-BVorVbkTvv);Belastingvorderingen;rj-i_TaxReceivables;jenv-bw2-dm:CommercialMember;jenv-bw2-dm:ConsolidatedMember
=GROUP(BVorVbk*-BVorVbkTvv);Belastingvorderingen;rj-i_TaxReceivables;jenv-bw2-dm:CommercialMember;jenv-bw2-dm:SeparateMember
=GROUP(BVrd*+BPro*+BVor*+Beff*+BLim*);Vlottende activa;jenv-bw2-i_AssetsCurrent;jenv-bw2-dm:CommercialMember;jenv-bw2-dm:ConsolidatedMember
=GROUP(BVrd*+BPro*+BVor*+Beff*+BLim*);Vlottende activa;jenv-bw2-i_AssetsCurrent;jenv-bw2-dm:CommercialMember;jenv-bw2-dm:SeparateMember
=GROUP(BVrd*+BPro*+BVor*+Beff*+BLim*+BSch*);Uitkomst van vlottende activa min kortlopende schulden;jenv-bw2-i_OutcomeAssetsCurrentLessLiabilitiesCurrent;jenv-bw2-dm:CommercialMember;jenv-bw2-dm:ConsolidatedMember
=GROUP(BVrd*+BPro*+BVor*+Beff*+BLim*+BSch*);Uitkomst van vlottende activa min kortlopende schulden;jenv-bw2-i_OutcomeAssetsCurrentLessLiabilitiesCurrent;jenv-bw2-dm:CommercialMember;jenv-bw2-dm:SeparateMember
=GROUP(BVrdGeh*+BVrdHal*);Grond- en hulpstoffen;jenv-bw2-i_InventoryRawMaterialsConsumables;jenv-bw2-dm:CommercialMember;jenv-bw2-dm:ConsolidatedMember
=GROUP(BVrdGeh*+BVrdHal*);Grond- en hulpstoffen;jenv-bw2-i_InventoryRawMaterialsConsumables;jenv-bw2-dm:CommercialMember;jenv-bw2-dm:SeparateMember
=GROUP(BVrdGep*+BVrdHan*+BVrdEmb*+BVrdVas*+BVrdNig*+BVrdVoo*);Gereed product en handelsgoederen;jenv-bw2-i_InventoryFinishedTradeGoods;jenv-bw2-dm:CommercialMember;jenv-bw2-dm:ConsolidatedMember
=GROUP(BVrdGep*+BVrdHan*+BVrdEmb*+BVrdVas*+BVrdNig*+BVrdVoo*);Gereed product en handelsgoederen;jenv-bw2-i_InventoryFinishedTradeGoods;jenv-bw2-dm:CommercialMember;jenv-bw2-dm:SeparateMember
=GROUP(BVrz*-BVrz??????Beg);Mutatie van voorzieningen;rj-i_ProvisionsMovement;jenv-bw2-dm:CommercialMember;jenv-bw2-dm:ConsolidatedMember;jenv-bw2-dm:ProvisionsMember
=GROUP(BVrz*-BVrz??????Beg);Mutatie van voorzieningen;rj-i_ProvisionsMovement;jenv-bw2-dm:CommercialMember;jenv-bw2-dm:SeparateMember;jenv-bw2-dm:ProvisionsMember
=GROUP(BVrz??????Ont+BVrz??????Ovm);Uitgaven ten laste van de voorziening gebracht;rj-i_ProvisionsUsage;jenv-bw2-dm:CommercialMember;jenv-bw2-dm:ConsolidatedMember;jenv-bw2-dm:ProvisionsMember
=GROUP(BVrz??????Ont+BVrz??????Ovm);Uitgaven ten laste van de voorziening gebracht;rj-i_ProvisionsUsage;jenv-bw2-dm:CommercialMember;jenv-bw2-dm:SeparateMember;jenv-bw2-dm:ProvisionsMember
=GROUP(BVrz??????Toe+BVrzOihOrtT??);Nieuw gevormde voorzieningen;rj-i_ProvisionsAdditions;jenv-bw2-dm:CommercialMember;jenv-bw2-dm:ConsolidatedMember;jenv-bw2-dm:ProvisionsMember
=GROUP(BVrz??????Toe+BVrzOihOrtT??);Nieuw gevormde voorzieningen;rj-i_ProvisionsAdditions;jenv-bw2-dm:CommercialMember;jenv-bw2-dm:SeparateMember;jenv-bw2-dm:ProvisionsMember
=GROUP(BVrzOvzAgb*-BVrzOvzAgbBeg);Mutatie van voorzieningen;rj-i_ProvisionsMovement;jenv-bw2-dm:CommercialMember;jenv-bw2-dm:ConsolidatedMember;rj-dm:ProvisionShareBasedPaymentsMember
=GROUP(BVrzOvzAgb*-BVrzOvzAgbBeg);Mutatie van voorzieningen;rj-i_ProvisionsMovement;jenv-bw2-dm:CommercialMember;jenv-bw2-dm:SeparateMember;rj-dm:ProvisionShareBasedPaymentsMember
=GROUP(BVrzOvzArb*-BVrzOvzArbBeg);Mutatie van voorzieningen;rj-i_ProvisionsMovement;jenv-bw2-dm:CommercialMember;jenv-bw2-dm:ConsolidatedMember;rj-dm:ProvisionInsuranceDisabilityRisksMember
=GROUP(BVrzOvzArb*-BVrzOvzArbBeg);Mutatie van voorzieningen;rj-i_ProvisionsMovement;jenv-bw2-dm:CommercialMember;jenv-bw2-dm:SeparateMember;rj-dm:ProvisionInsuranceDisabilityRisksMember
=GROUP(BVrzOvzGar*-BVrzOvzGarBeg);Mutatie van voorzieningen;rj-i_ProvisionsMovement;jenv-bw2-dm:CommercialMember;jenv-bw2-dm:ConsolidatedMember;rj-dm:ProvisionWarrantyMember
=GROUP(BVrzOvzGar*-BVrzOvzGarBeg);Mutatie van voorzieningen;rj-i_ProvisionsMovement;jenv-bw2-dm:CommercialMember;jenv-bw2-dm:SeparateMember;rj-dm:ProvisionWarrantyMember
=GROUP(BVrzOvzJub*-BVrzOvzJubBeg);Mutatie van voorzieningen;rj-i_ProvisionsMovement;jenv-bw2-dm:CommercialMember;jenv-bw2-dm:ConsolidatedMember;rj-dm:ProvisionJubileeBenefitsMember
=GROUP(BVrzOvzJub*-BVrzOvzJubBeg);Mutatie van voorzieningen;rj-i_ProvisionsMovement;jenv-bw2-dm:CommercialMember;jenv-bw2-dm:SeparateMember;rj-dm:ProvisionJubileeBenefitsMember
=GROUP(BVrzOvzOvz*+BVrzOvzOio*+BVrzOvzOiv*+BVrzOvzLob*+BVrzOih*);Overige voorzieningen;jenv-bw2-i_ProvisionsOther;jenv-bw2-dm:CommercialMember;jenv-bw2-dm:ConsolidatedMember
=GROUP(BVrzOvzOvz*+BVrzOvzOio*+BVrzOvzOiv*+BVrzOvzLob*+BVrzOih*);Voorzieningen;jenv-bw2-i_Provisions;jenv-bw2-dm:CommercialMember;jenv-bw2-dm:ConsolidatedMember;jenv-bw2-dm:ProvisionsOtherMember
=GROUP(BVrzOvzOvz*+BVrzOvzOio*+BVrzOvzOiv*+BVrzOvzLob*+BVrzOih*);Overige voorzieningen;jenv-bw2-i_ProvisionsOther;jenv-bw2-dm:CommercialMember;jenv-bw2-dm:SeparateMember
=GROUP(BVrzOvzOvz*+BVrzOvzOio*+BVrzOvzOiv*+BVrzOvzLob*+BVrzOih*);Voorzieningen;jenv-bw2-i_Provisions;jenv-bw2-dm:CommercialMember;jenv-bw2-dm:SeparateMember;jenv-bw2-dm:ProvisionsOtherMember
=GROUP(BVrzOvzOvz*-BVrzOvzOvzBeg+BVrzOvzOio*-BVrzOvzOioBeg+BVrzOvzOiv*-BVrzOvzOivBeg+BVrzOvzLob*-BVrzOvzLobBeg+BVrzOih*-BVrzOihOrtBeg);Mutatie van voorzieningen;rj-i_ProvisionsMovement;jenv-bw2-dm:CommercialMember;jenv-bw2-dm:ConsolidatedMember;jenv-bw2-dm:ProvisionsOtherMember
=GROUP(BVrzOvzOvz*-BVrzOvzOvzBeg+BVrzOvzOio*-BVrzOvzOioBeg+BVrzOvzOiv*-BVrzOvzOivBeg+BVrzOvzLob*-BVrzOvzLobBeg+BVrzOih*-BVrzOihOrtBeg);Mutatie van voorzieningen;rj-i_ProvisionsMovement;jenv-bw2-dm:CommercialMember;jenv-bw2-dm:SeparateMember;jenv-bw2-dm:ProvisionsOtherMember
=GROUP(BVrzOvzOvzOev+BVrzOvzOioOev+BVrzOvzOivOev+BVrzOvzLobOev+BVrzOihOrtOev);Oprenting van voorzieningen en veranderingen van de disconteringsvoet;rj-i_ProvisionsYieldedInterest;jenv-bw2-dm:CommercialMember;jenv-bw2-dm:ConsolidatedMember;jenv-bw2-dm:ProvisionsOtherMember
=GROUP(BVrzOvzOvzOev+BVrzOvzOioOev+BVrzOvzOivOev+BVrzOvzLobOev+BVrzOihOrtOev);Oprenting van voorzieningen en veranderingen van de disconteringsvoet;rj-i_ProvisionsYieldedInterest;jenv-bw2-dm:CommercialMember;jenv-bw2-dm:SeparateMember;jenv-bw2-dm:ProvisionsOtherMember
=GROUP(BVrzOvzOvzOmv+BVrzOvzOioOmv+BVrzOvzOivOmv+BVrzOvzLobOmv+BVrzOihOrtOmv);Wijzigingen van voorzieningen als gevolg van valuta-omrekeningsverschillen;rj-i_ProvisionsExchangeDifferences;jenv-bw2-dm:CommercialMember;jenv-bw2-dm:ConsolidatedMember;jenv-bw2-dm:ProvisionsOtherMember
=GROUP(BVrzOvzOvzOmv+BVrzOvzOioOmv+BVrzOvzOivOmv+BVrzOvzLobOmv+BVrzOihOrtOmv);Wijzigingen van voorzieningen als gevolg van valuta-omrekeningsverschillen;rj-i_ProvisionsExchangeDifferences;jenv-bw2-dm:CommercialMember;jenv-bw2-dm:SeparateMember;jenv-bw2-dm:ProvisionsOtherMember
=GROUP(BVrzOvzOvzOnt+BVrzOvzOioOnt+BVrzOvzOivOnt+BVrzOvzLobOnt+BVrzOihOrtOnt)+GROUP(BVrzOvzOvzOvm+BVrzOvzOioOvm+BVrzOvzOivOvm);Uitgaven ten laste van de voorziening gebracht;rj-i_ProvisionsUsage;jenv-bw2-dm:CommercialMember;jenv-bw2-dm:ConsolidatedMember;jenv-bw2-dm:ProvisionsOtherMember
=GROUP(BVrzOvzOvzOnt+BVrzOvzOioOnt+BVrzOvzOivOnt+BVrzOvzLobOnt+BVrzOihOrtOnt)+GROUP(BVrzOvzOvzOvm+BVrzOvzOioOvm+BVrzOvzOivOvm);Uitgaven ten laste van de voorziening gebracht;rj-i_ProvisionsUsage;jenv-bw2-dm:CommercialMember;jenv-bw2-dm:SeparateMember;jenv-bw2-dm:ProvisionsOtherMember
=GROUP(BVrzOvzOvzToe+BVrzOvzOioToe+BVrzOvzOivToe+BVrzOvzLobToe+BVrzOihOrtT??);Nieuw gevormde voorzieningen;rj-i_ProvisionsAdditions;jenv-bw2-dm:CommercialMember;jenv-bw2-dm:ConsolidatedMember;jenv-bw2-dm:ProvisionsOtherMember
=GROUP(BVrzOvzOvzToe+BVrzOvzOioToe+BVrzOvzOivToe+BVrzOvzLobToe+BVrzOihOrtT??);Nieuw gevormde voorzieningen;rj-i_ProvisionsAdditions;jenv-bw2-dm:CommercialMember;jenv-bw2-dm:SeparateMember;jenv-bw2-dm:ProvisionsOtherMember
=GROUP(BVrzOvzOvzVri+BVrzOvzOioVri+BVrzOvzOivVri+BVrzOvzLobVri+BVrzOihOrtVri);Niet gebruikte bedragen die zijn vrijgevallen;rj-i_ProvisionsRelease;jenv-bw2-dm:CommercialMember;jenv-bw2-dm:ConsolidatedMember;jenv-bw2-dm:ProvisionsOtherMember
=GROUP(BVrzOvzOvzVri+BVrzOvzOioVri+BVrzOvzOivVri+BVrzOvzLobVri+BVrzOihOrtVri);Niet gebruikte bedragen die zijn vrijgevallen;rj-i_ProvisionsRelease;jenv-bw2-dm:CommercialMember;jenv-bw2-dm:SeparateMember;jenv-bw2-dm:ProvisionsOtherMember
=GROUP(BVrzOvzUhp*-BVrzOvzUhpBeg);Mutatie van voorzieningen;rj-i_ProvisionsMovement;jenv-bw2-dm:CommercialMember;jenv-bw2-dm:ConsolidatedMember;rj-dm:ProvisionEmployeeBenefitsMember
=GROUP(BVrzOvzUhp*-BVrzOvzUhpBeg);Mutatie van voorzieningen;rj-i_ProvisionsMovement;jenv-bw2-dm:CommercialMember;jenv-bw2-dm:SeparateMember;rj-dm:ProvisionEmployeeBenefitsMember
=GROUP(BVrzOvzVhe*-BVrzOvzVheBeg);Mutatie van voorzieningen;rj-i_ProvisionsMovement;jenv-bw2-dm:CommercialMember;jenv-bw2-dm:ConsolidatedMember;rj-dm:ProvisionRepairCostsMember
=GROUP(BVrzOvzVhe*-BVrzOvzVheBeg);Mutatie van voorzieningen;rj-i_ProvisionsMovement;jenv-bw2-dm:CommercialMember;jenv-bw2-dm:SeparateMember;rj-dm:ProvisionRepairCostsMember
=GROUP(BVrzOvzVid*-BVrzOvzVidBeg);Mutatie van voorzieningen;rj-i_ProvisionsMovement;jenv-bw2-dm:CommercialMember;jenv-bw2-dm:ConsolidatedMember;rj-dm:ProvisionParticipatingInterestsMember
=GROUP(BVrzOvzVid*-BVrzOvzVidBeg);Mutatie van voorzieningen;rj-i_ProvisionsMovement;jenv-bw2-dm:CommercialMember;jenv-bw2-dm:SeparateMember;rj-dm:ProvisionParticipatingInterestsMember
=GROUP(BVrzOvzVidOnt+BVrzOvzVidOvm);Uitgaven ten laste van de voorziening gebracht;rj-i_ProvisionsUsage;jenv-bw2-dm:CommercialMember;jenv-bw2-dm:ConsolidatedMember;rj-dm:ProvisionParticipatingInterestsMember
=GROUP(BVrzOvzVidOnt+BVrzOvzVidOvm);Uitgaven ten laste van de voorziening gebracht;rj-i_ProvisionsUsage;jenv-bw2-dm:CommercialMember;jenv-bw2-dm:SeparateMember;rj-dm:ProvisionParticipatingInterestsMember
=GROUP(BVrzOvzVir*-BVrzOvzVirBeg);Mutatie van voorzieningen;rj-i_ProvisionsMovement;jenv-bw2-dm:CommercialMember;jenv-bw2-dm:ConsolidatedMember;rj-dm:ProvisionRestructuringMember
=GROUP(BVrzOvzVir*-BVrzOvzVirBeg);Mutatie van voorzieningen;rj-i_ProvisionsMovement;jenv-bw2-dm:CommercialMember;jenv-bw2-dm:SeparateMember;rj-dm:ProvisionRestructuringMember
=GROUP(BVrzOvzVlc*-BVrzOvzVlcBeg);Mutatie van voorzieningen;rj-i_ProvisionsMovement;jenv-bw2-dm:CommercialMember;jenv-bw2-dm:ConsolidatedMember;rj-dm:ProvisionOnerousContractsMember
=GROUP(BVrzOvzVlc*-BVrzOvzVlcBeg);Mutatie van voorzieningen;rj-i_ProvisionsMovement;jenv-bw2-dm:CommercialMember;jenv-bw2-dm:SeparateMember;rj-dm:ProvisionOnerousContractsMember
=GROUP(BVrzOvzVuc*-BVrzOvzVucBeg);Mutatie van voorzieningen;rj-i_ProvisionsMovement;jenv-bw2-dm:CommercialMember;jenv-bw2-dm:ConsolidatedMember;rj-dm:ProvisionLegalProceedingsMember
=GROUP(BVrzOvzVuc*-BVrzOvzVucBeg);Mutatie van voorzieningen;rj-i_ProvisionsMovement;jenv-bw2-dm:CommercialMember;jenv-bw2-dm:SeparateMember;rj-dm:ProvisionLegalProceedingsMember
=GROUP(BVrzOvzVvg*-BVrzOvzVvgBeg);Mutatie van voorzieningen;rj-i_ProvisionsMovement;jenv-bw2-dm:CommercialMember;jenv-bw2-dm:ConsolidatedMember;rj-dm:ProvisionMajorMaintenanceMember
=GROUP(BVrzOvzVvg*-BVrzOvzVvgBeg);Mutatie van voorzieningen;rj-i_ProvisionsMovement;jenv-bw2-dm:CommercialMember;jenv-bw2-dm:SeparateMember;rj-dm:ProvisionMajorMaintenanceMember
=GROUP(BVrzOvzVvo*-BVrzOvzVvoBeg);Mutatie van voorzieningen;rj-i_ProvisionsMovement;jenv-bw2-dm:CommercialMember;jenv-bw2-dm:ConsolidatedMember;rj-dm:ProvisionEnvironmentalMember
=GROUP(BVrzOvzVvo*-BVrzOvzVvoBeg);Mutatie van voorzieningen;rj-i_ProvisionsMovement;jenv-bw2-dm:CommercialMember;jenv-bw2-dm:SeparateMember;rj-dm:ProvisionEnvironmentalMember
=GROUP(BVrzOvzVwp*-BVrzOvzVwpBeg);Mutatie van voorzieningen;rj-i_ProvisionsMovement;jenv-bw2-dm:CommercialMember;jenv-bw2-dm:ConsolidatedMember;rj-dm:ProvisionDisposalObligationMember
=GROUP(BVrzOvzVwp*-BVrzOvzVwpBeg);Mutatie van voorzieningen;rj-i_ProvisionsMovement;jenv-bw2-dm:CommercialMember;jenv-bw2-dm:SeparateMember;rj-dm:ProvisionDisposalObligationMember
=GROUP(BVrzOvzVza*-BVrzOvzVzaBeg);Mutatie van voorzieningen;rj-i_ProvisionsMovement;jenv-bw2-dm:CommercialMember;jenv-bw2-dm:ConsolidatedMember;rj-dm:ProvisionDisabilityRisksMember
=GROUP(BVrzOvzVza*-BVrzOvzVzaBeg);Mutatie van voorzieningen;rj-i_ProvisionsMovement;jenv-bw2-dm:CommercialMember;jenv-bw2-dm:SeparateMember;rj-dm:ProvisionDisabilityRisksMember
=GROUP(BVrzOvzZoa*-BVrzOvzZoaBeg);Mutatie van voorzieningen;rj-i_ProvisionsMovement;jenv-bw2-dm:CommercialMember;jenv-bw2-dm:ConsolidatedMember;rj-dm:ProvisionInsuranceIllnessDisabilityMember
=GROUP(BVrzOvzZoa*-BVrzOvzZoaBeg);Mutatie van voorzieningen;rj-i_ProvisionsMovement;jenv-bw2-dm:CommercialMember;jenv-bw2-dm:SeparateMember;rj-dm:ProvisionInsuranceIllnessDisabilityMember
=GROUP(BVrzVvbVlb*-BVrzVvbVlbBeg);Mutatie van voorzieningen;rj-i_ProvisionsMovement;jenv-bw2-dm:CommercialMember;jenv-bw2-dm:ConsolidatedMember;rj-dm:DeferredTaxLiabilitiesMember
=GROUP(BVrzVvbVlb*-BVrzVvbVlbBeg);Mutatie van voorzieningen;rj-i_ProvisionsMovement;jenv-bw2-dm:CommercialMember;jenv-bw2-dm:SeparateMember;rj-dm:DeferredTaxLiabilitiesMember
=GROUP(BVrzVvbVlbOnt+BVrzVvbVlbOvm);Uitgaven ten laste van de voorziening gebracht;rj-i_ProvisionsUsage;jenv-bw2-dm:CommercialMember;jenv-bw2-dm:ConsolidatedMember;rj-dm:DeferredTaxLiabilitiesMember
=GROUP(BVrzVvbVlbOnt+BVrzVvbVlbOvm);Uitgaven ten laste van de voorziening gebracht;rj-i_ProvisionsUsage;jenv-bw2-dm:CommercialMember;jenv-bw2-dm:SeparateMember;rj-dm:DeferredTaxLiabilitiesMember
=GROUP(BVrzVvbVvb*-BVrzVvbVvbBeg);Mutatie van voorzieningen;rj-i_ProvisionsMovement;jenv-bw2-dm:CommercialMember;jenv-bw2-dm:ConsolidatedMember;jenv-bw2-dm:ProvisionTaxLiabilitiesMember
=GROUP(BVrzVvbVvb*-BVrzVvbVvbBeg);Mutatie van voorzieningen;rj-i_ProvisionsMovement;jenv-bw2-dm:CommercialMember;jenv-bw2-dm:SeparateMember;jenv-bw2-dm:ProvisionTaxLiabilitiesMember
=GROUP(BVrzVvp*-BVrzVvp???Beg);Mutatie van voorzieningen;rj-i_ProvisionsMovement;jenv-bw2-dm:CommercialMember;jenv-bw2-dm:ConsolidatedMember;jenv-bw2-dm:ProvisionPensionObligationsMember
=GROUP(BVrzVvp*-BVrzVvp???Beg);Mutatie van voorzieningen;rj-i_ProvisionsMovement;jenv-bw2-dm:CommercialMember;jenv-bw2-dm:SeparateMember;jenv-bw2-dm:ProvisionPensionObligationsMember
=GROUP(WAfsAmv*+WAfsAfv*+WAfsDae*);Afschrijvingen op materiële vaste activa;jenv-bw2-i_DepreciationPropertyPlantEquipment;jenv-bw2-dm:CommercialMember;jenv-bw2-dm:ConsolidatedMember
=GROUP(WAfsAmv*+WAfsAfv*+WAfsDae*);Afschrijvingen op materiële vaste activa;jenv-bw2-i_DepreciationPropertyPlantEquipment;jenv-bw2-dm:CommercialMember;jenv-bw2-dm:SeparateMember
=GROUP(WAfsRvm*+WAfsBov*);Winsten of verliezen die ontstaan als gevolg van de buitengebruikstelling of afstoting van een materieel vast actief;rj-i_ResultSalePropertyPlantEquipment;jenv-bw2-dm:CommercialMember;jenv-bw2-dm:ConsolidatedMember
=GROUP(WAfsRvm*+WAfsBov*);Winsten of verliezen die ontstaan als gevolg van de buitengebruikstelling of afstoting van een materieel vast actief;rj-i_ResultSalePropertyPlantEquipment;jenv-bw2-dm:CommercialMember;jenv-bw2-dm:SeparateMember
=GROUP(WBelBgrLab+WBelBgrDlb+WBelBgrVlb);Latente belastingen;rj-i_DeferredIncomeTaxExpense;jenv-bw2-dm:CommercialMember;jenv-bw2-dm:ConsolidatedMember
=GROUP(WBelBgrLab+WBelBgrDlb+WBelBgrVlb);Latente belastingen;rj-i_DeferredIncomeTaxExpense;jenv-bw2-dm:CommercialMember;jenv-bw2-dm:SeparateMember
=GROUP(WFbe*+WOvt*+WWfa*);Financiële baten en lasten;rj-i_FinancialIncomeExpenses;jenv-bw2-dm:CommercialMember;jenv-bw2-dm:ConsolidatedMember
=GROUP(WFbe*+WOvt*+WWfa*);Financiële baten en lasten;rj-i_FinancialIncomeExpenses;jenv-bw2-dm:CommercialMember;jenv-bw2-dm:SeparateMember
=GROUP(WFbeRlmRgi+WFbeRlmRgu);Overige rentebaten en soortgelijke opbrengsten uit verhoudingen met groepsmaatschappijen;jenv-bw2-i_InterestIncomeRelatedIncomeGroupCompanies;jenv-bw2-dm:CommercialMember;jenv-bw2-dm:ConsolidatedMember
=GROUP(WFbeRlmRgi+WFbeRlmRgu);Overige rentebaten en soortgelijke opbrengsten uit verhoudingen met groepsmaatschappijen;jenv-bw2-i_InterestIncomeRelatedIncomeGroupCompanies;jenv-bw2-dm:CommercialMember;jenv-bw2-dm:SeparateMember
=GROUP(WFbeRlmRmi+WFbeRlmRmu+WFbeRlmRdi+WFbeRlmRdu);Overige rentebaten en soortgelijke opbrengsten uit verhoudingen met overige verbonden maatschappijen;jenv-bw2-i_InterestIncomeRelatedIncomeOtherAffiliatedCompanies;jenv-bw2-dm:CommercialMember;jenv-bw2-dm:ConsolidatedMember
=GROUP(WFbeRlmRmi+WFbeRlmRmu+WFbeRlmRdi+WFbeRlmRdu);Overige rentebaten en soortgelijke opbrengsten uit verhoudingen met overige verbonden maatschappijen;jenv-bw2-i_InterestIncomeRelatedIncomeOtherAffiliatedCompanies;jenv-bw2-dm:CommercialMember;jenv-bw2-dm:SeparateMember
=GROUP(WFbeRls*+WFbeOrl*+WFbeKvb*+WFbeKba*+WFbeDer*+WFbeDfb*);Rentelasten en soortgelijke kosten;jenv-bw2-i_InterestExpensesRelatedExpenses;jenv-bw2-dm:CommercialMember;jenv-bw2-dm:ConsolidatedMember
=GROUP(WFbeRls*+WFbeOrl*+WFbeKvb*+WFbeKba*+WFbeDer*+WFbeDfb*);Rentelasten en soortgelijke kosten;jenv-bw2-i_InterestExpensesRelatedExpenses;jenv-bw2-dm:CommercialMember;jenv-bw2-dm:SeparateMember
=GROUP(WFbeRlsRgi+WFbeRlsRgu);Rentelasten en soortgelijke kosten uit groepsmaatschappijen;jenv-bw2-i_InterestExpensesRelatedExpensesGroupCompanies;jenv-bw2-dm:CommercialMember;jenv-bw2-dm:ConsolidatedMember
=GROUP(WFbeRlsRgi+WFbeRlsRgu);Rentelasten en soortgelijke kosten uit groepsmaatschappijen;jenv-bw2-i_InterestExpensesRelatedExpensesGroupCompanies;jenv-bw2-dm:CommercialMember;jenv-bw2-dm:SeparateMember
=GROUP(WFbeRlsRmi+WFbeRlsRmu+WFbeRlsRdi+WFbeRlsRdu);Rentelasten en soortgelijke kosten uit overige verbonden maatschappijen;jenv-bw2-i_InterestExpensesRelatedExpensesOtherAffiliatedCompanies;jenv-bw2-dm:CommercialMember;jenv-bw2-dm:ConsolidatedMember
=GROUP(WFbeRlsRmi+WFbeRlsRmu+WFbeRlsRdi+WFbeRlsRdu);Rentelasten en soortgelijke kosten uit overige verbonden maatschappijen;jenv-bw2-i_InterestExpensesRelatedExpensesOtherAffiliatedCompanies;jenv-bw2-dm:CommercialMember;jenv-bw2-dm:SeparateMember
=GROUP(WOmz*+WWiv*+WKpr*+WOvb*)+GROUP(WVkf*+WAkf*+WPer*+WAfs*+WWvi*+WBwv*+WBed*);Bedrijfsresultaat;jenv-bw2-i_OperatingResult;jenv-bw2-dm:CommercialMember;jenv-bw2-dm:ConsolidatedMember
=GROUP(WOmz*+WWiv*+WKpr*+WOvb*)+GROUP(WVkf*+WAkf*+WPer*+WAfs*+WWvi*+WBwv*+WBed*);Bedrijfsresultaat;jenv-bw2-i_OperatingResult;jenv-bw2-dm:CommercialMember;jenv-bw2-dm:SeparateMember
=GROUP(WOmz*+WWiv*+WKpr*+WOvb*)+GROUP(WVkf*+WAkf*+WPer*+WAfs*+WWvi*+WBwv*+WBed*)+WVhe*+GROUP(WFbe*+WOvt*+WWfa*);Resultaat voor belastingen;jenv-bw2-i_ResultBeforeTax;jenv-bw2-dm:CommercialMember;jenv-bw2-dm:SeparateMember
=GROUP(WOmz*+WWiv*+WKpr*+WOvb*)+GROUP(WVkf*+WAkf*+WPer*+WAfs*+WWvi*+WBwv*+WBed*)+WVhe*+GROUP(WFbe*+WOvt*+WWfa*)+WBel*+WRed*;Resultaat na belastingen;jenv-bw2-i_ResultAfterTax;jenv-bw2-dm:CommercialMember;jenv-bw2-dm:SeparateMember
=GROUP(WOmz*+WWiv*+WKpr*+WOvb*-WWivWva*);Bruto-bedrijfsresultaat;jenv-bw2-i_GrossMargin;jenv-bw2-dm:CommercialMember;jenv-bw2-dm:ConsolidatedMember
=GROUP(WOmz*+WWiv*+WKpr*+WOvb*-WWivWva*);Bruto-bedrijfsresultaat;jenv-bw2-i_GrossMargin;jenv-bw2-dm:CommercialMember;jenv-bw2-dm:SeparateMember
=GROUP(WOmz*+WWiv*+WOvb*)+GROUP(WKpr*+WVkf*+WAkf*+WPer*+WAfs*+WWvi*+WBwv*+WBed*)+WVhe*+GROUP(WFbe*+WOvt*+WWfa*)+WBel*+WRed*;Resultaat na belastingen;jenv-bw2-i_ResultAfterTax;jenv-bw2-dm:CommercialMember;jenv-bw2-dm:ConsolidatedMember
=GROUP(WOmz*+WWiv*+WOvb*)+GROUP(WKpr*+WVkf*+WAkf*+WPer*+WAfs*+WWvi*+WBwv*+WBed*)+WVhe*+GROUP(WFbe*+WOvt*+WWfa*)+WBel*+WRed*+WAad*;Nettoresultaat na belastingen toekomend aan de rechtspersoon;jenv-bw2-i_NetResultAfterTax;jenv-bw2-dm:CommercialMember;jenv-bw2-dm:ConsolidatedMember
=GROUP(WOmz*+WWiv*+WOvb*)+GROUP(WVkf*+WAkf*+WKpr*+WPer*+WAfs*+WWvi*+WBwv*+WBed*)+WVhe*+GROUP(WFbe*+WOvt*+WWfa*);Resultaat voor belastingen;jenv-bw2-i_ResultBeforeTax;jenv-bw2-dm:CommercialMember;jenv-bw2-dm:ConsolidatedMember
=GROUP(WOvtRofRig+WOvtRofRug);Opbrengst van vorderingen die tot de vaste activa behoren en van effecten op groepsmaatschappijen;jenv-bw2-i_IncomeReceivablesNoncurrentSecuritiesGroupCompanies;jenv-bw2-dm:CommercialMember;jenv-bw2-dm:ConsolidatedMember
=GROUP(WOvtRofRig+WOvtRofRug);Opbrengst van vorderingen die tot de vaste activa behoren en van effecten op groepsmaatschappijen;jenv-bw2-i_IncomeReceivablesNoncurrentSecuritiesGroupCompanies;jenv-bw2-dm:CommercialMember;jenv-bw2-dm:SeparateMember
=GROUP(WOvtRofRvp+WOvtRofRvi+WOvtRofRvu+WOvtRofRid+WOvtRofRud);Opbrengst van vorderingen die tot de vaste activa behoren en van effecten op overige verbonden maatschappijen;jenv-bw2-i_IncomeReceivablesNoncurrentSecuritiesOtherAffiliatedCompanies;jenv-bw2-dm:CommercialMember;jenv-bw2-dm:ConsolidatedMember
=GROUP(WOvtRofRvp+WOvtRofRvi+WOvtRofRvu+WOvtRofRid+WOvtRofRud);Opbrengst van vorderingen die tot de vaste activa behoren en van effecten op overige verbonden maatschappijen;jenv-bw2-i_IncomeReceivablesNoncurrentSecuritiesOtherAffiliatedCompanies;jenv-bw2-dm:CommercialMember;jenv-bw2-dm:SeparateMember
=GROUP(WPerLes*-WPerLesOnu-WPerLesLiv);Lonen;jenv-bw2-i_WagesSalaries;jenv-bw2-dm:CommercialMember;jenv-bw2-dm:ConsolidatedMember
=GROUP(WPerLes*-WPerLesOnu-WPerLesLiv);Lonen;jenv-bw2-i_WagesSalaries;jenv-bw2-dm:CommercialMember;jenv-bw2-dm:SeparateMember
=GROUP(WPerLesSld*+WPerLesBvc*);Bezoldiging van bestuurders en commissarissen;rj-i_RemunerationManagingSupervisoryDirectors;jenv-bw2-dm:CommercialMember;jenv-bw2-dm:ConsolidatedMember
=GROUP(WPerLesSld*+WPerLesBvc*);Bezoldiging van bestuurders en commissarissen;rj-i_RemunerationManagingSupervisoryDirectors;jenv-bw2-dm:CommercialMember;jenv-bw2-dm:SeparateMember
=GROUP(WPerPen*-WPerPenAap);Pensioenpremies;rj-i_PensionPremiums;jenv-bw2-dm:CommercialMember;jenv-bw2-dm:ConsolidatedMember
=GROUP(WPerPen*-WPerPenAap);Pensioenpremies;rj-i_PensionPremiums;jenv-bw2-dm:CommercialMember;jenv-bw2-dm:SeparateMember
=GROUP(WVkf*+WAkf*+WPer*+WAfs*+WWvi*+WBwv*+WWivWva*+WBed*);Som der kosten;jenv-bw2-i_SumOfExpenses;jenv-bw2-dm:CommercialMember;jenv-bw2-dm:ConsolidatedMember
=GROUP(WVkf*+WAkf*+WPer*+WAfs*+WWvi*+WBwv*+WWivWva*+WBed*);Som der kosten;jenv-bw2-i_SumOfExpenses;jenv-bw2-dm:CommercialMember;jenv-bw2-dm:SeparateMember
=GROUP(WWfaBwvOef+WWfaBwvWse);Bijzondere waardeverminderingen van effecten verantwoord in de winst-en-verliesrekening;rj-i_ImpairmentSecuritiesRecordedInIncomeStatement;jenv-bw2-dm:CommercialMember;jenv-bw2-dm:ConsolidatedMember
=GROUP(WWfaBwvOef+WWfaBwvWse);Bijzondere waardeverminderingen van effecten verantwoord in de winst-en-verliesrekening;rj-i_ImpairmentSecuritiesRecordedInIncomeStatement;jenv-bw2-dm:CommercialMember;jenv-bw2-dm:SeparateMember
=GROUP(WWvi*+WWfaBwv*);Waardeveranderingen van vaste activa;jenv-bw2-i_ChangesInValueAssetsNoncurrent;jenv-bw2-dm:CommercialMember;jenv-bw2-dm:ConsolidatedMember
=GROUP(WWvi*+WWfaBwv*);Waardeveranderingen van vaste activa;jenv-bw2-i_ChangesInValueAssetsNoncurrent;jenv-bw2-dm:CommercialMember;jenv-bw2-dm:SeparateMember
=GROUP(WWvi*-WWviWvb*);Waardeveranderingen van immateriële en materiële vaste activa;jenv-bw2-i_ChangesInValueIntangibleAssetsPropertyPlantEquipment;jenv-bw2-dm:CommercialMember;jenv-bw2-dm:ConsolidatedMember
=GROUP(WWvi*-WWviWvb*);Waardeveranderingen van immateriële en materiële vaste activa;jenv-bw2-i_ChangesInValueIntangibleAssetsPropertyPlantEquipment;jenv-bw2-dm:CommercialMember;jenv-bw2-dm:SeparateMember
=GROUP(WWviWvbBwv*+WWviWvbDfw*);Bijzondere waardeverminderingen van vastgoedbeleggingen verantwoord in de winst-en-verliesrekening;rj-i_ImpairmentInvestmentPropertiesRecordedInIncomeStatement;jenv-bw2-dm:CommercialMember;jenv-bw2-dm:ConsolidatedMember;;;;rj-dm:InvestmentPropertiesMember
=GROUP(WWviWvbBwv*+WWviWvbDfw*);Bijzondere waardeverminderingen van vastgoedbeleggingen verantwoord in de winst-en-verliesrekening;rj-i_ImpairmentInvestmentPropertiesRecordedInIncomeStatement;jenv-bw2-dm:CommercialMember;jenv-bw2-dm:SeparateMember;;;;rj-dm:InvestmentPropertiesMember
=GROUP(WWviWvbBwv+WWviWvbDfw);Bijzondere waardeverminderingen van vastgoedbeleggingen verantwoord in de winst-en-verliesrekening;rj-i_ImpairmentInvestmentPropertiesRecordedInIncomeStatement;jenv-bw2-dm:CommercialMember;jenv-bw2-dm:ConsolidatedMember
=GROUP(WWviWvbBwv+WWviWvbDfw);Bijzondere waardeverminderingen van vastgoedbeleggingen verantwoord in de winst-en-verliesrekening;rj-i_ImpairmentInvestmentPropertiesRecordedInIncomeStatement;jenv-bw2-dm:CommercialMember;jenv-bw2-dm:SeparateMember
=GROUP(WWviWvbBwvVie+WWviWvbDfwVie);Bijzondere waardeverminderingen van vastgoedbeleggingen verantwoord in de winst-en-verliesrekening;rj-i_ImpairmentInvestmentPropertiesRecordedInIncomeStatement;jenv-bw2-dm:CommercialMember;jenv-bw2-dm:ConsolidatedMember;;;;rj-cp-dm:InvestmentPropertiesInExploitationMember
=GROUP(WWviWvbBwvVie+WWviWvbDfwVie);Bijzondere waardeverminderingen van vastgoedbeleggingen verantwoord in de winst-en-verliesrekening;rj-i_ImpairmentInvestmentPropertiesRecordedInIncomeStatement;jenv-bw2-dm:CommercialMember;jenv-bw2-dm:SeparateMember;;;;rj-cp-dm:InvestmentPropertiesInExploitationMember
=GROUP(WWviWvbBwvVio+WWviWvbDfwVio);Bijzondere waardeverminderingen van vastgoedbeleggingen verantwoord in de winst-en-verliesrekening;rj-i_ImpairmentInvestmentPropertiesRecordedInIncomeStatement;jenv-bw2-dm:CommercialMember;jenv-bw2-dm:ConsolidatedMember;;;;rj-dm:InvestmentPropertiesInDevelopmentMember
=GROUP(WWviWvbBwvVio+WWviWvbDfwVio);Bijzondere waardeverminderingen van vastgoedbeleggingen verantwoord in de winst-en-verliesrekening;rj-i_ImpairmentInvestmentPropertiesRecordedInIncomeStatement;jenv-bw2-dm:CommercialMember;jenv-bw2-dm:SeparateMember;;;;rj-dm:InvestmentPropertiesInDevelopmentMember
=GROUP(WWviWvi*+WWviWvm*);Waardeveranderingen van immateriële en materiële vaste activa;jenv-bw2-i_ChangesInValueIntangibleAssetsPropertyPlantEquipmentBreakdown;jenv-bw2-dm:CommercialMember;jenv-bw2-dm:ConsolidatedMember
=GROUP(WWviWvi*+WWviWvm*);Waardeveranderingen van immateriële en materiële vaste activa;jenv-bw2-i_ChangesInValueIntangibleAssetsPropertyPlantEquipmentBreakdown;jenv-bw2-dm:CommercialMember;jenv-bw2-dm:SeparateMember
=GROUP(WWviWviBwi+WWviWviDfw);Bijzondere waardeverminderingen van immateriële vaste activa verantwoord in de winst-en-verliesrekening;rj-i_ImpairmentIntangibleAssetsRecordedInIncomeStatement;jenv-bw2-dm:CommercialMember;jenv-bw2-dm:ConsolidatedMember
=GROUP(WWviWviBwi+WWviWviDfw);Bijzondere waardeverminderingen van immateriële vaste activa verantwoord in de winst-en-verliesrekening;rj-i_ImpairmentIntangibleAssetsRecordedInIncomeStatement;jenv-bw2-dm:CommercialMember;jenv-bw2-dm:SeparateMember
=GROUP(WWviWviBwi+WWviWvmBwm+WWviWvbBwv+WWfaBwvFva+WWfaBwvOef+WWfaBwvWse+WWvi???Dfw);Bijzondere waardeverminderingen van vaste activa;rj-i_ImpairmentAssetsNoncurrent;jenv-bw2-dm:CommercialMember;jenv-bw2-dm:ConsolidatedMember
=GROUP(WWviWviBwi+WWviWvmBwm+WWviWvbBwv+WWfaBwvFva+WWfaBwvOef+WWfaBwvWse+WWvi???Dfw);Bijzondere waardeverminderingen van vaste activa;rj-i_ImpairmentAssetsNoncurrent;jenv-bw2-dm:CommercialMember;jenv-bw2-dm:SeparateMember
=GROUP(WWviWviTbi+WWviWvmTbm+WWviWvbTbw+WWfaBwvTwf+WWfaBwvTwe);Terugneming van bijzondere waardeverminderingen van vaste activa;rj-i_ImpairmentAssetsNoncurrentReversal;jenv-bw2-dm:CommercialMember;jenv-bw2-dm:ConsolidatedMember
=GROUP(WWviWviTbi+WWviWvmTbm+WWviWvbTbw+WWfaBwvTwf+WWfaBwvTwe);Terugneming van bijzondere waardeverminderingen van vaste activa;rj-i_ImpairmentAssetsNoncurrentReversal;jenv-bw2-dm:CommercialMember;jenv-bw2-dm:SeparateMember
=GROUP(WWviWvmBwm+WWviWvmDfw);Bijzondere waardeverminderingen van materiële vaste activa verantwoord in de winst-en-verliesrekening;rj-i_ImpairmentPropertyPlantEquipmentRecordedInIncomeStatement;jenv-bw2-dm:CommercialMember;jenv-bw2-dm:ConsolidatedMember
=GROUP(WWviWvmBwm+WWviWvmDfw);Bijzondere waardeverminderingen van materiële vaste activa verantwoord in de winst-en-verliesrekening;rj-i_ImpairmentPropertyPlantEquipmentRecordedInIncomeStatement;jenv-bw2-dm:CommercialMember;jenv-bw2-dm:SeparateMember
BEiv*;Eigen vermogen;jenv-bw2-i_Equity;jenv-bw2-dm:CommercialMember;jenv-bw2-dm:SeparateMember
BEiv*;Eigen vermogen;jenv-bw2-i_Equity;jenv-bw2-dm:CommercialMember;jenv-bw2-dm:SeparateMember;;;;;;;;jenv-bw2-dm:EquityMember
BEiv??????Avv;Mutatie in het eigen vermogen als gevolg van aanzuivering van verliezen;rj-cp-i_EquityLossReduction;jenv-bw2-dm:CommercialMember;jenv-bw2-dm:SeparateMember;;;;;;;;jenv-bw2-dm:EquityMember
BEiv??????Div;Mutatie in het eigen vermogen als gevolg van dividenduitkeringen;rj-cp-i_EquityDividendDistribution;jenv-bw2-dm:CommercialMember;jenv-bw2-dm:SeparateMember;;;;;;;;jenv-bw2-dm:EquityMember
BEiv??????Emk;Emissiekosten;rj-i_EmissionCostsEquity;jenv-bw2-dm:CommercialMember;jenv-bw2-dm:SeparateMember;;;;;;;;jenv-bw2-dm:EquityMember
BEiv??????Sta;Mutatie in het eigen vermogen als gevolg van stortingen door aandeelhouders;rj-cp-i_EquityContributionsShareholders;jenv-bw2-dm:CommercialMember;jenv-bw2-dm:SeparateMember;;;;;;;;jenv-bw2-dm:EquityMember
BEiv??????Uia;Mutatie in het eigen vermogen als gevolg van uitgeoefende aandelen(optie)regelingen;rj-cp-i_EquityShareBasedArrangementsExercised;jenv-bw2-dm:CommercialMember;jenv-bw2-dm:SeparateMember;;;;;;;;jenv-bw2-dm:EquityMember
BEiv??????Var;Mutatie in het eigen vermogen als gevolg van verleende aandelen(optie) regelingen;rj-cp-i_EquityShareBasedArrangementsGranted;jenv-bw2-dm:CommercialMember;jenv-bw2-dm:SeparateMember;;;;;;;;jenv-bw2-dm:EquityMember
BEivAgi*;Agio;jenv-bw2-i_SharePremium;jenv-bw2-dm:CommercialMember;jenv-bw2-dm:SeparateMember
BEivAgi*;Eigen vermogen;jenv-bw2-i_Equity;jenv-bw2-dm:CommercialMember;jenv-bw2-dm:SeparateMember;;;;;;;;jenv-bw2-dm:SharePremiumMember
BEivAgiAgiAvv;Mutatie in het eigen vermogen als gevolg van aanzuivering van verliezen;rj-cp-i_EquityLossReduction;jenv-bw2-dm:CommercialMember;jenv-bw2-dm:SeparateMember;;;;;;;;jenv-bw2-dm:SharePremiumMember
BEivAgiAgiIva;Mutatie in het eigen vermogen als gevolg van de intrekking van aandelen;rj-cp-i_EquitySharesWithdrawal;jenv-bw2-dm:CommercialMember;jenv-bw2-dm:SeparateMember;;;;;;;;jenv-bw2-dm:SharePremiumMember
BEivAgiAgiIve;Mutatie in het eigen vermogen als gevolg van de inkoop van eigen aandelen;rj-cp-i_EquityTreasurySharesPurchase;jenv-bw2-dm:CommercialMember;jenv-bw2-dm:SeparateMember;;;;;;;;jenv-bw2-dm:SharePremiumMember
BEivAgiAgiOve;Mutatie in het eigen vermogen als gevolg van overboekingen;rj-cp-i_EquityTransfers;jenv-bw2-dm:CommercialMember;jenv-bw2-dm:SeparateMember;;;;;;;;jenv-bw2-dm:SharePremiumMember
BEivAgiAgiOvm;Mutatie in het eigen vermogen als gevolg van overige mutaties;rj-cp-i_EquityMovementOther;jenv-bw2-dm:CommercialMember;jenv-bw2-dm:SeparateMember;;;;;;;;jenv-bw2-dm:SharePremiumMember
BEivAgiAgiRaf;Rechtstreekse mutatie in het eigen vermogen als gevolg van afstotingen;rj-cp-i_EquityDirectlyBusinessDivestitures;jenv-bw2-dm:CommercialMember;jenv-bw2-dm:SeparateMember;;;;;;;;jenv-bw2-dm:SharePremiumMember
BEivAgiAgiRfh;Rechtstreekse mutatie in het eigen vermogen als gevolg van foutherstel;rj-cp-i_EquityDirectlyMaterialErrors;jenv-bw2-dm:CommercialMember;jenv-bw2-dm:SeparateMember;;;;;;;;jenv-bw2-dm:SharePremiumMember
BEivAgiAgiRov;Rechtstreekse mutatie in het eigen vermogen als gevolg van overnames;rj-cp-i_EquityDirectlyBusinessAcquisitions;jenv-bw2-dm:CommercialMember;jenv-bw2-dm:SeparateMember;;;;;;;;jenv-bw2-dm:SharePremiumMember
BEivAgiAgiSta;Mutatie in het eigen vermogen als gevolg van stortingen door aandeelhouders;rj-cp-i_EquityContributionsShareholders;jenv-bw2-dm:CommercialMember;jenv-bw2-dm:SeparateMember;;;;;;;;jenv-bw2-dm:SharePremiumMember
BEivAgiAgiVve;Mutatie in het eigen vermogen als gevolg van de verkoop van eigen aandelen;rj-cp-i_EquityTreasurySharesSale;jenv-bw2-dm:CommercialMember;jenv-bw2-dm:SeparateMember;;;;;;;;jenv-bw2-dm:SharePremiumMember
BEivAvd*;Aandeel van derden in groepsmaatschappijen;jenv-bw2-i_NoncontrollingInterest;jenv-bw2-dm:CommercialMember;jenv-bw2-dm:ConsolidatedMember
BEivFij*;Financiële instrumenten die op basis van de economische realiteit als vreemd vermogen zouden worden verantwoord maar op basis van de juridische vorm als eigen vermogen worden verantwoord;rj-i_FinancialInstrumentsLegalFormClassifiedAsEquity;jenv-bw2-dm:CommercialMember;jenv-bw2-dm:SeparateMember
BEivFij*;Eigen vermogen;jenv-bw2-i_Equity;jenv-bw2-dm:CommercialMember;jenv-bw2-dm:SeparateMember;;;;;;;;rj-dm:FinancialInstrumentsLegalFormClassifiedAsEquityMember
BEivFijFijBeg;Aangepaste eigen vermogen na herrekening;rj-i_AdjustedEquityAfterRecalculation;jenv-bw2-dm:CommercialMember;jenv-bw2-dm:SeparateMember;;;;;;;;rj-dm:FinancialInstrumentsLegalFormClassifiedAsEquityMember
BEivFijFijOve;Mutatie in het eigen vermogen als gevolg van overboekingen;rj-cp-i_EquityTransfers;jenv-bw2-dm:CommercialMember;jenv-bw2-dm:SeparateMember;;;;;;;;rj-dm:FinancialInstrumentsLegalFormClassifiedAsEquityMember
BEivFijFijOvm;Mutatie in het eigen vermogen als gevolg van overige mutaties;rj-cp-i_EquityMovementOther;jenv-bw2-dm:CommercialMember;jenv-bw2-dm:SeparateMember;;;;;;;;rj-dm:FinancialInstrumentsLegalFormClassifiedAsEquityMember
BEivGok*;Gestort en opgevraagd aandelenkapitaal;jenv-bw2-i_ShareCapitalPaidCalledUp;jenv-bw2-dm:CommercialMember;jenv-bw2-dm:SeparateMember
BEivGok*;Eigen vermogen;jenv-bw2-i_Equity;jenv-bw2-dm:CommercialMember;jenv-bw2-dm:SeparateMember;;;;;;;;jenv-bw2-dm:ShareCapitalPaidCalledUpMember
BEivGok???Beg;Aangepaste eigen vermogen na herrekening;rj-i_AdjustedEquityAfterRecalculation;jenv-bw2-dm:CommercialMember;jenv-bw2-dm:SeparateMember;;;;;;;;jenv-bw2-dm:ShareCapitalPaidCalledUpMember
BEivGok???Div;Mutatie in het eigen vermogen als gevolg van dividenduitkeringen;rj-cp-i_EquityDividendDistribution;jenv-bw2-dm:CommercialMember;jenv-bw2-dm:SeparateMember;;;;;;;;jenv-bw2-dm:ShareCapitalPaidCalledUpMember
BEivGok???Emk;Emissiekosten;rj-i_EmissionCostsEquity;jenv-bw2-dm:CommercialMember;jenv-bw2-dm:SeparateMember;;;;;;;;jenv-bw2-dm:ShareCapitalPaidCalledUpMember
BEivGok???Ink;Mutatie in het eigen vermogen als gevolg van de inkoop van eigen aandelen;rj-cp-i_EquityTreasurySharesPurchase;jenv-bw2-dm:CommercialMember;jenv-bw2-dm:SeparateMember;;;;;;;;jenv-bw2-dm:ShareCapitalPaidCalledUpMember
BEivGok???Int;Mutatie in het eigen vermogen als gevolg van de intrekking van aandelen;rj-cp-i_EquitySharesWithdrawal;jenv-bw2-dm:CommercialMember;jenv-bw2-dm:SeparateMember;;;;;;;;jenv-bw2-dm:ShareCapitalPaidCalledUpMember
BEivGok???Ove;Mutatie in het eigen vermogen als gevolg van overboekingen;rj-cp-i_EquityTransfers;jenv-bw2-dm:CommercialMember;jenv-bw2-dm:SeparateMember;;;;;;;;jenv-bw2-dm:ShareCapitalPaidCalledUpMember
BEivGok???Ovm;Mutatie in het eigen vermogen als gevolg van overige mutaties;rj-cp-i_EquityMovementOther;jenv-bw2-dm:CommercialMember;jenv-bw2-dm:SeparateMember;;;;;;;;jenv-bw2-dm:ShareCapitalPaidCalledUpMember
BEivGok???Uit;Mutatie in het eigen vermogen als gevolg van de uitgifte van aandelen;rj-cp-i_EquityShareIssue;jenv-bw2-dm:CommercialMember;jenv-bw2-dm:SeparateMember;;;;;;;;jenv-bw2-dm:ShareCapitalPaidCalledUpMember
BEivGok???Vrk;Mutatie in het eigen vermogen als gevolg van de verkoop van eigen aandelen;rj-cp-i_EquityTreasurySharesSale;jenv-bw2-dm:CommercialMember;jenv-bw2-dm:SeparateMember;;;;;;;;jenv-bw2-dm:ShareCapitalPaidCalledUpMember
BEivHer*;Herwaarderingsreserves;jenv-bw2-i_RevaluationReserve;jenv-bw2-dm:CommercialMember;jenv-bw2-dm:SeparateMember
BEivHer*;Eigen vermogen;jenv-bw2-i_Equity;jenv-bw2-dm:CommercialMember;jenv-bw2-dm:SeparateMember;;;;;;;;jenv-bw2-dm:RevaluationReserveMember
BEivHer*;Herwaarderingsreserves;jenv-bw2-i_RevaluationReserve;jenv-bw2-dm:CommercialMember;jenv-bw2-dm:SeparateMember;;;;;;;;;jenv-bw2-dm:RevaluationReserveMember
BEivHer*;Herwaarderingsreserves;jenv-bw2-i_RevaluationReserve;jenv-bw2-dm:CommercialMember;jenv-bw2-dm:SeparateMember;;;;;;;;;rj-dm:HedgedMember
BEivHerHewBrh;Mutatie in herwaarderingsreserve als gevolg van belastingeffecten op gerealiseerde herwaarderingen;rj-i_RevaluationReserveRealisedRevaluationsTaxImpact;jenv-bw2-dm:CommercialMember;jenv-bw2-dm:SeparateMember;;;;;;;;;jenv-bw2-dm:RevaluationReserveMember
BEivHerHewBrh;Mutatie in herwaarderingsreserve als gevolg van belastingeffecten op gerealiseerde herwaarderingen;rj-i_RevaluationReserveRealisedRevaluationsTaxImpact;jenv-bw2-dm:CommercialMember;jenv-bw2-dm:SeparateMember;;;;;;;;;rj-dm:HedgedMember
BEivHerHewBvh;Belastingeffecten op gevormde herwaarderingen opgenomen in de herwaarderingsreserve;jenv-bw2-i_RevaluationReserveRevaluationsTaxImpact;jenv-bw2-dm:CommercialMember;jenv-bw2-dm:SeparateMember;;;;;;;;;jenv-bw2-dm:RevaluationReserveMember
BEivHerHewBvh;Belastingeffecten op gevormde herwaarderingen opgenomen in de herwaarderingsreserve;jenv-bw2-i_RevaluationReserveRevaluationsTaxImpact;jenv-bw2-dm:CommercialMember;jenv-bw2-dm:SeparateMember;;;;;;;;;rj-dm:HedgedMember
BEivHerHewBvs;Mutatie in herwaarderingsreserve als gevolg van belastingeffect van stelselwijzigingen;rj-i_RevaluationReserveChangeAccountingPoliciesTaxImpact;jenv-bw2-dm:CommercialMember;jenv-bw2-dm:SeparateMember;;;;;;;;;jenv-bw2-dm:RevaluationReserveMember
BEivHerHewBvs;Mutatie in herwaarderingsreserve als gevolg van belastingeffect van stelselwijzigingen;rj-i_RevaluationReserveChangeAccountingPoliciesTaxImpact;jenv-bw2-dm:CommercialMember;jenv-bw2-dm:SeparateMember;;;;;;;;;rj-dm:HedgedMember
BEivHerHewGha;Mutatie in herwaarderingsreserve als gevolg van gerealiseerde herwaarderingen via afgedekte activa of passiva;rj-i_RevaluationReserveRealisedRevaluationsThroughHedgedAssetsLiabilities;jenv-bw2-dm:CommercialMember;jenv-bw2-dm:SeparateMember;;;;;;;;;jenv-bw2-dm:RevaluationReserveMember
BEivHerHewGha;Mutatie in herwaarderingsreserve als gevolg van gerealiseerde herwaarderingen via afgedekte activa of passiva;rj-i_RevaluationReserveRealisedRevaluationsThroughHedgedAssetsLiabilities;jenv-bw2-dm:CommercialMember;jenv-bw2-dm:SeparateMember;;;;;;;;;rj-dm:HedgedMember
BEivHerHewGhr;Mutatie in herwaarderingsreserve als gevolg van gerealiseerde herwaarderingen via overige reserves;rj-i_RevaluationReserveRealisedRevaluationsThroughOtherReserves;jenv-bw2-dm:CommercialMember;jenv-bw2-dm:SeparateMember;;;;;;;;;jenv-bw2-dm:RevaluationReserveMember
BEivHerHewGhr;Mutatie in herwaarderingsreserve als gevolg van gerealiseerde herwaarderingen via overige reserves;rj-i_RevaluationReserveRealisedRevaluationsThroughOtherReserves;jenv-bw2-dm:CommercialMember;jenv-bw2-dm:SeparateMember;;;;;;;;;rj-dm:HedgedMember
BEivHerHewGva;Mutatie in herwaarderingsreserve als gevolg van gevormde herwaarderingen via afgedekte activa of passiva;rj-i_RevaluationReserveRevaluationsThroughHedgedAssetsLiabilities;jenv-bw2-dm:CommercialMember;jenv-bw2-dm:SeparateMember;;;;;;;;;jenv-bw2-dm:RevaluationReserveMember
BEivHerHewGva;Mutatie in herwaarderingsreserve als gevolg van gevormde herwaarderingen via afgedekte activa of passiva;rj-i_RevaluationReserveRevaluationsThroughHedgedAssetsLiabilities;jenv-bw2-dm:CommercialMember;jenv-bw2-dm:SeparateMember;;;;;;;;;rj-dm:HedgedMember
BEivHerHewGvr;Mutatie in herwaarderingsreserve als gevolg van gevormde herwaarderingen via overige reserves;rj-i_RevaluationReserveRevaluationsThroughOtherReserves;jenv-bw2-dm:CommercialMember;jenv-bw2-dm:SeparateMember;;;;;;;;;jenv-bw2-dm:RevaluationReserveMember
BEivHerHewGvr;Mutatie in herwaarderingsreserve als gevolg van gevormde herwaarderingen via overige reserves;rj-i_RevaluationReserveRevaluationsThroughOtherReserves;jenv-bw2-dm:CommercialMember;jenv-bw2-dm:SeparateMember;;;;;;;;;rj-dm:HedgedMember
BEivHerHewGvw;Mutatie in herwaarderingsreserve als gevolg van gevormde herwaarderingen via winst-en-verliesrekening;rj-i_RevaluationReserveRevaluationsThroughIncomeStatement;jenv-bw2-dm:CommercialMember;jenv-bw2-dm:SeparateMember;;;;;;;;;jenv-bw2-dm:RevaluationReserveMember
BEivHerHewGvw;Mutatie in herwaarderingsreserve als gevolg van gevormde herwaarderingen via winst-en-verliesrekening;rj-i_RevaluationReserveRevaluationsThroughIncomeStatement;jenv-bw2-dm:CommercialMember;jenv-bw2-dm:SeparateMember;;;;;;;;;rj-dm:HedgedMember
BEivHerHewOve;Mutatie in het eigen vermogen als gevolg van overboekingen;rj-cp-i_EquityTransfers;jenv-bw2-dm:CommercialMember;jenv-bw2-dm:SeparateMember;;;;;;;;jenv-bw2-dm:RevaluationReserveMember
BEivHerHewOvm;Mutatie in het eigen vermogen als gevolg van overige mutaties;rj-cp-i_EquityMovementOther;jenv-bw2-dm:CommercialMember;jenv-bw2-dm:SeparateMember;;;;;;;;jenv-bw2-dm:RevaluationReserveMember
BEivOreOvw*;Niet verdeelde winsten;jenv-bw2-i_RetainedEarnings;jenv-bw2-dm:CommercialMember;jenv-bw2-dm:SeparateMember
BEivOreOvw*;Eigen vermogen;jenv-bw2-i_Equity;jenv-bw2-dm:CommercialMember;jenv-bw2-dm:SeparateMember;;;;;;;;jenv-bw2-dm:RetainedEarningsMember
BEivOreOvwAll;Mutatie in het eigen vermogen als gevolg van bestemming van het nettoresultaat;rj-cp-i_EquityResultAllocation;jenv-bw2-dm:CommercialMember;jenv-bw2-dm:SeparateMember;;;;;;;;jenv-bw2-dm:RetainedEarningsMember
BEivOreOvwDiv;Mutatie in het eigen vermogen als gevolg van dividenduitkeringen;rj-cp-i_EquityDividendDistribution;jenv-bw2-dm:CommercialMember;jenv-bw2-dm:SeparateMember;;;;;;;;jenv-bw2-dm:RetainedEarningsMember
BEivOreOvwHer;Mutatie in het eigen vermogen als gevolg van herwaarderingen;rj-cp-i_EquityRevaluations;jenv-bw2-dm:CommercialMember;jenv-bw2-dm:SeparateMember;;;;;;;;jenv-bw2-dm:RetainedEarningsMember
BEivOreOvwOve;Mutatie in het eigen vermogen als gevolg van overboekingen;rj-cp-i_EquityTransfers;jenv-bw2-dm:CommercialMember;jenv-bw2-dm:SeparateMember;;;;;;;;jenv-bw2-dm:RetainedEarningsMember
BEivOreOvwOvm;Mutatie in het eigen vermogen als gevolg van overige mutaties;rj-cp-i_EquityMovementOther;jenv-bw2-dm:CommercialMember;jenv-bw2-dm:SeparateMember;;;;;;;;jenv-bw2-dm:RetainedEarningsMember
BEivOreOvwRma;Rechtstreekse mutatie in het eigen vermogen als gevolg van afstotingen;rj-cp-i_EquityDirectlyBusinessDivestitures;jenv-bw2-dm:CommercialMember;jenv-bw2-dm:SeparateMember;;;;;;;;jenv-bw2-dm:RetainedEarningsMember
BEivOreOvwRmd;Rechtstreekse mutatie in het eigen vermogen als gevolg van financiële instrumenten;rj-i_EquityDirectlyFinancialInstruments;jenv-bw2-dm:CommercialMember;jenv-bw2-dm:SeparateMember;;;;;;;;jenv-bw2-dm:RetainedEarningsMember
BEivOreOvwRmf;Rechtstreekse mutatie in het eigen vermogen als gevolg van foutherstel;rj-cp-i_EquityDirectlyMaterialErrors;jenv-bw2-dm:CommercialMember;jenv-bw2-dm:SeparateMember;;;;;;;;jenv-bw2-dm:RetainedEarningsMember
BEivOreOvwRmg;Rechtstreekse mutatie in het eigen vermogen als gevolg van goodwill;rj-cp-i_EquityDirectlyGoodwill;jenv-bw2-dm:CommercialMember;jenv-bw2-dm:SeparateMember;;;;;;;;jenv-bw2-dm:RetainedEarningsMember
BEivOreOvwRmo;Rechtstreekse mutatie in het eigen vermogen als gevolg van overnames;rj-cp-i_EquityDirectlyBusinessAcquisitions;jenv-bw2-dm:CommercialMember;jenv-bw2-dm:SeparateMember;;;;;;;;jenv-bw2-dm:RetainedEarningsMember
BEivOreOvwRmt;Rechtstreekse mutatie in het eigen vermogen als gevolg van terugneming van bijzondere waardeverminderingen;rj-cp-i_EquityDirectlyImpairmentReversal;jenv-bw2-dm:CommercialMember;jenv-bw2-dm:SeparateMember;;;;;;;;jenv-bw2-dm:RetainedEarningsMember
BEivOreOvwRmv;Rechtstreekse mutatie in het eigen vermogen als gevolg van omrekeningsverschillen;rj-cp-i_EquityDirectlyExchangeDifferences;jenv-bw2-dm:CommercialMember;jenv-bw2-dm:SeparateMember;;;;;;;;jenv-bw2-dm:RetainedEarningsMember
BEivOreOvwRmw;Rechtstreekse mutatie in het eigen vermogen als gevolg van bijzondere waardeverminderingen;rj-cp-i_EquityDirectlyImpairment;jenv-bw2-dm:CommercialMember;jenv-bw2-dm:SeparateMember;;;;;;;;jenv-bw2-dm:RetainedEarningsMember
BEivOreRvh*;Resultaat na belastingen van het boekjaar;jenv-bw2-i_ResultForTheYear;jenv-bw2-dm:CommercialMember;jenv-bw2-dm:SeparateMember
BEivOreRvh*;Eigen vermogen;jenv-bw2-i_Equity;jenv-bw2-dm:CommercialMember;jenv-bw2-dm:SeparateMember;;;;;;;;jenv-bw2-dm:ResultForTheYearMember
BEivOreRvhAll;Mutatie in het eigen vermogen als gevolg van bestemming van het nettoresultaat;rj-cp-i_EquityResultAllocation;jenv-bw2-dm:CommercialMember;jenv-bw2-dm:SeparateMember;;;;;;;;jenv-bw2-dm:ResultForTheYearMember
BEivOreRvhDiv;Mutatie in het eigen vermogen als gevolg van dividenduitkeringen;rj-cp-i_EquityDividendDistribution;jenv-bw2-dm:CommercialMember;jenv-bw2-dm:SeparateMember;;;;;;;;jenv-bw2-dm:ResultForTheYearMember
BEivOreRvhHer;Mutatie in het eigen vermogen als gevolg van herwaarderingen;rj-cp-i_EquityRevaluations;jenv-bw2-dm:CommercialMember;jenv-bw2-dm:SeparateMember;;;;;;;;jenv-bw2-dm:ResultForTheYearMember
BEivOreRvhOve;Mutatie in het eigen vermogen als gevolg van overboekingen;rj-cp-i_EquityTransfers;jenv-bw2-dm:CommercialMember;jenv-bw2-dm:SeparateMember;;;;;;;;jenv-bw2-dm:ResultForTheYearMember
BEivOreRvhOvm;Mutatie in het eigen vermogen als gevolg van overige mutaties;rj-cp-i_EquityMovementOther;jenv-bw2-dm:CommercialMember;jenv-bw2-dm:SeparateMember;;;;;;;;jenv-bw2-dm:ResultForTheYearMember
BEivOreRvhRma;Rechtstreekse mutatie in het eigen vermogen als gevolg van afstotingen;rj-cp-i_EquityDirectlyBusinessDivestitures;jenv-bw2-dm:CommercialMember;jenv-bw2-dm:SeparateMember;;;;;;;;jenv-bw2-dm:ResultForTheYearMember
BEivOreRvhRmd;Rechtstreekse mutatie in het eigen vermogen als gevolg van financiële instrumenten;rj-i_EquityDirectlyFinancialInstruments;jenv-bw2-dm:CommercialMember;jenv-bw2-dm:SeparateMember;;;;;;;;jenv-bw2-dm:ResultForTheYearMember
BEivOreRvhRmf;Rechtstreekse mutatie in het eigen vermogen als gevolg van foutherstel;rj-cp-i_EquityDirectlyMaterialErrors;jenv-bw2-dm:CommercialMember;jenv-bw2-dm:SeparateMember;;;;;;;;jenv-bw2-dm:ResultForTheYearMember
BEivOreRvhRmg;Rechtstreekse mutatie in het eigen vermogen als gevolg van goodwill;rj-cp-i_EquityDirectlyGoodwill;jenv-bw2-dm:CommercialMember;jenv-bw2-dm:SeparateMember;;;;;;;;jenv-bw2-dm:ResultForTheYearMember
BEivOreRvhRmo;Rechtstreekse mutatie in het eigen vermogen als gevolg van overnames;rj-cp-i_EquityDirectlyBusinessAcquisitions;jenv-bw2-dm:CommercialMember;jenv-bw2-dm:SeparateMember;;;;;;;;jenv-bw2-dm:ResultForTheYearMember
BEivOreRvhRms;Rechtstreekse mutatie in het eigen vermogen als gevolg van stelselwijzigingen;rj-cp-i_EquityDirectlyChangeAccountingPolicies;jenv-bw2-dm:CommercialMember;jenv-bw2-dm:SeparateMember;;;;;;;;jenv-bw2-dm:ResultForTheYearMember
BEivOreRvhRmt;Rechtstreekse mutatie in het eigen vermogen als gevolg van terugneming van bijzondere waardeverminderingen;rj-cp-i_EquityDirectlyImpairmentReversal;jenv-bw2-dm:CommercialMember;jenv-bw2-dm:SeparateMember;;;;;;;;jenv-bw2-dm:ResultForTheYearMember
BEivOreRvhRmv;Rechtstreekse mutatie in het eigen vermogen als gevolg van omrekeningsverschillen;rj-cp-i_EquityDirectlyExchangeDifferences;jenv-bw2-dm:CommercialMember;jenv-bw2-dm:SeparateMember;;;;;;;;jenv-bw2-dm:ResultForTheYearMember
BEivOreRvhRmw;Rechtstreekse mutatie in het eigen vermogen als gevolg van bijzondere waardeverminderingen;rj-cp-i_EquityDirectlyImpairment;jenv-bw2-dm:CommercialMember;jenv-bw2-dm:SeparateMember;;;;;;;;jenv-bw2-dm:ResultForTheYearMember
BEivOreUpd*;Uit te keren preferent dividend die in mindering wordt gebracht op het resultaat na belastingen;rj-i_PreferredDividendDeductedFromResultForTheYear;jenv-bw2-dm:CommercialMember;jenv-bw2-dm:SeparateMember
BEivOreUpd*;Eigen vermogen;jenv-bw2-i_Equity;jenv-bw2-dm:CommercialMember;jenv-bw2-dm:SeparateMember;;;;;;;;rj-dm:PreferredDividendDeductedFromResultForTheYearMember
BEivOreUpdAll;Mutatie in het eigen vermogen als gevolg van bestemming van het nettoresultaat;rj-cp-i_EquityResultAllocation;jenv-bw2-dm:CommercialMember;jenv-bw2-dm:SeparateMember;;;;;;;;rj-dm:PreferredDividendDeductedFromResultForTheYearMember
BEivOreUpdBeg;Aangepaste eigen vermogen na herrekening;rj-i_AdjustedEquityAfterRecalculation;jenv-bw2-dm:CommercialMember;jenv-bw2-dm:SeparateMember;;;;;;;;rj-dm:PreferredDividendDeductedFromResultForTheYearMember
BEivOreUpdDiv;Mutatie in het eigen vermogen als gevolg van dividenduitkeringen;rj-cp-i_EquityDividendDistribution;jenv-bw2-dm:CommercialMember;jenv-bw2-dm:SeparateMember;;;;;;;;rj-dm:PreferredDividendDeductedFromResultForTheYearMember
BEivOreUpdOve;Mutatie in het eigen vermogen als gevolg van overboekingen;rj-cp-i_EquityTransfers;jenv-bw2-dm:CommercialMember;jenv-bw2-dm:SeparateMember;;;;;;;;rj-dm:PreferredDividendDeductedFromResultForTheYearMember
BEivOreUpdOvm;Mutatie in het eigen vermogen als gevolg van overige mutaties;rj-cp-i_EquityMovementOther;jenv-bw2-dm:CommercialMember;jenv-bw2-dm:SeparateMember;;;;;;;;rj-dm:PreferredDividendDeductedFromResultForTheYearMember
BEivOreVde*;Voorgestelde bedrag aan dividenduitkeringen aan houders van eigenvermogensinstrumenten (geclassificeerd als eigen vermogen);rj-i_DividendPayableHoldersSharesRecordedAsEquity;jenv-bw2-dm:CommercialMember;jenv-bw2-dm:SeparateMember
BEivOreVde*;Eigen vermogen;jenv-bw2-i_Equity;jenv-bw2-dm:CommercialMember;jenv-bw2-dm:SeparateMember;;;;;;;;rj-dm:DividendPayableHoldersSharesRecordedAsEquityMember
BEivOreVdeAll;Mutatie in het eigen vermogen als gevolg van bestemming van het nettoresultaat;rj-cp-i_EquityResultAllocation;jenv-bw2-dm:CommercialMember;jenv-bw2-dm:SeparateMember;;;;;;;;rj-dm:DividendPayableHoldersSharesRecordedAsEquityMember
BEivOreVdeBeg;Aangepaste eigen vermogen na herrekening;rj-i_AdjustedEquityAfterRecalculation;jenv-bw2-dm:CommercialMember;jenv-bw2-dm:SeparateMember;;;;;;;;rj-dm:DividendPayableHoldersSharesRecordedAsEquityMember
BEivOreVdeDiv;Mutatie in het eigen vermogen als gevolg van dividenduitkeringen;rj-cp-i_EquityDividendDistribution;jenv-bw2-dm:CommercialMember;jenv-bw2-dm:SeparateMember;;;;;;;;rj-dm:DividendPayableHoldersSharesRecordedAsEquityMember
BEivOreVdeOve;Mutatie in het eigen vermogen als gevolg van overboekingen;rj-cp-i_EquityTransfers;jenv-bw2-dm:CommercialMember;jenv-bw2-dm:SeparateMember;;;;;;;;rj-dm:DividendPayableHoldersSharesRecordedAsEquityMember
BEivOreVdeOvm;Mutatie in het eigen vermogen als gevolg van overige mutaties;rj-cp-i_EquityMovementOther;jenv-bw2-dm:CommercialMember;jenv-bw2-dm:SeparateMember;;;;;;;;rj-dm:DividendPayableHoldersSharesRecordedAsEquityMember
BEivOvr*;Overige reserves;jenv-bw2-i_ReservesOther;jenv-bw2-dm:CommercialMember;jenv-bw2-dm:SeparateMember
BEivOvr*;Eigen vermogen;jenv-bw2-i_Equity;jenv-bw2-dm:CommercialMember;jenv-bw2-dm:SeparateMember;;;;;;;;jenv-bw2-dm:ReservesOtherMember
BEivOvr???Avh;Mutatie in het eigen vermogen als gevolg van bestemming van het nettoresultaat;rj-cp-i_EquityResultAllocation;jenv-bw2-dm:CommercialMember;jenv-bw2-dm:SeparateMember;;;;;;;;jenv-bw2-dm:ReservesOtherMember
BEivOvr???Avv;Mutatie in het eigen vermogen als gevolg van aanzuivering van verliezen;rj-cp-i_EquityLossReduction;jenv-bw2-dm:CommercialMember;jenv-bw2-dm:SeparateMember;;;;;;;;jenv-bw2-dm:ReservesOtherMember
BEivOvr???Div;Mutatie in het eigen vermogen als gevolg van dividenduitkeringen;rj-cp-i_EquityDividendDistribution;jenv-bw2-dm:CommercialMember;jenv-bw2-dm:SeparateMember;;;;;;;;jenv-bw2-dm:ReservesOtherMember
BEivOvr???Emk;Emissiekosten;rj-i_EmissionCostsEquity;jenv-bw2-dm:CommercialMember;jenv-bw2-dm:SeparateMember;;;;;;;;jenv-bw2-dm:ReservesOtherMember
BEivOvr???Her;Mutatie in het eigen vermogen als gevolg van herwaarderingen;rj-cp-i_EquityRevaluations;jenv-bw2-dm:CommercialMember;jenv-bw2-dm:SeparateMember;;;;;;;;jenv-bw2-dm:ReservesOtherMember
BEivOvr???Iva;Mutatie in het eigen vermogen als gevolg van de intrekking van aandelen;rj-cp-i_EquitySharesWithdrawal;jenv-bw2-dm:CommercialMember;jenv-bw2-dm:SeparateMember;;;;;;;;jenv-bw2-dm:ReservesOtherMember
BEivOvr???Ive;Mutatie in het eigen vermogen als gevolg van de inkoop van eigen aandelen;rj-cp-i_EquityTreasurySharesPurchase;jenv-bw2-dm:CommercialMember;jenv-bw2-dm:SeparateMember;;;;;;;;jenv-bw2-dm:ReservesOtherMember
BEivOvr???Ove;Mutatie in het eigen vermogen als gevolg van overboekingen;rj-cp-i_EquityTransfers;jenv-bw2-dm:CommercialMember;jenv-bw2-dm:SeparateMember;;;;;;;;jenv-bw2-dm:ReservesOtherMember
BEivOvr???Ovm;Mutatie in het eigen vermogen als gevolg van overige mutaties;rj-cp-i_EquityMovementOther;jenv-bw2-dm:CommercialMember;jenv-bw2-dm:SeparateMember;;;;;;;;jenv-bw2-dm:ReservesOtherMember
BEivOvr???Raf;Rechtstreekse mutatie in het eigen vermogen als gevolg van afstotingen;rj-cp-i_EquityDirectlyBusinessDivestitures;jenv-bw2-dm:CommercialMember;jenv-bw2-dm:SeparateMember;;;;;;;;jenv-bw2-dm:ReservesOtherMember
BEivOvr???Rbw;Rechtstreekse mutatie in het eigen vermogen als gevolg van bijzondere waardeverminderingen;rj-cp-i_EquityDirectlyImpairment;jenv-bw2-dm:CommercialMember;jenv-bw2-dm:SeparateMember;;;;;;;;jenv-bw2-dm:ReservesOtherMember
BEivOvr???Rfh;Rechtstreekse mutatie in het eigen vermogen als gevolg van foutherstel;rj-cp-i_EquityDirectlyMaterialErrors;jenv-bw2-dm:CommercialMember;jenv-bw2-dm:SeparateMember;;;;;;;;jenv-bw2-dm:ReservesOtherMember
BEivOvr???Rfi;Rechtstreekse mutatie in het eigen vermogen als gevolg van financiële instrumenten;rj-i_EquityDirectlyFinancialInstruments;jenv-bw2-dm:CommercialMember;jenv-bw2-dm:SeparateMember;;;;;;;;jenv-bw2-dm:ReservesOtherMember
BEivOvr???Rgo;Rechtstreekse mutatie in het eigen vermogen als gevolg van goodwill;rj-cp-i_EquityDirectlyGoodwill;jenv-bw2-dm:CommercialMember;jenv-bw2-dm:SeparateMember;;;;;;;;jenv-bw2-dm:ReservesOtherMember
BEivOvr???Rom;Rechtstreekse mutatie in het eigen vermogen als gevolg van omrekeningsverschillen;rj-cp-i_EquityDirectlyExchangeDifferences;jenv-bw2-dm:CommercialMember;jenv-bw2-dm:SeparateMember;;;;;;;;jenv-bw2-dm:ReservesOtherMember
BEivOvr???Rov;Rechtstreekse mutatie in het eigen vermogen als gevolg van overnames;rj-cp-i_EquityDirectlyBusinessAcquisitions;jenv-bw2-dm:CommercialMember;jenv-bw2-dm:SeparateMember;;;;;;;;jenv-bw2-dm:ReservesOtherMember
BEivOvr???Rtw;Rechtstreekse mutatie in het eigen vermogen als gevolg van terugneming van bijzondere waardeverminderingen;rj-cp-i_EquityDirectlyImpairmentReversal;jenv-bw2-dm:CommercialMember;jenv-bw2-dm:SeparateMember;;;;;;;;jenv-bw2-dm:ReservesOtherMember
BEivOvr???Sta;Mutatie in het eigen vermogen als gevolg van stortingen door aandeelhouders;rj-cp-i_EquityContributionsShareholders;jenv-bw2-dm:CommercialMember;jenv-bw2-dm:SeparateMember;;;;;;;;jenv-bw2-dm:ReservesOtherMember
BEivOvr???Uia;Mutatie in het eigen vermogen als gevolg van uitgeoefende aandelen(optie)regelingen;rj-cp-i_EquityShareBasedArrangementsExercised;jenv-bw2-dm:CommercialMember;jenv-bw2-dm:SeparateMember;;;;;;;;jenv-bw2-dm:ReservesOtherMember
BEivOvr???Uva;Mutatie in het eigen vermogen als gevolg van de uitgifte van aandelen;rj-cp-i_EquityShareIssue;jenv-bw2-dm:CommercialMember;jenv-bw2-dm:SeparateMember;;;;;;;;jenv-bw2-dm:ReservesOtherMember
BEivOvr???Var;Mutatie in het eigen vermogen als gevolg van verleende aandelen(optie) regelingen;rj-cp-i_EquityShareBasedArrangementsGranted;jenv-bw2-dm:CommercialMember;jenv-bw2-dm:SeparateMember;;;;;;;;jenv-bw2-dm:ReservesOtherMember
BEivOvr???Vve;Mutatie in het eigen vermogen als gevolg van de verkoop van eigen aandelen;rj-cp-i_EquityTreasurySharesSale;jenv-bw2-dm:CommercialMember;jenv-bw2-dm:SeparateMember;;;;;;;;jenv-bw2-dm:ReservesOtherMember
BEivStr*;Statutaire reserves;jenv-bw2-i_StatutoryReserves;jenv-bw2-dm:CommercialMember;jenv-bw2-dm:SeparateMember
BEivStr*;Eigen vermogen;jenv-bw2-i_Equity;jenv-bw2-dm:CommercialMember;jenv-bw2-dm:SeparateMember;;;;;;;;jenv-bw2-dm:StatutoryReservesMember
BEivStrStrAvh;Mutatie in het eigen vermogen als gevolg van bestemming van het nettoresultaat;rj-cp-i_EquityResultAllocation;jenv-bw2-dm:CommercialMember;jenv-bw2-dm:SeparateMember;;;;;;;;jenv-bw2-dm:StatutoryReservesMember
BEivStrStrAvv;Mutatie in het eigen vermogen als gevolg van aanzuivering van verliezen;rj-cp-i_EquityLossReduction;jenv-bw2-dm:CommercialMember;jenv-bw2-dm:SeparateMember;;;;;;;;jenv-bw2-dm:StatutoryReservesMember
BEivStrStrDiv;Mutatie in het eigen vermogen als gevolg van dividenduitkeringen;rj-cp-i_EquityDividendDistribution;jenv-bw2-dm:CommercialMember;jenv-bw2-dm:SeparateMember;;;;;;;;jenv-bw2-dm:StatutoryReservesMember
BEivStrStrOve;Mutatie in het eigen vermogen als gevolg van overboekingen;rj-cp-i_EquityTransfers;jenv-bw2-dm:CommercialMember;jenv-bw2-dm:SeparateMember;;;;;;;;jenv-bw2-dm:StatutoryReservesMember
BEivStrStrOvm;Mutatie in het eigen vermogen als gevolg van overige mutaties;rj-cp-i_EquityMovementOther;jenv-bw2-dm:CommercialMember;jenv-bw2-dm:SeparateMember;;;;;;;;jenv-bw2-dm:StatutoryReservesMember
BEivStrStrRfh;Rechtstreekse mutatie in het eigen vermogen als gevolg van foutherstel;rj-cp-i_EquityDirectlyMaterialErrors;jenv-bw2-dm:CommercialMember;jenv-bw2-dm:SeparateMember;;;;;;;;jenv-bw2-dm:StatutoryReservesMember
BEivWer*;Andere wettelijke reserves;jenv-bw2-i_LegalReserves;jenv-bw2-dm:CommercialMember;jenv-bw2-dm:SeparateMember
BEivWer*;Eigen vermogen;jenv-bw2-i_Equity;jenv-bw2-dm:CommercialMember;jenv-bw2-dm:SeparateMember;;;;;;;;jenv-bw2-dm:LegalReservesMember
BEivWer???Avh;Mutatie in het eigen vermogen als gevolg van bestemming van het nettoresultaat;rj-cp-i_EquityResultAllocation;jenv-bw2-dm:CommercialMember;jenv-bw2-dm:SeparateMember;;;;;;;;jenv-bw2-dm:LegalReservesMember
BEivWer???Avv;Mutatie in het eigen vermogen als gevolg van aanzuivering van verliezen;rj-cp-i_EquityLossReduction;jenv-bw2-dm:CommercialMember;jenv-bw2-dm:SeparateMember;;;;;;;;jenv-bw2-dm:LegalReservesMember
BEivWer???Div;Mutatie in het eigen vermogen als gevolg van dividenduitkeringen;rj-cp-i_EquityDividendDistribution;jenv-bw2-dm:CommercialMember;jenv-bw2-dm:SeparateMember;;;;;;;;jenv-bw2-dm:LegalReservesMember
BEivWer???Her;Mutatie in het eigen vermogen als gevolg van herwaarderingen;rj-cp-i_EquityRevaluations;jenv-bw2-dm:CommercialMember;jenv-bw2-dm:SeparateMember;;;;;;;;jenv-bw2-dm:LegalReservesMember
BEivWer???Iva;Mutatie in het eigen vermogen als gevolg van de intrekking van aandelen;rj-cp-i_EquitySharesWithdrawal;jenv-bw2-dm:CommercialMember;jenv-bw2-dm:SeparateMember;;;;;;;;jenv-bw2-dm:LegalReservesMember
BEivWer???Ive;Mutatie in het eigen vermogen als gevolg van de inkoop van eigen aandelen;rj-cp-i_EquityTreasurySharesPurchase;jenv-bw2-dm:CommercialMember;jenv-bw2-dm:SeparateMember;;;;;;;;jenv-bw2-dm:LegalReservesMember
BEivWer???Ove;Mutatie in het eigen vermogen als gevolg van overboekingen;rj-cp-i_EquityTransfers;jenv-bw2-dm:CommercialMember;jenv-bw2-dm:SeparateMember;;;;;;;;jenv-bw2-dm:LegalReservesMember
BEivWer???Raf;Rechtstreekse mutatie in het eigen vermogen als gevolg van afstotingen;rj-cp-i_EquityDirectlyBusinessDivestitures;jenv-bw2-dm:CommercialMember;jenv-bw2-dm:SeparateMember;;;;;;;;jenv-bw2-dm:LegalReservesMember
BEivWer???Rbw;Rechtstreekse mutatie in het eigen vermogen als gevolg van bijzondere waardeverminderingen;rj-cp-i_EquityDirectlyImpairment;jenv-bw2-dm:CommercialMember;jenv-bw2-dm:SeparateMember;;;;;;;;jenv-bw2-dm:LegalReservesMember
BEivWer???Rfh;Rechtstreekse mutatie in het eigen vermogen als gevolg van foutherstel;rj-cp-i_EquityDirectlyMaterialErrors;jenv-bw2-dm:CommercialMember;jenv-bw2-dm:SeparateMember;;;;;;;;jenv-bw2-dm:LegalReservesMember
BEivWer???Rfi;Rechtstreekse mutatie in het eigen vermogen als gevolg van financiële instrumenten;rj-i_EquityDirectlyFinancialInstruments;jenv-bw2-dm:CommercialMember;jenv-bw2-dm:SeparateMember;;;;;;;;jenv-bw2-dm:LegalReservesMember
BEivWer???Rom;Rechtstreekse mutatie in het eigen vermogen als gevolg van omrekeningsverschillen;rj-cp-i_EquityDirectlyExchangeDifferences;jenv-bw2-dm:CommercialMember;jenv-bw2-dm:SeparateMember;;;;;;;;jenv-bw2-dm:LegalReservesMember
BEivWer???Rov;Rechtstreekse mutatie in het eigen vermogen als gevolg van overnames;rj-cp-i_EquityDirectlyBusinessAcquisitions;jenv-bw2-dm:CommercialMember;jenv-bw2-dm:SeparateMember;;;;;;;;jenv-bw2-dm:LegalReservesMember
BEivWer???Rsw;Rechtstreekse mutatie in het eigen vermogen als gevolg van stelselwijzigingen;rj-cp-i_EquityDirectlyChangeAccountingPolicies;jenv-bw2-dm:CommercialMember;jenv-bw2-dm:SeparateMember;;;;;;;;jenv-bw2-dm:LegalReservesMember
BEivWer???Rtw;Rechtstreekse mutatie in het eigen vermogen als gevolg van terugneming van bijzondere waardeverminderingen;rj-cp-i_EquityDirectlyImpairmentReversal;jenv-bw2-dm:CommercialMember;jenv-bw2-dm:SeparateMember;;;;;;;;jenv-bw2-dm:LegalReservesMember
BEivWer???Sta;Mutatie in het eigen vermogen als gevolg van stortingen door aandeelhouders;rj-cp-i_EquityContributionsShareholders;jenv-bw2-dm:CommercialMember;jenv-bw2-dm:SeparateMember;;;;;;;;jenv-bw2-dm:LegalReservesMember
BEivWer???Uia;Mutatie in het eigen vermogen als gevolg van uitgeoefende aandelen(optie)regelingen;rj-cp-i_EquityShareBasedArrangementsExercised;jenv-bw2-dm:CommercialMember;jenv-bw2-dm:SeparateMember;;;;;;;;jenv-bw2-dm:LegalReservesMember
BEivWer???Uva;Mutatie in het eigen vermogen als gevolg van de uitgifte van aandelen;rj-cp-i_EquityShareIssue;jenv-bw2-dm:CommercialMember;jenv-bw2-dm:SeparateMember;;;;;;;;jenv-bw2-dm:LegalReservesMember
BEivWer???Var;Mutatie in het eigen vermogen als gevolg van verleende aandelen(optie) regelingen;rj-cp-i_EquityShareBasedArrangementsGranted;jenv-bw2-dm:CommercialMember;jenv-bw2-dm:SeparateMember;;;;;;;;jenv-bw2-dm:LegalReservesMember
BEivWer???Vve;Mutatie in het eigen vermogen als gevolg van de verkoop van eigen aandelen;rj-cp-i_EquityTreasurySharesSale;jenv-bw2-dm:CommercialMember;jenv-bw2-dm:SeparateMember;;;;;;;;jenv-bw2-dm:LegalReservesMember
BEivWerKoe*;Reserve omrekeningsverschillen;jenv-bw2-i_ForeignCurrencyTranslationReserve;jenv-bw2-dm:CommercialMember;jenv-bw2-dm:SeparateMember
BEivWerNba*;Negatieve bijschrijvingsreserve als gevolg van de omrekening van het aandelenkapitaal van een naamloze vennootschap naar de euro;jenv-bw2-i_LegalReserveNegativeTranslationShareCapitalIntoEuros;jenv-bw2-dm:CommercialMember;jenv-bw2-dm:SeparateMember
BEivWerRed*;Wettelijke reserve deelnemingen;jenv-bw2-i_LegalReserveParticipatingInterests;jenv-bw2-dm:CommercialMember;jenv-bw2-dm:SeparateMember
BEivWerRgk*;Wettelijke reserve voor geactiveerde kosten van ontwikkeling;jenv-bw2-i_LegalReserveDevelopment;jenv-bw2-dm:CommercialMember;jenv-bw2-dm:SeparateMember
BEivWerRla*;Niet-uitkeerbare reserve als gevolg van de omrekening van het aandelenkapitaal van een naamloze vennootschap naar de euro;jenv-bw2-i_LegalReserveTranslationShareCapitalIntoEuros;jenv-bw2-dm:CommercialMember;jenv-bw2-dm:SeparateMember
BEivWerRvg*;Wettelijke reserve voor kosten die verband houden met de oprichting en met de uitgifte van aandelen;jenv-bw2-i_LegalReserveCostsIncorporationShareIssue;jenv-bw2-dm:CommercialMember;jenv-bw2-dm:SeparateMember
BEivWerRvi*;Reserve voor inbreng op aandelen anders dan in geld;jenv-bw2-i_LegalReserveContributionInKind;jenv-bw2-dm:CommercialMember;jenv-bw2-dm:SeparateMember
BEivWerRvl*;Niet-uitkeerbare reserve voor verstrekte lening ter verkrijging door anderen van aandelen in het kapitaal van de vennootschap of van certificaten daarvan;jenv-bw2-i_LegalReserveLoansProvidedObtainTreasuryShares;jenv-bw2-dm:CommercialMember;jenv-bw2-dm:SeparateMember
BEivWerRvo*;Wettelijke reserve omrekeningsverschillen voor omrekening van het geïnvesteerde vermogen en het resultaat van deelnemingen;jenv-bw2-i_ReserveTranslationDifferencesConversionInvestedAssetsResultParticipatingInterests;jenv-bw2-dm:CommercialMember;jenv-bw2-dm:SeparateMember
BFva*;Financiële vaste activa;jenv-bw2-i_FinancialAssets;jenv-bw2-dm:CommercialMember;jenv-bw2-dm:ConsolidatedMember
BFva*;Financiële vaste activa;jenv-bw2-i_FinancialAssets;jenv-bw2-dm:CommercialMember;jenv-bw2-dm:SeparateMember
BFva*;Financiële vaste activa;jenv-bw2-i_FinancialAssets;jenv-bw2-dm:CommercialMember;jenv-bw2-dm:ConsolidatedMember;;;;;;;jenv-bw2-dm:FinancialAssetsMember
BFva*;Financiële vaste activa;jenv-bw2-i_FinancialAssets;jenv-bw2-dm:CommercialMember;jenv-bw2-dm:SeparateMember;;;;;;;jenv-bw2-dm:FinancialAssetsMember
BFva??????Ado;Bij overname verkregen financiële vaste activa;rj-i_FinancialAssetsAdditionsThroughAcquisitions;jenv-bw2-dm:CommercialMember;jenv-bw2-dm:ConsolidatedMember;;;;;;;jenv-bw2-dm:FinancialAssetsMember
BFva??????Ado;Bij overname verkregen financiële vaste activa;rj-i_FinancialAssetsAdditionsThroughAcquisitions;jenv-bw2-dm:CommercialMember;jenv-bw2-dm:SeparateMember;;;;;;;jenv-bw2-dm:FinancialAssetsMember
BFva??????Afs;Afschrijvingen op financiële vaste activa;jenv-bw2-i_FinancialAssetsDepreciation;jenv-bw2-dm:CommercialMember;jenv-bw2-dm:ConsolidatedMember;;;;;;;jenv-bw2-dm:FinancialAssetsMember
BFva??????Afs;Afschrijvingen op financiële vaste activa;jenv-bw2-i_FinancialAssetsDepreciation;jenv-bw2-dm:CommercialMember;jenv-bw2-dm:SeparateMember;;;;;;;jenv-bw2-dm:FinancialAssetsMember
BFva??????Bta;Betalingen / aflossingen;rj-cp-i_FinancialAssetsPaymentsRepayments;jenv-bw2-dm:CommercialMember;jenv-bw2-dm:ConsolidatedMember;;;;;;;jenv-bw2-dm:FinancialAssetsMember
BFva??????Bta;Betalingen / aflossingen;rj-cp-i_FinancialAssetsPaymentsRepayments;jenv-bw2-dm:CommercialMember;jenv-bw2-dm:SeparateMember;;;;;;;jenv-bw2-dm:FinancialAssetsMember
BFva??????Dca;Afschrijving op desinvesteringen van financiële vaste activa;jenv-bw2-i_FinancialAssetsDisposalsDepreciation;jenv-bw2-dm:CommercialMember;jenv-bw2-dm:ConsolidatedMember;;;;;;;jenv-bw2-dm:FinancialAssetsMember
BFva??????Dca;Afschrijving op desinvesteringen van financiële vaste activa;jenv-bw2-i_FinancialAssetsDisposalsDepreciation;jenv-bw2-dm:CommercialMember;jenv-bw2-dm:SeparateMember;;;;;;;jenv-bw2-dm:FinancialAssetsMember
BFva??????Dda;Afstotingen van financiële vaste activa;rj-i_FinancialAssetsDivestitures;jenv-bw2-dm:CommercialMember;jenv-bw2-dm:ConsolidatedMember;;;;;;;jenv-bw2-dm:FinancialAssetsMember
BFva??????Dda;Afstotingen van financiële vaste activa;rj-i_FinancialAssetsDivestitures;jenv-bw2-dm:CommercialMember;jenv-bw2-dm:SeparateMember;;;;;;;jenv-bw2-dm:FinancialAssetsMember
BFva??????Omv+GROUP(BFvaOvrOvlBei+BFvaOvrOvlBej+BFvaOvrOvlBek+BFvaLenLenOm*);Mutatie als gevolg van wijzigingen in valutakoersen;rj-i_FinancialAssetsExchangeDifferences;jenv-bw2-dm:CommercialMember;jenv-bw2-dm:ConsolidatedMember;;;;;;;jenv-bw2-dm:FinancialAssetsMember
BFva??????Omv+GROUP(BFvaOvrOvlBei+BFvaOvrOvlBej+BFvaOvrOvlBek+BFvaLenLenOm*);Mutatie als gevolg van wijzigingen in valutakoersen;rj-i_FinancialAssetsExchangeDifferences;jenv-bw2-dm:CommercialMember;jenv-bw2-dm:SeparateMember;;;;;;;jenv-bw2-dm:FinancialAssetsMember
BFva??????Sto;Stortingen / ontvangsten;rj-cp-i_FinancialAssetsReceiptsDeposits;jenv-bw2-dm:CommercialMember;jenv-bw2-dm:ConsolidatedMember;;;;;;;jenv-bw2-dm:FinancialAssetsMember
BFva??????Sto;Stortingen / ontvangsten;rj-cp-i_FinancialAssetsReceiptsDeposits;jenv-bw2-dm:CommercialMember;jenv-bw2-dm:SeparateMember;;;;;;;jenv-bw2-dm:FinancialAssetsMember
BFva??????Tvw+GROUP(BFvaOvrOvcBeg+BFvaOvrOvcBeh+BFvaOvrOvcBei)+BFvaOvr???Tvw+BFvaLenLenTv*;Terugneming van waardeverminderingen van financiële vaste activa;jenv-bw2-i_FinancialAssetsImpairmentReversal;jenv-bw2-dm:CommercialMember;jenv-bw2-dm:ConsolidatedMember;;;;;;;jenv-bw2-dm:FinancialAssetsMember
BFva??????Tvw+GROUP(BFvaOvrOvcBeg+BFvaOvrOvcBeh+BFvaOvrOvcBei)+BFvaOvr???Tvw+BFvaLenLenTv*;Terugneming van waardeverminderingen van financiële vaste activa;jenv-bw2-i_FinancialAssetsImpairmentReversal;jenv-bw2-dm:CommercialMember;jenv-bw2-dm:SeparateMember;;;;;;;jenv-bw2-dm:FinancialAssetsMember
BFva??????Wvr+GROUP(BFvaOvrOvcBed+BFvaOvrOvcBee+BFvaOvrOvcBef+BFvaOvrOvcBej+BFvaOvrOvcBek+BFvaOvrOvcBel)+BFvaOvr???Wvr+BFvaLenLenWv*+BFvaLenLenOw*;Waardeverminderingen van financiële vaste activa;jenv-bw2-i_FinancialAssetsImpairment;jenv-bw2-dm:CommercialMember;jenv-bw2-dm:ConsolidatedMember;;;;;;;jenv-bw2-dm:FinancialAssetsMember
BFva??????Wvr+GROUP(BFvaOvrOvcBed+BFvaOvrOvcBee+BFvaOvrOvcBef+BFvaOvrOvcBej+BFvaOvrOvcBek+BFvaOvrOvcBel)+BFvaOvr???Wvr+BFvaLenLenWv*+BFvaLenLenOw*;Waardeverminderingen van financiële vaste activa;jenv-bw2-i_FinancialAssetsImpairment;jenv-bw2-dm:CommercialMember;jenv-bw2-dm:SeparateMember;;;;;;;jenv-bw2-dm:FinancialAssetsMember
BFva???Cuh*;Som der herwaarderingen die betrekking hebben op de financiële vaste activa;jenv-bw2-i_FinancialAssetsAccumulatedRevaluations;jenv-bw2-dm:CommercialMember;jenv-bw2-dm:ConsolidatedMember;;;;;;;jenv-bw2-dm:FinancialAssetsMember
BFva???Cuh*;Som der herwaarderingen die betrekking hebben op de financiële vaste activa;jenv-bw2-i_FinancialAssetsAccumulatedRevaluations;jenv-bw2-dm:CommercialMember;jenv-bw2-dm:SeparateMember;;;;;;;jenv-bw2-dm:FinancialAssetsMember
BFva???CuhAir;Resultaat uit deelnemingen;rj-i_FinancialAssetsShareInResultParticipatingInterests;jenv-bw2-dm:CommercialMember;jenv-bw2-dm:ConsolidatedMember;;;;;;;jenv-bw2-dm:FinancialAssetsMember
BFva???CuhAir;Resultaat uit deelnemingen;rj-i_FinancialAssetsShareInResultParticipatingInterests;jenv-bw2-dm:CommercialMember;jenv-bw2-dm:SeparateMember;;;;;;;jenv-bw2-dm:FinancialAssetsMember
BFva???CuhDvd;Door deelnemingen gedeclareerde dividend;rj-i_FinancialAssetsDividendFromParticipatingInterests;jenv-bw2-dm:CommercialMember;jenv-bw2-dm:ConsolidatedMember;;;;;;;jenv-bw2-dm:FinancialAssetsMember
BFva???CuhDvd;Door deelnemingen gedeclareerde dividend;rj-i_FinancialAssetsDividendFromParticipatingInterests;jenv-bw2-dm:CommercialMember;jenv-bw2-dm:SeparateMember;;;;;;;jenv-bw2-dm:FinancialAssetsMember
BFvaAnd*;Andere deelnemingen;jenv-bw2-i_InvestmentsInParticipatingInterestsOther;jenv-bw2-dm:CommercialMember;jenv-bw2-dm:ConsolidatedMember
BFvaAnd*;Andere deelnemingen;jenv-bw2-i_InvestmentsInParticipatingInterestsOther;jenv-bw2-dm:CommercialMember;jenv-bw2-dm:SeparateMember
BFvaAnd*;Financiële vaste activa;jenv-bw2-i_FinancialAssets;jenv-bw2-dm:CommercialMember;jenv-bw2-dm:ConsolidatedMember;;;;;;;jenv-bw2-dm:InvestmentsInParticipatingInterestsOtherMember
BFvaAnd*;Financiële vaste activa;jenv-bw2-i_FinancialAssets;jenv-bw2-dm:CommercialMember;jenv-bw2-dm:SeparateMember;;;;;;;jenv-bw2-dm:InvestmentsInParticipatingInterestsOtherMember
BFvaAndCae*;Som der afschrijvingen en waardeverminderingen van financiële vaste activa;jenv-bw2-i_FinancialAssetsAccumulatedDepreciationImpairments;jenv-bw2-dm:CommercialMember;jenv-bw2-dm:ConsolidatedMember;;;;;;;jenv-bw2-dm:InvestmentsInParticipatingInterestsOtherMember
BFvaAndCae*;Som der afschrijvingen en waardeverminderingen van financiële vaste activa;jenv-bw2-i_FinancialAssetsAccumulatedDepreciationImpairments;jenv-bw2-dm:CommercialMember;jenv-bw2-dm:SeparateMember;;;;;;;jenv-bw2-dm:InvestmentsInParticipatingInterestsOtherMember
BFvaAndCaeAfs;Afschrijvingen op financiële vaste activa;jenv-bw2-i_FinancialAssetsDepreciation;jenv-bw2-dm:CommercialMember;jenv-bw2-dm:ConsolidatedMember;;;;;;;jenv-bw2-dm:InvestmentsInParticipatingInterestsOtherMember
BFvaAndCaeAfs;Afschrijvingen op financiële vaste activa;jenv-bw2-i_FinancialAssetsDepreciation;jenv-bw2-dm:CommercialMember;jenv-bw2-dm:SeparateMember;;;;;;;jenv-bw2-dm:InvestmentsInParticipatingInterestsOtherMember
BFvaAndCaeDca;Afschrijving op desinvesteringen van financiële vaste activa;jenv-bw2-i_FinancialAssetsDisposalsDepreciation;jenv-bw2-dm:CommercialMember;jenv-bw2-dm:ConsolidatedMember;;;;;;;jenv-bw2-dm:InvestmentsInParticipatingInterestsOtherMember
BFvaAndCaeDca;Afschrijving op desinvesteringen van financiële vaste activa;jenv-bw2-i_FinancialAssetsDisposalsDepreciation;jenv-bw2-dm:CommercialMember;jenv-bw2-dm:SeparateMember;;;;;;;jenv-bw2-dm:InvestmentsInParticipatingInterestsOtherMember
BFvaAndCaeTvw;Terugneming van waardeverminderingen van financiële vaste activa;jenv-bw2-i_FinancialAssetsImpairmentReversal;jenv-bw2-dm:CommercialMember;jenv-bw2-dm:ConsolidatedMember;;;;;;;jenv-bw2-dm:InvestmentsInParticipatingInterestsOtherMember
BFvaAndCaeTvw;Terugneming van waardeverminderingen van financiële vaste activa;jenv-bw2-i_FinancialAssetsImpairmentReversal;jenv-bw2-dm:CommercialMember;jenv-bw2-dm:SeparateMember;;;;;;;jenv-bw2-dm:InvestmentsInParticipatingInterestsOtherMember
BFvaAndCaeWvr;Waardeverminderingen van financiële vaste activa;jenv-bw2-i_FinancialAssetsImpairment;jenv-bw2-dm:CommercialMember;jenv-bw2-dm:ConsolidatedMember;;;;;;;jenv-bw2-dm:InvestmentsInParticipatingInterestsOtherMember
BFvaAndCaeWvr;Waardeverminderingen van financiële vaste activa;jenv-bw2-i_FinancialAssetsImpairment;jenv-bw2-dm:CommercialMember;jenv-bw2-dm:SeparateMember;;;;;;;jenv-bw2-dm:InvestmentsInParticipatingInterestsOtherMember
BFvaAndCuh*;Som der herwaarderingen die betrekking hebben op de financiële vaste activa;jenv-bw2-i_FinancialAssetsAccumulatedRevaluations;jenv-bw2-dm:CommercialMember;jenv-bw2-dm:ConsolidatedMember;;;;;;;jenv-bw2-dm:InvestmentsInParticipatingInterestsOtherMember
BFvaAndCuh*;Som der herwaarderingen die betrekking hebben op de financiële vaste activa;jenv-bw2-i_FinancialAssetsAccumulatedRevaluations;jenv-bw2-dm:CommercialMember;jenv-bw2-dm:SeparateMember;;;;;;;jenv-bw2-dm:InvestmentsInParticipatingInterestsOtherMember
BFvaAndCuhAir;Resultaat uit deelnemingen;rj-i_FinancialAssetsShareInResultParticipatingInterests;jenv-bw2-dm:CommercialMember;jenv-bw2-dm:ConsolidatedMember;;;;;;;jenv-bw2-dm:InvestmentsInParticipatingInterestsOtherMember
BFvaAndCuhAir;Resultaat uit deelnemingen;rj-i_FinancialAssetsShareInResultParticipatingInterests;jenv-bw2-dm:CommercialMember;jenv-bw2-dm:SeparateMember;;;;;;;jenv-bw2-dm:InvestmentsInParticipatingInterestsOtherMember
BFvaAndCuhDvd;Door deelnemingen gedeclareerde dividend;rj-i_FinancialAssetsDividendFromParticipatingInterests;jenv-bw2-dm:CommercialMember;jenv-bw2-dm:ConsolidatedMember;;;;;;;jenv-bw2-dm:InvestmentsInParticipatingInterestsOtherMember
BFvaAndCuhDvd;Door deelnemingen gedeclareerde dividend;rj-i_FinancialAssetsDividendFromParticipatingInterests;jenv-bw2-dm:CommercialMember;jenv-bw2-dm:SeparateMember;;;;;;;jenv-bw2-dm:InvestmentsInParticipatingInterestsOtherMember
BFvaAndKprAdo;Bij overname verkregen financiële vaste activa;rj-i_FinancialAssetsAdditionsThroughAcquisitions;jenv-bw2-dm:CommercialMember;jenv-bw2-dm:ConsolidatedMember;;;;;;;jenv-bw2-dm:InvestmentsInParticipatingInterestsOtherMember
BFvaAndKprAdo;Bij overname verkregen financiële vaste activa;rj-i_FinancialAssetsAdditionsThroughAcquisitions;jenv-bw2-dm:CommercialMember;jenv-bw2-dm:SeparateMember;;;;;;;jenv-bw2-dm:InvestmentsInParticipatingInterestsOtherMember
BFvaAndKprDda;Afstotingen van financiële vaste activa;rj-i_FinancialAssetsDivestitures;jenv-bw2-dm:CommercialMember;jenv-bw2-dm:ConsolidatedMember;;;;;;;jenv-bw2-dm:InvestmentsInParticipatingInterestsOtherMember
BFvaAndKprDda;Afstotingen van financiële vaste activa;rj-i_FinancialAssetsDivestitures;jenv-bw2-dm:CommercialMember;jenv-bw2-dm:SeparateMember;;;;;;;jenv-bw2-dm:InvestmentsInParticipatingInterestsOtherMember
BFvaAndKprOmv;Mutatie als gevolg van wijzigingen in valutakoersen;rj-i_FinancialAssetsExchangeDifferences;jenv-bw2-dm:CommercialMember;jenv-bw2-dm:ConsolidatedMember;;;;;;;jenv-bw2-dm:InvestmentsInParticipatingInterestsOtherMember
BFvaAndKprOmv;Mutatie als gevolg van wijzigingen in valutakoersen;rj-i_FinancialAssetsExchangeDifferences;jenv-bw2-dm:CommercialMember;jenv-bw2-dm:SeparateMember;;;;;;;jenv-bw2-dm:InvestmentsInParticipatingInterestsOtherMember
BFvaAndKprOvm;Overige mutaties in financiële vaste activa;jenv-bw2-i_FinancialAssetsMovementsOther;jenv-bw2-dm:CommercialMember;jenv-bw2-dm:ConsolidatedMember;;;;;;;jenv-bw2-dm:InvestmentsInParticipatingInterestsOtherMember
BFvaAndKprOvm;Overige mutaties in financiële vaste activa;jenv-bw2-i_FinancialAssetsMovementsOther;jenv-bw2-dm:CommercialMember;jenv-bw2-dm:SeparateMember;;;;;;;jenv-bw2-dm:InvestmentsInParticipatingInterestsOtherMember
BFvaDio*;Deelnemingen in overige verbonden maatschappijen;jenv-bw2-i_InvestmentsOtherAffiliatedCompanies;jenv-bw2-dm:CommercialMember;jenv-bw2-dm:ConsolidatedMember
BFvaDio*;Deelnemingen in overige verbonden maatschappijen;jenv-bw2-i_InvestmentsOtherAffiliatedCompanies;jenv-bw2-dm:CommercialMember;jenv-bw2-dm:SeparateMember
BFvaDio*;Financiële vaste activa;jenv-bw2-i_FinancialAssets;jenv-bw2-dm:CommercialMember;jenv-bw2-dm:ConsolidatedMember;;;;;;;jenv-bw2-dm:InvestmentsOtherAffiliatedCompaniesMember
BFvaDio*;Financiële vaste activa;jenv-bw2-i_FinancialAssets;jenv-bw2-dm:CommercialMember;jenv-bw2-dm:SeparateMember;;;;;;;jenv-bw2-dm:InvestmentsOtherAffiliatedCompaniesMember
BFvaDioCae*;Som der afschrijvingen en waardeverminderingen van financiële vaste activa;jenv-bw2-i_FinancialAssetsAccumulatedDepreciationImpairments;jenv-bw2-dm:CommercialMember;jenv-bw2-dm:ConsolidatedMember;;;;;;;jenv-bw2-dm:InvestmentsOtherAffiliatedCompaniesMember
BFvaDioCae*;Som der afschrijvingen en waardeverminderingen van financiële vaste activa;jenv-bw2-i_FinancialAssetsAccumulatedDepreciationImpairments;jenv-bw2-dm:CommercialMember;jenv-bw2-dm:SeparateMember;;;;;;;jenv-bw2-dm:InvestmentsOtherAffiliatedCompaniesMember
BFvaDioCaeAfs;Afschrijvingen op financiële vaste activa;jenv-bw2-i_FinancialAssetsDepreciation;jenv-bw2-dm:CommercialMember;jenv-bw2-dm:ConsolidatedMember;;;;;;;jenv-bw2-dm:InvestmentsOtherAffiliatedCompaniesMember
BFvaDioCaeAfs;Afschrijvingen op financiële vaste activa;jenv-bw2-i_FinancialAssetsDepreciation;jenv-bw2-dm:CommercialMember;jenv-bw2-dm:SeparateMember;;;;;;;jenv-bw2-dm:InvestmentsOtherAffiliatedCompaniesMember
BFvaDioCaeDca;Afschrijving op desinvesteringen van financiële vaste activa;jenv-bw2-i_FinancialAssetsDisposalsDepreciation;jenv-bw2-dm:CommercialMember;jenv-bw2-dm:ConsolidatedMember;;;;;;;jenv-bw2-dm:InvestmentsOtherAffiliatedCompaniesMember
BFvaDioCaeDca;Afschrijving op desinvesteringen van financiële vaste activa;jenv-bw2-i_FinancialAssetsDisposalsDepreciation;jenv-bw2-dm:CommercialMember;jenv-bw2-dm:SeparateMember;;;;;;;jenv-bw2-dm:InvestmentsOtherAffiliatedCompaniesMember
BFvaDioCaeTvw;Terugneming van waardeverminderingen van financiële vaste activa;jenv-bw2-i_FinancialAssetsImpairmentReversal;jenv-bw2-dm:CommercialMember;jenv-bw2-dm:ConsolidatedMember;;;;;;;jenv-bw2-dm:InvestmentsOtherAffiliatedCompaniesMember
BFvaDioCaeTvw;Terugneming van waardeverminderingen van financiële vaste activa;jenv-bw2-i_FinancialAssetsImpairmentReversal;jenv-bw2-dm:CommercialMember;jenv-bw2-dm:SeparateMember;;;;;;;jenv-bw2-dm:InvestmentsOtherAffiliatedCompaniesMember
BFvaDioCaeWvr;Waardeverminderingen van financiële vaste activa;jenv-bw2-i_FinancialAssetsImpairment;jenv-bw2-dm:CommercialMember;jenv-bw2-dm:ConsolidatedMember;;;;;;;jenv-bw2-dm:InvestmentsOtherAffiliatedCompaniesMember
BFvaDioCaeWvr;Waardeverminderingen van financiële vaste activa;jenv-bw2-i_FinancialAssetsImpairment;jenv-bw2-dm:CommercialMember;jenv-bw2-dm:SeparateMember;;;;;;;jenv-bw2-dm:InvestmentsOtherAffiliatedCompaniesMember
BFvaDioCuh*;Som der herwaarderingen die betrekking hebben op de financiële vaste activa;jenv-bw2-i_FinancialAssetsAccumulatedRevaluations;jenv-bw2-dm:CommercialMember;jenv-bw2-dm:ConsolidatedMember;;;;;;;jenv-bw2-dm:InvestmentsOtherAffiliatedCompaniesMember
BFvaDioCuh*;Som der herwaarderingen die betrekking hebben op de financiële vaste activa;jenv-bw2-i_FinancialAssetsAccumulatedRevaluations;jenv-bw2-dm:CommercialMember;jenv-bw2-dm:SeparateMember;;;;;;;jenv-bw2-dm:InvestmentsOtherAffiliatedCompaniesMember
BFvaDioCuhAir;Resultaat uit deelnemingen;rj-i_FinancialAssetsShareInResultParticipatingInterests;jenv-bw2-dm:CommercialMember;jenv-bw2-dm:ConsolidatedMember;;;;;;;jenv-bw2-dm:InvestmentsOtherAffiliatedCompaniesMember
BFvaDioCuhAir;Resultaat uit deelnemingen;rj-i_FinancialAssetsShareInResultParticipatingInterests;jenv-bw2-dm:CommercialMember;jenv-bw2-dm:SeparateMember;;;;;;;jenv-bw2-dm:InvestmentsOtherAffiliatedCompaniesMember
BFvaDioCuhDvd;Door deelnemingen gedeclareerde dividend;rj-i_FinancialAssetsDividendFromParticipatingInterests;jenv-bw2-dm:CommercialMember;jenv-bw2-dm:ConsolidatedMember;;;;;;;jenv-bw2-dm:InvestmentsOtherAffiliatedCompaniesMember
BFvaDioCuhDvd;Door deelnemingen gedeclareerde dividend;rj-i_FinancialAssetsDividendFromParticipatingInterests;jenv-bw2-dm:CommercialMember;jenv-bw2-dm:SeparateMember;;;;;;;jenv-bw2-dm:InvestmentsOtherAffiliatedCompaniesMember
BFvaDioNevAdo;Bij overname verkregen financiële vaste activa;rj-i_FinancialAssetsAdditionsThroughAcquisitions;jenv-bw2-dm:CommercialMember;jenv-bw2-dm:ConsolidatedMember;;;;;;;jenv-bw2-dm:InvestmentsOtherAffiliatedCompaniesMember
BFvaDioNevAdo;Bij overname verkregen financiële vaste activa;rj-i_FinancialAssetsAdditionsThroughAcquisitions;jenv-bw2-dm:CommercialMember;jenv-bw2-dm:SeparateMember;;;;;;;jenv-bw2-dm:InvestmentsOtherAffiliatedCompaniesMember
BFvaDioNevDda;Afstotingen van financiële vaste activa;rj-i_FinancialAssetsDivestitures;jenv-bw2-dm:CommercialMember;jenv-bw2-dm:ConsolidatedMember;;;;;;;jenv-bw2-dm:InvestmentsOtherAffiliatedCompaniesMember
BFvaDioNevDda;Afstotingen van financiële vaste activa;rj-i_FinancialAssetsDivestitures;jenv-bw2-dm:CommercialMember;jenv-bw2-dm:SeparateMember;;;;;;;jenv-bw2-dm:InvestmentsOtherAffiliatedCompaniesMember
BFvaDioNevDes;Som van de boekwaarden der financiële vaste activa waarover de rechtspersoon aan het einde van het boekjaar niet meer beschikt;jenv-bw2-i_FinancialAssetsDisposals;jenv-bw2-dm:CommercialMember;jenv-bw2-dm:ConsolidatedMember;;;;;;;jenv-bw2-dm:InvestmentsOtherAffiliatedCompaniesMember
BFvaDioNevDes;Som van de boekwaarden der financiële vaste activa waarover de rechtspersoon aan het einde van het boekjaar niet meer beschikt;jenv-bw2-i_FinancialAssetsDisposals;jenv-bw2-dm:CommercialMember;jenv-bw2-dm:SeparateMember;;;;;;;jenv-bw2-dm:InvestmentsOtherAffiliatedCompaniesMember
BFvaDioNevInv;Som van de waarden waartegen de in het boekjaar verkregen financiële activa te boek zijn gesteld;jenv-bw2-i_FinancialAssetsAdditions;jenv-bw2-dm:CommercialMember;jenv-bw2-dm:ConsolidatedMember;;;;;;;jenv-bw2-dm:InvestmentsOtherAffiliatedCompaniesMember
BFvaDioNevInv;Som van de waarden waartegen de in het boekjaar verkregen financiële activa te boek zijn gesteld;jenv-bw2-i_FinancialAssetsAdditions;jenv-bw2-dm:CommercialMember;jenv-bw2-dm:SeparateMember;;;;;;;jenv-bw2-dm:InvestmentsOtherAffiliatedCompaniesMember
BFvaDioNevOmv;Mutatie als gevolg van wijzigingen in valutakoersen;rj-i_FinancialAssetsExchangeDifferences;jenv-bw2-dm:CommercialMember;jenv-bw2-dm:ConsolidatedMember;;;;;;;jenv-bw2-dm:InvestmentsOtherAffiliatedCompaniesMember
BFvaDioNevOmv;Mutatie als gevolg van wijzigingen in valutakoersen;rj-i_FinancialAssetsExchangeDifferences;jenv-bw2-dm:CommercialMember;jenv-bw2-dm:SeparateMember;;;;;;;jenv-bw2-dm:InvestmentsOtherAffiliatedCompaniesMember
BFvaDioNevOvm;Overige mutaties in financiële vaste activa;jenv-bw2-i_FinancialAssetsMovementsOther;jenv-bw2-dm:CommercialMember;jenv-bw2-dm:ConsolidatedMember;;;;;;;jenv-bw2-dm:InvestmentsOtherAffiliatedCompaniesMember
BFvaDioNevOvm;Overige mutaties in financiële vaste activa;jenv-bw2-i_FinancialAssetsMovementsOther;jenv-bw2-dm:CommercialMember;jenv-bw2-dm:SeparateMember;;;;;;;jenv-bw2-dm:InvestmentsOtherAffiliatedCompaniesMember
BFvaLbv*;Langlopende latente belastingvorderingen;rj-i_DeferredTaxAssetsNoncurrent;jenv-bw2-dm:CommercialMember;jenv-bw2-dm:ConsolidatedMember
BFvaLbv*;Langlopende latente belastingvorderingen;rj-i_DeferredTaxAssetsNoncurrent;jenv-bw2-dm:CommercialMember;jenv-bw2-dm:SeparateMember
BFvaLbv*;Financiële vaste activa;jenv-bw2-i_FinancialAssets;jenv-bw2-dm:CommercialMember;jenv-bw2-dm:ConsolidatedMember;;;;;;;rj-dm:DeferredTaxAssetsMember
BFvaLbv*;Financiële vaste activa;jenv-bw2-i_FinancialAssets;jenv-bw2-dm:CommercialMember;jenv-bw2-dm:SeparateMember;;;;;;;rj-dm:DeferredTaxAssetsMember
BFvaLbv???Afn;Som van de boekwaarden der financiële vaste activa waarover de rechtspersoon aan het einde van het boekjaar niet meer beschikt;jenv-bw2-i_FinancialAssetsDisposals;jenv-bw2-dm:CommercialMember;jenv-bw2-dm:ConsolidatedMember;;;;;;;rj-dm:DeferredTaxAssetsMember
BFvaLbv???Afn;Som van de boekwaarden der financiële vaste activa waarover de rechtspersoon aan het einde van het boekjaar niet meer beschikt;jenv-bw2-i_FinancialAssetsDisposals;jenv-bw2-dm:CommercialMember;jenv-bw2-dm:SeparateMember;;;;;;;rj-dm:DeferredTaxAssetsMember
BFvaLbv???Toe;Som van de waarden waartegen de in het boekjaar verkregen financiële activa te boek zijn gesteld;jenv-bw2-i_FinancialAssetsAdditions;jenv-bw2-dm:CommercialMember;jenv-bw2-dm:ConsolidatedMember;;;;;;;rj-dm:DeferredTaxAssetsMember
BFvaLbv???Toe;Som van de waarden waartegen de in het boekjaar verkregen financiële activa te boek zijn gesteld;jenv-bw2-i_FinancialAssetsAdditions;jenv-bw2-dm:CommercialMember;jenv-bw2-dm:SeparateMember;;;;;;;rj-dm:DeferredTaxAssetsMember
BFvaLenLenOm*;Mutatie als gevolg van wijzigingen in valutakoersen;rj-i_FinancialAssetsExchangeDifferences;jenv-bw2-dm:CommercialMember;jenv-bw2-dm:ConsolidatedMember;;;;;;;rj-dm:FinancialAssetsOtherMember
BFvaLenLenOm*;Mutatie als gevolg van wijzigingen in valutakoersen;rj-i_FinancialAssetsExchangeDifferences;jenv-bw2-dm:CommercialMember;jenv-bw2-dm:SeparateMember;;;;;;;rj-dm:FinancialAssetsOtherMember
BFvaLenLenTv*;Terugneming van waardeverminderingen van financiële vaste activa;jenv-bw2-i_FinancialAssetsImpairmentReversal;jenv-bw2-dm:CommercialMember;jenv-bw2-dm:ConsolidatedMember;;;;;;;rj-dm:FinancialAssetsOtherMember
BFvaLenLenTv*;Terugneming van waardeverminderingen van financiële vaste activa;jenv-bw2-i_FinancialAssetsImpairmentReversal;jenv-bw2-dm:CommercialMember;jenv-bw2-dm:SeparateMember;;;;;;;rj-dm:FinancialAssetsOtherMember
BFvaOve*;Langlopende overige effecten;jenv-bw2-i_SecuritiesOtherNoncurrent;jenv-bw2-dm:CommercialMember;jenv-bw2-dm:ConsolidatedMember
BFvaOve*;Langlopende overige effecten;jenv-bw2-i_SecuritiesOtherNoncurrent;jenv-bw2-dm:CommercialMember;jenv-bw2-dm:SeparateMember
BFvaOve*;Financiële vaste activa;jenv-bw2-i_FinancialAssets;jenv-bw2-dm:CommercialMember;jenv-bw2-dm:ConsolidatedMember;;;;;;;jenv-bw2-dm:SecuritiesOtherNoncurrentMember
BFvaOve*;Financiële vaste activa;jenv-bw2-i_FinancialAssets;jenv-bw2-dm:CommercialMember;jenv-bw2-dm:SeparateMember;;;;;;;jenv-bw2-dm:SecuritiesOtherNoncurrentMember
BFvaOveCuh*;Som der herwaarderingen die betrekking hebben op de financiële vaste activa;jenv-bw2-i_FinancialAssetsAccumulatedRevaluations;jenv-bw2-dm:CommercialMember;jenv-bw2-dm:ConsolidatedMember;;;;;;;jenv-bw2-dm:SecuritiesOtherNoncurrentMember
BFvaOveCuh*;Som der herwaarderingen die betrekking hebben op de financiële vaste activa;jenv-bw2-i_FinancialAssetsAccumulatedRevaluations;jenv-bw2-dm:CommercialMember;jenv-bw2-dm:SeparateMember;;;;;;;jenv-bw2-dm:SecuritiesOtherNoncurrentMember
BFvaOveCuhAir;Resultaat uit deelnemingen;rj-i_FinancialAssetsShareInResultParticipatingInterests;jenv-bw2-dm:CommercialMember;jenv-bw2-dm:ConsolidatedMember;;;;;;;jenv-bw2-dm:SecuritiesOtherNoncurrentMember
BFvaOveCuhAir;Resultaat uit deelnemingen;rj-i_FinancialAssetsShareInResultParticipatingInterests;jenv-bw2-dm:CommercialMember;jenv-bw2-dm:SeparateMember;;;;;;;jenv-bw2-dm:SecuritiesOtherNoncurrentMember
BFvaOveCuhDvd;Door deelnemingen gedeclareerde dividend;rj-i_FinancialAssetsDividendFromParticipatingInterests;jenv-bw2-dm:CommercialMember;jenv-bw2-dm:ConsolidatedMember;;;;;;;jenv-bw2-dm:SecuritiesOtherNoncurrentMember
BFvaOveCuhDvd;Door deelnemingen gedeclareerde dividend;rj-i_FinancialAssetsDividendFromParticipatingInterests;jenv-bw2-dm:CommercialMember;jenv-bw2-dm:SeparateMember;;;;;;;jenv-bw2-dm:SecuritiesOtherNoncurrentMember
BFvaOveCuw*;Som der afschrijvingen en waardeverminderingen van financiële vaste activa;jenv-bw2-i_FinancialAssetsAccumulatedDepreciationImpairments;jenv-bw2-dm:CommercialMember;jenv-bw2-dm:ConsolidatedMember;;;;;;;jenv-bw2-dm:SecuritiesOtherNoncurrentMember
BFvaOveCuw*;Som der afschrijvingen en waardeverminderingen van financiële vaste activa;jenv-bw2-i_FinancialAssetsAccumulatedDepreciationImpairments;jenv-bw2-dm:CommercialMember;jenv-bw2-dm:SeparateMember;;;;;;;jenv-bw2-dm:SecuritiesOtherNoncurrentMember
BFvaOveCuwAfs;Afschrijvingen op financiële vaste activa;jenv-bw2-i_FinancialAssetsDepreciation;jenv-bw2-dm:CommercialMember;jenv-bw2-dm:ConsolidatedMember;;;;;;;jenv-bw2-dm:SecuritiesOtherNoncurrentMember
BFvaOveCuwAfs;Afschrijvingen op financiële vaste activa;jenv-bw2-i_FinancialAssetsDepreciation;jenv-bw2-dm:CommercialMember;jenv-bw2-dm:SeparateMember;;;;;;;jenv-bw2-dm:SecuritiesOtherNoncurrentMember
BFvaOveCuwDca;Afschrijving op desinvesteringen van financiële vaste activa;jenv-bw2-i_FinancialAssetsDisposalsDepreciation;jenv-bw2-dm:CommercialMember;jenv-bw2-dm:ConsolidatedMember;;;;;;;jenv-bw2-dm:SecuritiesOtherNoncurrentMember
BFvaOveCuwDca;Afschrijving op desinvesteringen van financiële vaste activa;jenv-bw2-i_FinancialAssetsDisposalsDepreciation;jenv-bw2-dm:CommercialMember;jenv-bw2-dm:SeparateMember;;;;;;;jenv-bw2-dm:SecuritiesOtherNoncurrentMember
BFvaOveCuwTvw;Terugneming van waardeverminderingen van financiële vaste activa;jenv-bw2-i_FinancialAssetsImpairmentReversal;jenv-bw2-dm:CommercialMember;jenv-bw2-dm:ConsolidatedMember;;;;;;;jenv-bw2-dm:SecuritiesOtherNoncurrentMember
BFvaOveCuwTvw;Terugneming van waardeverminderingen van financiële vaste activa;jenv-bw2-i_FinancialAssetsImpairmentReversal;jenv-bw2-dm:CommercialMember;jenv-bw2-dm:SeparateMember;;;;;;;jenv-bw2-dm:SecuritiesOtherNoncurrentMember
BFvaOveCuwWvr;Waardeverminderingen van financiële vaste activa;jenv-bw2-i_FinancialAssetsImpairment;jenv-bw2-dm:CommercialMember;jenv-bw2-dm:ConsolidatedMember;;;;;;;jenv-bw2-dm:SecuritiesOtherNoncurrentMember
BFvaOveCuwWvr;Waardeverminderingen van financiële vaste activa;jenv-bw2-i_FinancialAssetsImpairment;jenv-bw2-dm:CommercialMember;jenv-bw2-dm:SeparateMember;;;;;;;jenv-bw2-dm:SecuritiesOtherNoncurrentMember
BFvaOveWaaAdo;Bij overname verkregen financiële vaste activa;rj-i_FinancialAssetsAdditionsThroughAcquisitions;jenv-bw2-dm:CommercialMember;jenv-bw2-dm:ConsolidatedMember;;;;;;;jenv-bw2-dm:SecuritiesOtherNoncurrentMember
BFvaOveWaaAdo;Bij overname verkregen financiële vaste activa;rj-i_FinancialAssetsAdditionsThroughAcquisitions;jenv-bw2-dm:CommercialMember;jenv-bw2-dm:SeparateMember;;;;;;;jenv-bw2-dm:SecuritiesOtherNoncurrentMember
BFvaOveWaaDda;Afstotingen van financiële vaste activa;rj-i_FinancialAssetsDivestitures;jenv-bw2-dm:CommercialMember;jenv-bw2-dm:ConsolidatedMember;;;;;;;jenv-bw2-dm:SecuritiesOtherNoncurrentMember
BFvaOveWaaDda;Afstotingen van financiële vaste activa;rj-i_FinancialAssetsDivestitures;jenv-bw2-dm:CommercialMember;jenv-bw2-dm:SeparateMember;;;;;;;jenv-bw2-dm:SecuritiesOtherNoncurrentMember
BFvaOveWaaInv;Som van de waarden waartegen de in het boekjaar verkregen financiële activa te boek zijn gesteld;jenv-bw2-i_FinancialAssetsAdditions;jenv-bw2-dm:CommercialMember;jenv-bw2-dm:ConsolidatedMember;;;;;;;jenv-bw2-dm:SecuritiesOtherNoncurrentMember
BFvaOveWaaInv;Som van de waarden waartegen de in het boekjaar verkregen financiële activa te boek zijn gesteld;jenv-bw2-i_FinancialAssetsAdditions;jenv-bw2-dm:CommercialMember;jenv-bw2-dm:SeparateMember;;;;;;;jenv-bw2-dm:SecuritiesOtherNoncurrentMember
BFvaOveWaaOmv;Mutatie als gevolg van wijzigingen in valutakoersen;rj-i_FinancialAssetsExchangeDifferences;jenv-bw2-dm:CommercialMember;jenv-bw2-dm:ConsolidatedMember;;;;;;;jenv-bw2-dm:SecuritiesOtherNoncurrentMember
BFvaOveWaaOmv;Mutatie als gevolg van wijzigingen in valutakoersen;rj-i_FinancialAssetsExchangeDifferences;jenv-bw2-dm:CommercialMember;jenv-bw2-dm:SeparateMember;;;;;;;jenv-bw2-dm:SecuritiesOtherNoncurrentMember
BFvaOveWaaVrk;Som van de boekwaarden der financiële vaste activa waarover de rechtspersoon aan het einde van het boekjaar niet meer beschikt;jenv-bw2-i_FinancialAssetsDisposals;jenv-bw2-dm:CommercialMember;jenv-bw2-dm:ConsolidatedMember;;;;;;;jenv-bw2-dm:SecuritiesOtherNoncurrentMember
BFvaOveWaaVrk;Som van de boekwaarden der financiële vaste activa waarover de rechtspersoon aan het einde van het boekjaar niet meer beschikt;jenv-bw2-i_FinancialAssetsDisposals;jenv-bw2-dm:CommercialMember;jenv-bw2-dm:SeparateMember;;;;;;;jenv-bw2-dm:SecuritiesOtherNoncurrentMember
BFvaVog*;Langlopende vorderingen op groepsmaatschappijen;jenv-bw2-i_ReceivablesGroupCompaniesNoncurrent;jenv-bw2-dm:CommercialMember;jenv-bw2-dm:ConsolidatedMember
BFvaVog*;Langlopende vorderingen op groepsmaatschappijen;jenv-bw2-i_ReceivablesGroupCompaniesNoncurrent;jenv-bw2-dm:CommercialMember;jenv-bw2-dm:SeparateMember
BFvaVog*;Financiële vaste activa;jenv-bw2-i_FinancialAssets;jenv-bw2-dm:CommercialMember;jenv-bw2-dm:ConsolidatedMember;;;;;;;jenv-bw2-dm:ReceivablesGroupCompaniesNoncurrentMember
BFvaVog*;Financiële vaste activa;jenv-bw2-i_FinancialAssets;jenv-bw2-dm:CommercialMember;jenv-bw2-dm:SeparateMember;;;;;;;jenv-bw2-dm:ReceivablesGroupCompaniesNoncurrentMember
BFvaVogCae*;Som der afschrijvingen en waardeverminderingen van financiële vaste activa;jenv-bw2-i_FinancialAssetsAccumulatedDepreciationImpairments;jenv-bw2-dm:CommercialMember;jenv-bw2-dm:ConsolidatedMember;;;;;;;jenv-bw2-dm:ReceivablesGroupCompaniesNoncurrentMember
BFvaVogCae*;Som der afschrijvingen en waardeverminderingen van financiële vaste activa;jenv-bw2-i_FinancialAssetsAccumulatedDepreciationImpairments;jenv-bw2-dm:CommercialMember;jenv-bw2-dm:SeparateMember;;;;;;;jenv-bw2-dm:ReceivablesGroupCompaniesNoncurrentMember
BFvaVogCaeAfs;Afschrijvingen op financiële vaste activa;jenv-bw2-i_FinancialAssetsDepreciation;jenv-bw2-dm:CommercialMember;jenv-bw2-dm:ConsolidatedMember;;;;;;;jenv-bw2-dm:ReceivablesGroupCompaniesNoncurrentMember
BFvaVogCaeAfs;Afschrijvingen op financiële vaste activa;jenv-bw2-i_FinancialAssetsDepreciation;jenv-bw2-dm:CommercialMember;jenv-bw2-dm:SeparateMember;;;;;;;jenv-bw2-dm:ReceivablesGroupCompaniesNoncurrentMember
BFvaVogCaeDca;Afschrijving op desinvesteringen van financiële vaste activa;jenv-bw2-i_FinancialAssetsDisposalsDepreciation;jenv-bw2-dm:CommercialMember;jenv-bw2-dm:ConsolidatedMember;;;;;;;jenv-bw2-dm:ReceivablesGroupCompaniesNoncurrentMember
BFvaVogCaeDca;Afschrijving op desinvesteringen van financiële vaste activa;jenv-bw2-i_FinancialAssetsDisposalsDepreciation;jenv-bw2-dm:CommercialMember;jenv-bw2-dm:SeparateMember;;;;;;;jenv-bw2-dm:ReceivablesGroupCompaniesNoncurrentMember
BFvaVogCaeTvw;Terugneming van waardeverminderingen van financiële vaste activa;jenv-bw2-i_FinancialAssetsImpairmentReversal;jenv-bw2-dm:CommercialMember;jenv-bw2-dm:ConsolidatedMember;;;;;;;jenv-bw2-dm:ReceivablesGroupCompaniesNoncurrentMember
BFvaVogCaeTvw;Terugneming van waardeverminderingen van financiële vaste activa;jenv-bw2-i_FinancialAssetsImpairmentReversal;jenv-bw2-dm:CommercialMember;jenv-bw2-dm:SeparateMember;;;;;;;jenv-bw2-dm:ReceivablesGroupCompaniesNoncurrentMember
BFvaVogCaeWvr;Waardeverminderingen van financiële vaste activa;jenv-bw2-i_FinancialAssetsImpairment;jenv-bw2-dm:CommercialMember;jenv-bw2-dm:ConsolidatedMember;;;;;;;jenv-bw2-dm:ReceivablesGroupCompaniesNoncurrentMember
BFvaVogCaeWvr;Waardeverminderingen van financiële vaste activa;jenv-bw2-i_FinancialAssetsImpairment;jenv-bw2-dm:CommercialMember;jenv-bw2-dm:SeparateMember;;;;;;;jenv-bw2-dm:ReceivablesGroupCompaniesNoncurrentMember
BFvaVogCuh*;Som der herwaarderingen die betrekking hebben op de financiële vaste activa;jenv-bw2-i_FinancialAssetsAccumulatedRevaluations;jenv-bw2-dm:CommercialMember;jenv-bw2-dm:ConsolidatedMember;;;;;;;jenv-bw2-dm:ReceivablesGroupCompaniesNoncurrentMember
BFvaVogCuh*;Som der herwaarderingen die betrekking hebben op de financiële vaste activa;jenv-bw2-i_FinancialAssetsAccumulatedRevaluations;jenv-bw2-dm:CommercialMember;jenv-bw2-dm:SeparateMember;;;;;;;jenv-bw2-dm:ReceivablesGroupCompaniesNoncurrentMember
BFvaVogCuhAir;Resultaat uit deelnemingen;rj-i_FinancialAssetsShareInResultParticipatingInterests;jenv-bw2-dm:CommercialMember;jenv-bw2-dm:ConsolidatedMember;;;;;;;jenv-bw2-dm:ReceivablesGroupCompaniesNoncurrentMember
BFvaVogCuhAir;Resultaat uit deelnemingen;rj-i_FinancialAssetsShareInResultParticipatingInterests;jenv-bw2-dm:CommercialMember;jenv-bw2-dm:SeparateMember;;;;;;;jenv-bw2-dm:ReceivablesGroupCompaniesNoncurrentMember
BFvaVogCuhDvd;Door deelnemingen gedeclareerde dividend;rj-i_FinancialAssetsDividendFromParticipatingInterests;jenv-bw2-dm:CommercialMember;jenv-bw2-dm:ConsolidatedMember;;;;;;;jenv-bw2-dm:ReceivablesGroupCompaniesNoncurrentMember
BFvaVogCuhDvd;Door deelnemingen gedeclareerde dividend;rj-i_FinancialAssetsDividendFromParticipatingInterests;jenv-bw2-dm:CommercialMember;jenv-bw2-dm:SeparateMember;;;;;;;jenv-bw2-dm:ReceivablesGroupCompaniesNoncurrentMember
BFvaVogVglAdo;Bij overname verkregen financiële vaste activa;rj-i_FinancialAssetsAdditionsThroughAcquisitions;jenv-bw2-dm:CommercialMember;jenv-bw2-dm:ConsolidatedMember;;;;;;;jenv-bw2-dm:ReceivablesGroupCompaniesNoncurrentMember
BFvaVogVglAdo;Bij overname verkregen financiële vaste activa;rj-i_FinancialAssetsAdditionsThroughAcquisitions;jenv-bw2-dm:CommercialMember;jenv-bw2-dm:SeparateMember;;;;;;;jenv-bw2-dm:ReceivablesGroupCompaniesNoncurrentMember
BFvaVogVglBta;Betalingen / aflossingen;rj-cp-i_FinancialAssetsPaymentsRepayments;jenv-bw2-dm:CommercialMember;jenv-bw2-dm:ConsolidatedMember;;;;;;;jenv-bw2-dm:ReceivablesGroupCompaniesNoncurrentMember
BFvaVogVglBta;Betalingen / aflossingen;rj-cp-i_FinancialAssetsPaymentsRepayments;jenv-bw2-dm:CommercialMember;jenv-bw2-dm:SeparateMember;;;;;;;jenv-bw2-dm:ReceivablesGroupCompaniesNoncurrentMember
BFvaVogVglDda;Afstotingen van financiële vaste activa;rj-i_FinancialAssetsDivestitures;jenv-bw2-dm:CommercialMember;jenv-bw2-dm:ConsolidatedMember;;;;;;;jenv-bw2-dm:ReceivablesGroupCompaniesNoncurrentMember
BFvaVogVglDda;Afstotingen van financiële vaste activa;rj-i_FinancialAssetsDivestitures;jenv-bw2-dm:CommercialMember;jenv-bw2-dm:SeparateMember;;;;;;;jenv-bw2-dm:ReceivablesGroupCompaniesNoncurrentMember
BFvaVogVglOmv;Mutatie als gevolg van wijzigingen in valutakoersen;rj-i_FinancialAssetsExchangeDifferences;jenv-bw2-dm:CommercialMember;jenv-bw2-dm:ConsolidatedMember;;;;;;;jenv-bw2-dm:ReceivablesGroupCompaniesNoncurrentMember
BFvaVogVglOmv;Mutatie als gevolg van wijzigingen in valutakoersen;rj-i_FinancialAssetsExchangeDifferences;jenv-bw2-dm:CommercialMember;jenv-bw2-dm:SeparateMember;;;;;;;jenv-bw2-dm:ReceivablesGroupCompaniesNoncurrentMember
BFvaVogVglOvm;Overige mutaties in financiële vaste activa;jenv-bw2-i_FinancialAssetsMovementsOther;jenv-bw2-dm:CommercialMember;jenv-bw2-dm:ConsolidatedMember;;;;;;;jenv-bw2-dm:ReceivablesGroupCompaniesNoncurrentMember
BFvaVogVglOvm;Overige mutaties in financiële vaste activa;jenv-bw2-i_FinancialAssetsMovementsOther;jenv-bw2-dm:CommercialMember;jenv-bw2-dm:SeparateMember;;;;;;;jenv-bw2-dm:ReceivablesGroupCompaniesNoncurrentMember
BFvaVogVglSto;Stortingen / ontvangsten;rj-cp-i_FinancialAssetsReceiptsDeposits;jenv-bw2-dm:CommercialMember;jenv-bw2-dm:ConsolidatedMember;;;;;;;jenv-bw2-dm:ReceivablesGroupCompaniesNoncurrentMember
BFvaVogVglSto;Stortingen / ontvangsten;rj-cp-i_FinancialAssetsReceiptsDeposits;jenv-bw2-dm:CommercialMember;jenv-bw2-dm:SeparateMember;;;;;;;jenv-bw2-dm:ReceivablesGroupCompaniesNoncurrentMember
BFvaVop*;Langlopende vorderingen op andere rechtspersonen en vennootschappen die een deelneming hebben in de rechtspersoon of waarin de rechtspersoon een deelneming heeft;jenv-bw2-i_ReceivablesShareholdersParticipatingInterestsNoncurrent;jenv-bw2-dm:CommercialMember;jenv-bw2-dm:ConsolidatedMember
BFvaVop*;Langlopende vorderingen op andere rechtspersonen en vennootschappen die een deelneming hebben in de rechtspersoon of waarin de rechtspersoon een deelneming heeft;jenv-bw2-i_ReceivablesShareholdersParticipatingInterestsNoncurrent;jenv-bw2-dm:CommercialMember;jenv-bw2-dm:SeparateMember
BFvaVop*;Financiële vaste activa;jenv-bw2-i_FinancialAssets;jenv-bw2-dm:CommercialMember;jenv-bw2-dm:ConsolidatedMember;;;;;;;jenv-bw2-dm:ReceivablesShareholdersParticipatingInterestsNoncurrentMember
BFvaVop*;Financiële vaste activa;jenv-bw2-i_FinancialAssets;jenv-bw2-dm:CommercialMember;jenv-bw2-dm:SeparateMember;;;;;;;jenv-bw2-dm:ReceivablesShareholdersParticipatingInterestsNoncurrentMember
BFvaVopCae*;Som der afschrijvingen en waardeverminderingen van financiële vaste activa;jenv-bw2-i_FinancialAssetsAccumulatedDepreciationImpairments;jenv-bw2-dm:CommercialMember;jenv-bw2-dm:ConsolidatedMember;;;;;;;jenv-bw2-dm:ReceivablesShareholdersParticipatingInterestsNoncurrentMember
BFvaVopCae*;Som der afschrijvingen en waardeverminderingen van financiële vaste activa;jenv-bw2-i_FinancialAssetsAccumulatedDepreciationImpairments;jenv-bw2-dm:CommercialMember;jenv-bw2-dm:SeparateMember;;;;;;;jenv-bw2-dm:ReceivablesShareholdersParticipatingInterestsNoncurrentMember
BFvaVopCaeAfs;Afschrijvingen op financiële vaste activa;jenv-bw2-i_FinancialAssetsDepreciation;jenv-bw2-dm:CommercialMember;jenv-bw2-dm:ConsolidatedMember;;;;;;;jenv-bw2-dm:ReceivablesShareholdersParticipatingInterestsNoncurrentMember
BFvaVopCaeAfs;Afschrijvingen op financiële vaste activa;jenv-bw2-i_FinancialAssetsDepreciation;jenv-bw2-dm:CommercialMember;jenv-bw2-dm:SeparateMember;;;;;;;jenv-bw2-dm:ReceivablesShareholdersParticipatingInterestsNoncurrentMember
BFvaVopCaeDca;Afschrijving op desinvesteringen van financiële vaste activa;jenv-bw2-i_FinancialAssetsDisposalsDepreciation;jenv-bw2-dm:CommercialMember;jenv-bw2-dm:ConsolidatedMember;;;;;;;jenv-bw2-dm:ReceivablesShareholdersParticipatingInterestsNoncurrentMember
BFvaVopCaeDca;Afschrijving op desinvesteringen van financiële vaste activa;jenv-bw2-i_FinancialAssetsDisposalsDepreciation;jenv-bw2-dm:CommercialMember;jenv-bw2-dm:SeparateMember;;;;;;;jenv-bw2-dm:ReceivablesShareholdersParticipatingInterestsNoncurrentMember
BFvaVopCaeTvw;Terugneming van waardeverminderingen van financiële vaste activa;jenv-bw2-i_FinancialAssetsImpairmentReversal;jenv-bw2-dm:CommercialMember;jenv-bw2-dm:ConsolidatedMember;;;;;;;jenv-bw2-dm:ReceivablesShareholdersParticipatingInterestsNoncurrentMember
BFvaVopCaeTvw;Terugneming van waardeverminderingen van financiële vaste activa;jenv-bw2-i_FinancialAssetsImpairmentReversal;jenv-bw2-dm:CommercialMember;jenv-bw2-dm:SeparateMember;;;;;;;jenv-bw2-dm:ReceivablesShareholdersParticipatingInterestsNoncurrentMember
BFvaVopCaeWvr;Waardeverminderingen van financiële vaste activa;jenv-bw2-i_FinancialAssetsImpairment;jenv-bw2-dm:CommercialMember;jenv-bw2-dm:ConsolidatedMember;;;;;;;jenv-bw2-dm:ReceivablesShareholdersParticipatingInterestsNoncurrentMember
BFvaVopCaeWvr;Waardeverminderingen van financiële vaste activa;jenv-bw2-i_FinancialAssetsImpairment;jenv-bw2-dm:CommercialMember;jenv-bw2-dm:SeparateMember;;;;;;;jenv-bw2-dm:ReceivablesShareholdersParticipatingInterestsNoncurrentMember
BFvaVopCuh*;Som der herwaarderingen die betrekking hebben op de financiële vaste activa;jenv-bw2-i_FinancialAssetsAccumulatedRevaluations;jenv-bw2-dm:CommercialMember;jenv-bw2-dm:ConsolidatedMember;;;;;;;jenv-bw2-dm:ReceivablesShareholdersParticipatingInterestsNoncurrentMember
BFvaVopCuh*;Som der herwaarderingen die betrekking hebben op de financiële vaste activa;jenv-bw2-i_FinancialAssetsAccumulatedRevaluations;jenv-bw2-dm:CommercialMember;jenv-bw2-dm:SeparateMember;;;;;;;jenv-bw2-dm:ReceivablesShareholdersParticipatingInterestsNoncurrentMember
BFvaVopCuhAir;Resultaat uit deelnemingen;rj-i_FinancialAssetsShareInResultParticipatingInterests;jenv-bw2-dm:CommercialMember;jenv-bw2-dm:ConsolidatedMember;;;;;;;jenv-bw2-dm:ReceivablesShareholdersParticipatingInterestsNoncurrentMember
BFvaVopCuhAir;Resultaat uit deelnemingen;rj-i_FinancialAssetsShareInResultParticipatingInterests;jenv-bw2-dm:CommercialMember;jenv-bw2-dm:SeparateMember;;;;;;;jenv-bw2-dm:ReceivablesShareholdersParticipatingInterestsNoncurrentMember
BFvaVopCuhDvd;Door deelnemingen gedeclareerde dividend;rj-i_FinancialAssetsDividendFromParticipatingInterests;jenv-bw2-dm:CommercialMember;jenv-bw2-dm:ConsolidatedMember;;;;;;;jenv-bw2-dm:ReceivablesShareholdersParticipatingInterestsNoncurrentMember
BFvaVopCuhDvd;Door deelnemingen gedeclareerde dividend;rj-i_FinancialAssetsDividendFromParticipatingInterests;jenv-bw2-dm:CommercialMember;jenv-bw2-dm:SeparateMember;;;;;;;jenv-bw2-dm:ReceivablesShareholdersParticipatingInterestsNoncurrentMember
BFvaVopVplAdo;Bij overname verkregen financiële vaste activa;rj-i_FinancialAssetsAdditionsThroughAcquisitions;jenv-bw2-dm:CommercialMember;jenv-bw2-dm:ConsolidatedMember;;;;;;;jenv-bw2-dm:ReceivablesShareholdersParticipatingInterestsNoncurrentMember
BFvaVopVplAdo;Bij overname verkregen financiële vaste activa;rj-i_FinancialAssetsAdditionsThroughAcquisitions;jenv-bw2-dm:CommercialMember;jenv-bw2-dm:SeparateMember;;;;;;;jenv-bw2-dm:ReceivablesShareholdersParticipatingInterestsNoncurrentMember
BFvaVopVplBta;Betalingen / aflossingen;rj-cp-i_FinancialAssetsPaymentsRepayments;jenv-bw2-dm:CommercialMember;jenv-bw2-dm:ConsolidatedMember;;;;;;;jenv-bw2-dm:ReceivablesShareholdersParticipatingInterestsNoncurrentMember
BFvaVopVplBta;Betalingen / aflossingen;rj-cp-i_FinancialAssetsPaymentsRepayments;jenv-bw2-dm:CommercialMember;jenv-bw2-dm:SeparateMember;;;;;;;jenv-bw2-dm:ReceivablesShareholdersParticipatingInterestsNoncurrentMember
BFvaVopVplDda;Afstotingen van financiële vaste activa;rj-i_FinancialAssetsDivestitures;jenv-bw2-dm:CommercialMember;jenv-bw2-dm:ConsolidatedMember;;;;;;;jenv-bw2-dm:ReceivablesShareholdersParticipatingInterestsNoncurrentMember
BFvaVopVplDda;Afstotingen van financiële vaste activa;rj-i_FinancialAssetsDivestitures;jenv-bw2-dm:CommercialMember;jenv-bw2-dm:SeparateMember;;;;;;;jenv-bw2-dm:ReceivablesShareholdersParticipatingInterestsNoncurrentMember
BFvaVopVplOmv;Mutatie als gevolg van wijzigingen in valutakoersen;rj-i_FinancialAssetsExchangeDifferences;jenv-bw2-dm:CommercialMember;jenv-bw2-dm:ConsolidatedMember;;;;;;;jenv-bw2-dm:ReceivablesShareholdersParticipatingInterestsNoncurrentMember
BFvaVopVplOmv;Mutatie als gevolg van wijzigingen in valutakoersen;rj-i_FinancialAssetsExchangeDifferences;jenv-bw2-dm:CommercialMember;jenv-bw2-dm:SeparateMember;;;;;;;jenv-bw2-dm:ReceivablesShareholdersParticipatingInterestsNoncurrentMember
BFvaVopVplOvm;Overige mutaties in financiële vaste activa;jenv-bw2-i_FinancialAssetsMovementsOther;jenv-bw2-dm:CommercialMember;jenv-bw2-dm:ConsolidatedMember;;;;;;;jenv-bw2-dm:ReceivablesShareholdersParticipatingInterestsNoncurrentMember
BFvaVopVplOvm;Overige mutaties in financiële vaste activa;jenv-bw2-i_FinancialAssetsMovementsOther;jenv-bw2-dm:CommercialMember;jenv-bw2-dm:SeparateMember;;;;;;;jenv-bw2-dm:ReceivablesShareholdersParticipatingInterestsNoncurrentMember
BFvaVopVplSto;Stortingen / ontvangsten;rj-cp-i_FinancialAssetsReceiptsDeposits;jenv-bw2-dm:CommercialMember;jenv-bw2-dm:ConsolidatedMember;;;;;;;jenv-bw2-dm:ReceivablesShareholdersParticipatingInterestsNoncurrentMember
BFvaVopVplSto;Stortingen / ontvangsten;rj-cp-i_FinancialAssetsReceiptsDeposits;jenv-bw2-dm:CommercialMember;jenv-bw2-dm:SeparateMember;;;;;;;jenv-bw2-dm:ReceivablesShareholdersParticipatingInterestsNoncurrentMember
BFvaVov*;Langlopende vorderingen op overige verbonden maatschappijen;jenv-bw2-i_ReceivablesOtherAffiliatedCompaniesNoncurrent;jenv-bw2-dm:CommercialMember;jenv-bw2-dm:ConsolidatedMember
BFvaVov*;Langlopende vorderingen op overige verbonden maatschappijen;jenv-bw2-i_ReceivablesOtherAffiliatedCompaniesNoncurrent;jenv-bw2-dm:CommercialMember;jenv-bw2-dm:SeparateMember
BFvaVov*;Financiële vaste activa;jenv-bw2-i_FinancialAssets;jenv-bw2-dm:CommercialMember;jenv-bw2-dm:ConsolidatedMember;;;;;;;jenv-bw2-dm:ReceivablesOtherAffiliatedCompaniesNoncurrentMember
BFvaVov*;Financiële vaste activa;jenv-bw2-i_FinancialAssets;jenv-bw2-dm:CommercialMember;jenv-bw2-dm:SeparateMember;;;;;;;jenv-bw2-dm:ReceivablesOtherAffiliatedCompaniesNoncurrentMember
BFvaVovCae*;Som der afschrijvingen en waardeverminderingen van financiële vaste activa;jenv-bw2-i_FinancialAssetsAccumulatedDepreciationImpairments;jenv-bw2-dm:CommercialMember;jenv-bw2-dm:ConsolidatedMember;;;;;;;jenv-bw2-dm:ReceivablesOtherAffiliatedCompaniesNoncurrentMember
BFvaVovCae*;Som der afschrijvingen en waardeverminderingen van financiële vaste activa;jenv-bw2-i_FinancialAssetsAccumulatedDepreciationImpairments;jenv-bw2-dm:CommercialMember;jenv-bw2-dm:SeparateMember;;;;;;;jenv-bw2-dm:ReceivablesOtherAffiliatedCompaniesNoncurrentMember
BFvaVovCaeAfs;Afschrijvingen op financiële vaste activa;jenv-bw2-i_FinancialAssetsDepreciation;jenv-bw2-dm:CommercialMember;jenv-bw2-dm:ConsolidatedMember;;;;;;;jenv-bw2-dm:ReceivablesOtherAffiliatedCompaniesNoncurrentMember
BFvaVovCaeAfs;Afschrijvingen op financiële vaste activa;jenv-bw2-i_FinancialAssetsDepreciation;jenv-bw2-dm:CommercialMember;jenv-bw2-dm:SeparateMember;;;;;;;jenv-bw2-dm:ReceivablesOtherAffiliatedCompaniesNoncurrentMember
BFvaVovCaeDca;Afschrijving op desinvesteringen van financiële vaste activa;jenv-bw2-i_FinancialAssetsDisposalsDepreciation;jenv-bw2-dm:CommercialMember;jenv-bw2-dm:ConsolidatedMember;;;;;;;jenv-bw2-dm:ReceivablesOtherAffiliatedCompaniesNoncurrentMember
BFvaVovCaeDca;Afschrijving op desinvesteringen van financiële vaste activa;jenv-bw2-i_FinancialAssetsDisposalsDepreciation;jenv-bw2-dm:CommercialMember;jenv-bw2-dm:SeparateMember;;;;;;;jenv-bw2-dm:ReceivablesOtherAffiliatedCompaniesNoncurrentMember
BFvaVovCaeTvw;Terugneming van waardeverminderingen van financiële vaste activa;jenv-bw2-i_FinancialAssetsImpairmentReversal;jenv-bw2-dm:CommercialMember;jenv-bw2-dm:ConsolidatedMember;;;;;;;jenv-bw2-dm:ReceivablesOtherAffiliatedCompaniesNoncurrentMember
BFvaVovCaeTvw;Terugneming van waardeverminderingen van financiële vaste activa;jenv-bw2-i_FinancialAssetsImpairmentReversal;jenv-bw2-dm:CommercialMember;jenv-bw2-dm:SeparateMember;;;;;;;jenv-bw2-dm:ReceivablesOtherAffiliatedCompaniesNoncurrentMember
BFvaVovCaeWvr;Waardeverminderingen van financiële vaste activa;jenv-bw2-i_FinancialAssetsImpairment;jenv-bw2-dm:CommercialMember;jenv-bw2-dm:ConsolidatedMember;;;;;;;jenv-bw2-dm:ReceivablesOtherAffiliatedCompaniesNoncurrentMember
BFvaVovCaeWvr;Waardeverminderingen van financiële vaste activa;jenv-bw2-i_FinancialAssetsImpairment;jenv-bw2-dm:CommercialMember;jenv-bw2-dm:SeparateMember;;;;;;;jenv-bw2-dm:ReceivablesOtherAffiliatedCompaniesNoncurrentMember
BFvaVovCuh*;Som der herwaarderingen die betrekking hebben op de financiële vaste activa;jenv-bw2-i_FinancialAssetsAccumulatedRevaluations;jenv-bw2-dm:CommercialMember;jenv-bw2-dm:ConsolidatedMember;;;;;;;jenv-bw2-dm:ReceivablesOtherAffiliatedCompaniesNoncurrentMember
BFvaVovCuh*;Som der herwaarderingen die betrekking hebben op de financiële vaste activa;jenv-bw2-i_FinancialAssetsAccumulatedRevaluations;jenv-bw2-dm:CommercialMember;jenv-bw2-dm:SeparateMember;;;;;;;jenv-bw2-dm:ReceivablesOtherAffiliatedCompaniesNoncurrentMember
BFvaVovCuhAir;Resultaat uit deelnemingen;rj-i_FinancialAssetsShareInResultParticipatingInterests;jenv-bw2-dm:CommercialMember;jenv-bw2-dm:ConsolidatedMember;;;;;;;jenv-bw2-dm:ReceivablesOtherAffiliatedCompaniesNoncurrentMember
BFvaVovCuhAir;Resultaat uit deelnemingen;rj-i_FinancialAssetsShareInResultParticipatingInterests;jenv-bw2-dm:CommercialMember;jenv-bw2-dm:SeparateMember;;;;;;;jenv-bw2-dm:ReceivablesOtherAffiliatedCompaniesNoncurrentMember
BFvaVovCuhDvd;Door deelnemingen gedeclareerde dividend;rj-i_FinancialAssetsDividendFromParticipatingInterests;jenv-bw2-dm:CommercialMember;jenv-bw2-dm:ConsolidatedMember;;;;;;;jenv-bw2-dm:ReceivablesOtherAffiliatedCompaniesNoncurrentMember
BFvaVovCuhDvd;Door deelnemingen gedeclareerde dividend;rj-i_FinancialAssetsDividendFromParticipatingInterests;jenv-bw2-dm:CommercialMember;jenv-bw2-dm:SeparateMember;;;;;;;jenv-bw2-dm:ReceivablesOtherAffiliatedCompaniesNoncurrentMember
BFvaVovVolAdo;Bij overname verkregen financiële vaste activa;rj-i_FinancialAssetsAdditionsThroughAcquisitions;jenv-bw2-dm:CommercialMember;jenv-bw2-dm:ConsolidatedMember;;;;;;;jenv-bw2-dm:ReceivablesOtherAffiliatedCompaniesNoncurrentMember
BFvaVovVolAdo;Bij overname verkregen financiële vaste activa;rj-i_FinancialAssetsAdditionsThroughAcquisitions;jenv-bw2-dm:CommercialMember;jenv-bw2-dm:SeparateMember;;;;;;;jenv-bw2-dm:ReceivablesOtherAffiliatedCompaniesNoncurrentMember
BFvaVovVolBta;Betalingen / aflossingen;rj-cp-i_FinancialAssetsPaymentsRepayments;jenv-bw2-dm:CommercialMember;jenv-bw2-dm:ConsolidatedMember;;;;;;;jenv-bw2-dm:ReceivablesOtherAffiliatedCompaniesNoncurrentMember
BFvaVovVolBta;Betalingen / aflossingen;rj-cp-i_FinancialAssetsPaymentsRepayments;jenv-bw2-dm:CommercialMember;jenv-bw2-dm:SeparateMember;;;;;;;jenv-bw2-dm:ReceivablesOtherAffiliatedCompaniesNoncurrentMember
BFvaVovVolDda;Afstotingen van financiële vaste activa;rj-i_FinancialAssetsDivestitures;jenv-bw2-dm:CommercialMember;jenv-bw2-dm:ConsolidatedMember;;;;;;;jenv-bw2-dm:ReceivablesOtherAffiliatedCompaniesNoncurrentMember
BFvaVovVolDda;Afstotingen van financiële vaste activa;rj-i_FinancialAssetsDivestitures;jenv-bw2-dm:CommercialMember;jenv-bw2-dm:SeparateMember;;;;;;;jenv-bw2-dm:ReceivablesOtherAffiliatedCompaniesNoncurrentMember
BFvaVovVolOmv;Mutatie als gevolg van wijzigingen in valutakoersen;rj-i_FinancialAssetsExchangeDifferences;jenv-bw2-dm:CommercialMember;jenv-bw2-dm:ConsolidatedMember;;;;;;;jenv-bw2-dm:ReceivablesOtherAffiliatedCompaniesNoncurrentMember
BFvaVovVolOmv;Mutatie als gevolg van wijzigingen in valutakoersen;rj-i_FinancialAssetsExchangeDifferences;jenv-bw2-dm:CommercialMember;jenv-bw2-dm:SeparateMember;;;;;;;jenv-bw2-dm:ReceivablesOtherAffiliatedCompaniesNoncurrentMember
BFvaVovVolOvm;Overige mutaties in financiële vaste activa;jenv-bw2-i_FinancialAssetsMovementsOther;jenv-bw2-dm:CommercialMember;jenv-bw2-dm:ConsolidatedMember;;;;;;;jenv-bw2-dm:ReceivablesOtherAffiliatedCompaniesNoncurrentMember
BFvaVovVolOvm;Overige mutaties in financiële vaste activa;jenv-bw2-i_FinancialAssetsMovementsOther;jenv-bw2-dm:CommercialMember;jenv-bw2-dm:SeparateMember;;;;;;;jenv-bw2-dm:ReceivablesOtherAffiliatedCompaniesNoncurrentMember
BFvaVovVolSto;Stortingen / ontvangsten;rj-cp-i_FinancialAssetsReceiptsDeposits;jenv-bw2-dm:CommercialMember;jenv-bw2-dm:ConsolidatedMember;;;;;;;jenv-bw2-dm:ReceivablesOtherAffiliatedCompaniesNoncurrentMember
BFvaVovVolSto;Stortingen / ontvangsten;rj-cp-i_FinancialAssetsReceiptsDeposits;jenv-bw2-dm:CommercialMember;jenv-bw2-dm:SeparateMember;;;;;;;jenv-bw2-dm:ReceivablesOtherAffiliatedCompaniesNoncurrentMember
BIva*;Immateriële vaste activa;jenv-bw2-i_IntangibleAssets;jenv-bw2-dm:CommercialMember;jenv-bw2-dm:ConsolidatedMember
BIva*;Immateriële vaste activa;jenv-bw2-i_IntangibleAssets;jenv-bw2-dm:CommercialMember;jenv-bw2-dm:SeparateMember
BIva*;Immateriële vaste activa;jenv-bw2-i_IntangibleAssets;jenv-bw2-dm:CommercialMember;jenv-bw2-dm:ConsolidatedMember;;;;;;jenv-bw2-dm:IntangibleAssetsMember
BIva*;Immateriële vaste activa;jenv-bw2-i_IntangibleAssets;jenv-bw2-dm:CommercialMember;jenv-bw2-dm:SeparateMember;;;;;;jenv-bw2-dm:IntangibleAssetsMember
BIva??????Ado;Bij overname verkregen immateriële vaste activa;rj-i_IntangibleAssetsAdditionsThroughAcquisitions;jenv-bw2-dm:CommercialMember;jenv-bw2-dm:ConsolidatedMember;;;;;;jenv-bw2-dm:IntangibleAssetsMember
BIva??????Ado;Bij overname verkregen immateriële vaste activa;rj-i_IntangibleAssetsAdditionsThroughAcquisitions;jenv-bw2-dm:CommercialMember;jenv-bw2-dm:SeparateMember;;;;;;jenv-bw2-dm:IntangibleAssetsMember
BIva??????Dda;Buitengebruikstellingen en afstotingen van immateriële vaste activa;rj-i_IntangibleAssetsDivestitures;jenv-bw2-dm:CommercialMember;jenv-bw2-dm:ConsolidatedMember;;;;;;jenv-bw2-dm:IntangibleAssetsMember
BIva??????Dda;Buitengebruikstellingen en afstotingen van immateriële vaste activa;rj-i_IntangibleAssetsDivestitures;jenv-bw2-dm:CommercialMember;jenv-bw2-dm:SeparateMember;;;;;;jenv-bw2-dm:IntangibleAssetsMember
BIva??????Des;Som van de boekwaarden der immateriële vaste activa waarover de rechtspersoon aan het einde van het boekjaar niet meer beschikt;jenv-bw2-i_IntangibleAssetsDisposals;jenv-bw2-dm:CommercialMember;jenv-bw2-dm:ConsolidatedMember;;;;;;jenv-bw2-dm:IntangibleAssetsMember
BIva??????Des;Som van de boekwaarden der immateriële vaste activa waarover de rechtspersoon aan het einde van het boekjaar niet meer beschikt;jenv-bw2-i_IntangibleAssetsDisposals;jenv-bw2-dm:CommercialMember;jenv-bw2-dm:SeparateMember;;;;;;jenv-bw2-dm:IntangibleAssetsMember
BIva??????Inv;Som van de waarden waartegen de in het boekjaar verkregen immateriële vaste activa zijn te boek gesteld;jenv-bw2-i_IntangibleAssetsAdditions;jenv-bw2-dm:CommercialMember;jenv-bw2-dm:ConsolidatedMember;;;;;;jenv-bw2-dm:IntangibleAssetsMember
BIva??????Inv;Som van de waarden waartegen de in het boekjaar verkregen immateriële vaste activa zijn te boek gesteld;jenv-bw2-i_IntangibleAssetsAdditions;jenv-bw2-dm:CommercialMember;jenv-bw2-dm:SeparateMember;;;;;;jenv-bw2-dm:IntangibleAssetsMember
BIva??????Omv;Omrekeningsverschillen van immateriële vaste activa;rj-i_IntangibleAssetsExchangeDifferences;jenv-bw2-dm:CommercialMember;jenv-bw2-dm:ConsolidatedMember;;;;;;jenv-bw2-dm:IntangibleAssetsMember
BIva??????Omv;Omrekeningsverschillen van immateriële vaste activa;rj-i_IntangibleAssetsExchangeDifferences;jenv-bw2-dm:CommercialMember;jenv-bw2-dm:SeparateMember;;;;;;jenv-bw2-dm:IntangibleAssetsMember
BIva??????Ovm;Overige mutaties van immateriële vaste activa;rj-i_IntangibleAssetsMovementsOther;jenv-bw2-dm:CommercialMember;jenv-bw2-dm:ConsolidatedMember;;;;;;jenv-bw2-dm:IntangibleAssetsMember
BIva??????Ovm;Overige mutaties van immateriële vaste activa;rj-i_IntangibleAssetsMovementsOther;jenv-bw2-dm:CommercialMember;jenv-bw2-dm:SeparateMember;;;;;;jenv-bw2-dm:IntangibleAssetsMember
BIva???Akp*;Actuele kostprijs van immateriële vaste activa;rj-i_IntangibleAssetsActualCostPrice;jenv-bw2-dm:CommercialMember;jenv-bw2-dm:ConsolidatedMember;;;;;;jenv-bw2-dm:IntangibleAssetsMember
BIva???Akp*;Actuele kostprijs van immateriële vaste activa;rj-i_IntangibleAssetsActualCostPrice;jenv-bw2-dm:CommercialMember;jenv-bw2-dm:SeparateMember;;;;;;jenv-bw2-dm:IntangibleAssetsMember
BIva???CaeAfs;Afschrijvingen van immateriële vaste activa;jenv-bw2-i_IntangibleAssetsAmortisation;jenv-bw2-dm:CommercialMember;jenv-bw2-dm:ConsolidatedMember;;;;;;jenv-bw2-dm:IntangibleAssetsMember
BIva???CaeAfs;Afschrijvingen van immateriële vaste activa;jenv-bw2-i_IntangibleAssetsAmortisation;jenv-bw2-dm:CommercialMember;jenv-bw2-dm:SeparateMember;;;;;;jenv-bw2-dm:IntangibleAssetsMember
BIva???CaeDca;Afschrijving op desinvesteringen van immateriële vaste activa;jenv-bw2-i_IntangibleAssetsDisposalsAmortisation;jenv-bw2-dm:CommercialMember;jenv-bw2-dm:ConsolidatedMember;;;;;;jenv-bw2-dm:IntangibleAssetsMember
BIva???CaeDca;Afschrijving op desinvesteringen van immateriële vaste activa;jenv-bw2-i_IntangibleAssetsDisposalsAmortisation;jenv-bw2-dm:CommercialMember;jenv-bw2-dm:SeparateMember;;;;;;jenv-bw2-dm:IntangibleAssetsMember
BIva???CaeTvw;Terugneming van waardeverminderingen van immateriële vaste activa;jenv-bw2-i_IntangibleAssetsImpairmentReversal;jenv-bw2-dm:CommercialMember;jenv-bw2-dm:ConsolidatedMember;;;;;;jenv-bw2-dm:IntangibleAssetsMember
BIva???CaeTvw;Terugneming van waardeverminderingen van immateriële vaste activa;jenv-bw2-i_IntangibleAssetsImpairmentReversal;jenv-bw2-dm:CommercialMember;jenv-bw2-dm:SeparateMember;;;;;;jenv-bw2-dm:IntangibleAssetsMember
BIva???CaeWvr;Waardeverminderingen van immateriële vaste activa;jenv-bw2-i_IntangibleAssetsImpairment;jenv-bw2-dm:CommercialMember;jenv-bw2-dm:ConsolidatedMember;;;;;;jenv-bw2-dm:IntangibleAssetsMember
BIva???CaeWvr;Waardeverminderingen van immateriële vaste activa;jenv-bw2-i_IntangibleAssetsImpairment;jenv-bw2-dm:CommercialMember;jenv-bw2-dm:SeparateMember;;;;;;jenv-bw2-dm:IntangibleAssetsMember
BIva???Cuh*;Som der herwaarderingen die betrekking hebben op de immateriële vaste activa;jenv-bw2-i_IntangibleAssetsAccumulatedRevaluations;jenv-bw2-dm:CommercialMember;jenv-bw2-dm:ConsolidatedMember;;;;;;jenv-bw2-dm:IntangibleAssetsMember
BIva???Cuh*;Som der herwaarderingen die betrekking hebben op de immateriële vaste activa;jenv-bw2-i_IntangibleAssetsAccumulatedRevaluations;jenv-bw2-dm:CommercialMember;jenv-bw2-dm:SeparateMember;;;;;;jenv-bw2-dm:IntangibleAssetsMember
BIva???Vvp*;Historische kostprijs van immateriële vaste activa;rj-i_IntangibleAssetsCostPrice;jenv-bw2-dm:CommercialMember;jenv-bw2-dm:ConsolidatedMember;;;;;;jenv-bw2-dm:IntangibleAssetsMember
BIva???Vvp*;Historische kostprijs van immateriële vaste activa;rj-i_IntangibleAssetsCostPrice;jenv-bw2-dm:CommercialMember;jenv-bw2-dm:SeparateMember;;;;;;jenv-bw2-dm:IntangibleAssetsMember
BIvaCev*;Kosten van verwerving ter zake van concessies, vergunningen en rechten van intellectuele eigendom;jenv-bw2-i_PatentsTrademarksOtherRights;jenv-bw2-dm:CommercialMember;jenv-bw2-dm:ConsolidatedMember
BIvaCev*;Kosten van verwerving ter zake van concessies, vergunningen en rechten van intellectuele eigendom;jenv-bw2-i_PatentsTrademarksOtherRights;jenv-bw2-dm:CommercialMember;jenv-bw2-dm:SeparateMember
BIvaCev*;Immateriële vaste activa;jenv-bw2-i_IntangibleAssets;jenv-bw2-dm:CommercialMember;jenv-bw2-dm:ConsolidatedMember;;;;;;jenv-bw2-dm:PatentsTrademarksOtherRightsMember
BIvaCev*;Immateriële vaste activa;jenv-bw2-i_IntangibleAssets;jenv-bw2-dm:CommercialMember;jenv-bw2-dm:SeparateMember;;;;;;jenv-bw2-dm:PatentsTrademarksOtherRightsMember
BIvaCev???Ado;Bij overname verkregen immateriële vaste activa;rj-i_IntangibleAssetsAdditionsThroughAcquisitions;jenv-bw2-dm:CommercialMember;jenv-bw2-dm:ConsolidatedMember;;;;;;jenv-bw2-dm:PatentsTrademarksOtherRightsMember
BIvaCev???Ado;Bij overname verkregen immateriële vaste activa;rj-i_IntangibleAssetsAdditionsThroughAcquisitions;jenv-bw2-dm:CommercialMember;jenv-bw2-dm:SeparateMember;;;;;;jenv-bw2-dm:PatentsTrademarksOtherRightsMember
BIvaCev???Dda;Buitengebruikstellingen en afstotingen van immateriële vaste activa;rj-i_IntangibleAssetsDivestitures;jenv-bw2-dm:CommercialMember;jenv-bw2-dm:ConsolidatedMember;;;;;;jenv-bw2-dm:PatentsTrademarksOtherRightsMember
BIvaCev???Dda;Buitengebruikstellingen en afstotingen van immateriële vaste activa;rj-i_IntangibleAssetsDivestitures;jenv-bw2-dm:CommercialMember;jenv-bw2-dm:SeparateMember;;;;;;jenv-bw2-dm:PatentsTrademarksOtherRightsMember
BIvaCev???Des;Som van de boekwaarden der immateriële vaste activa waarover de rechtspersoon aan het einde van het boekjaar niet meer beschikt;jenv-bw2-i_IntangibleAssetsDisposals;jenv-bw2-dm:CommercialMember;jenv-bw2-dm:ConsolidatedMember;;;;;;jenv-bw2-dm:PatentsTrademarksOtherRightsMember
BIvaCev???Des;Som van de boekwaarden der immateriële vaste activa waarover de rechtspersoon aan het einde van het boekjaar niet meer beschikt;jenv-bw2-i_IntangibleAssetsDisposals;jenv-bw2-dm:CommercialMember;jenv-bw2-dm:SeparateMember;;;;;;jenv-bw2-dm:PatentsTrademarksOtherRightsMember
BIvaCev???Inv;Som van de waarden waartegen de in het boekjaar verkregen immateriële vaste activa zijn te boek gesteld;jenv-bw2-i_IntangibleAssetsAdditions;jenv-bw2-dm:CommercialMember;jenv-bw2-dm:ConsolidatedMember;;;;;;jenv-bw2-dm:PatentsTrademarksOtherRightsMember
BIvaCev???Inv;Som van de waarden waartegen de in het boekjaar verkregen immateriële vaste activa zijn te boek gesteld;jenv-bw2-i_IntangibleAssetsAdditions;jenv-bw2-dm:CommercialMember;jenv-bw2-dm:SeparateMember;;;;;;jenv-bw2-dm:PatentsTrademarksOtherRightsMember
BIvaCev???Omv;Omrekeningsverschillen van immateriële vaste activa;rj-i_IntangibleAssetsExchangeDifferences;jenv-bw2-dm:CommercialMember;jenv-bw2-dm:ConsolidatedMember;;;;;;jenv-bw2-dm:PatentsTrademarksOtherRightsMember
BIvaCev???Omv;Omrekeningsverschillen van immateriële vaste activa;rj-i_IntangibleAssetsExchangeDifferences;jenv-bw2-dm:CommercialMember;jenv-bw2-dm:SeparateMember;;;;;;jenv-bw2-dm:PatentsTrademarksOtherRightsMember
BIvaCev???Ovm;Overige mutaties van immateriële vaste activa;rj-i_IntangibleAssetsMovementsOther;jenv-bw2-dm:CommercialMember;jenv-bw2-dm:ConsolidatedMember;;;;;;jenv-bw2-dm:PatentsTrademarksOtherRightsMember
BIvaCev???Ovm;Overige mutaties van immateriële vaste activa;rj-i_IntangibleAssetsMovementsOther;jenv-bw2-dm:CommercialMember;jenv-bw2-dm:SeparateMember;;;;;;jenv-bw2-dm:PatentsTrademarksOtherRightsMember
BIvaCevAkp*;Actuele kostprijs van immateriële vaste activa;rj-i_IntangibleAssetsActualCostPrice;jenv-bw2-dm:CommercialMember;jenv-bw2-dm:ConsolidatedMember;;;;;;jenv-bw2-dm:PatentsTrademarksOtherRightsMember
BIvaCevAkp*;Actuele kostprijs van immateriële vaste activa;rj-i_IntangibleAssetsActualCostPrice;jenv-bw2-dm:CommercialMember;jenv-bw2-dm:SeparateMember;;;;;;jenv-bw2-dm:PatentsTrademarksOtherRightsMember
BIvaCevCaeAfs;Afschrijvingen van immateriële vaste activa;jenv-bw2-i_IntangibleAssetsAmortisation;jenv-bw2-dm:CommercialMember;jenv-bw2-dm:ConsolidatedMember;;;;;;jenv-bw2-dm:PatentsTrademarksOtherRightsMember
BIvaCevCaeAfs;Afschrijvingen van immateriële vaste activa;jenv-bw2-i_IntangibleAssetsAmortisation;jenv-bw2-dm:CommercialMember;jenv-bw2-dm:SeparateMember;;;;;;jenv-bw2-dm:PatentsTrademarksOtherRightsMember
BIvaCevCaeDca;Afschrijving op desinvesteringen van immateriële vaste activa;jenv-bw2-i_IntangibleAssetsDisposalsAmortisation;jenv-bw2-dm:CommercialMember;jenv-bw2-dm:ConsolidatedMember;;;;;;jenv-bw2-dm:PatentsTrademarksOtherRightsMember
BIvaCevCaeDca;Afschrijving op desinvesteringen van immateriële vaste activa;jenv-bw2-i_IntangibleAssetsDisposalsAmortisation;jenv-bw2-dm:CommercialMember;jenv-bw2-dm:SeparateMember;;;;;;jenv-bw2-dm:PatentsTrademarksOtherRightsMember
BIvaCevCaeTvw;Terugneming van waardeverminderingen van immateriële vaste activa;jenv-bw2-i_IntangibleAssetsImpairmentReversal;jenv-bw2-dm:CommercialMember;jenv-bw2-dm:ConsolidatedMember;;;;;;jenv-bw2-dm:PatentsTrademarksOtherRightsMember
BIvaCevCaeTvw;Terugneming van waardeverminderingen van immateriële vaste activa;jenv-bw2-i_IntangibleAssetsImpairmentReversal;jenv-bw2-dm:CommercialMember;jenv-bw2-dm:SeparateMember;;;;;;jenv-bw2-dm:PatentsTrademarksOtherRightsMember
BIvaCevCaeWvr;Waardeverminderingen van immateriële vaste activa;jenv-bw2-i_IntangibleAssetsImpairment;jenv-bw2-dm:CommercialMember;jenv-bw2-dm:ConsolidatedMember;;;;;;jenv-bw2-dm:PatentsTrademarksOtherRightsMember
BIvaCevCaeWvr;Waardeverminderingen van immateriële vaste activa;jenv-bw2-i_IntangibleAssetsImpairment;jenv-bw2-dm:CommercialMember;jenv-bw2-dm:SeparateMember;;;;;;jenv-bw2-dm:PatentsTrademarksOtherRightsMember
BIvaCevCuh*;Som der herwaarderingen die betrekking hebben op de immateriële vaste activa;jenv-bw2-i_IntangibleAssetsAccumulatedRevaluations;jenv-bw2-dm:CommercialMember;jenv-bw2-dm:ConsolidatedMember;;;;;;jenv-bw2-dm:PatentsTrademarksOtherRightsMember
BIvaCevCuh*;Som der herwaarderingen die betrekking hebben op de immateriële vaste activa;jenv-bw2-i_IntangibleAssetsAccumulatedRevaluations;jenv-bw2-dm:CommercialMember;jenv-bw2-dm:SeparateMember;;;;;;jenv-bw2-dm:PatentsTrademarksOtherRightsMember
BIvaCevVvp*;Historische kostprijs van immateriële vaste activa;rj-i_IntangibleAssetsCostPrice;jenv-bw2-dm:CommercialMember;jenv-bw2-dm:ConsolidatedMember;;;;;;jenv-bw2-dm:PatentsTrademarksOtherRightsMember
BIvaCevVvp*;Historische kostprijs van immateriële vaste activa;rj-i_IntangibleAssetsCostPrice;jenv-bw2-dm:CommercialMember;jenv-bw2-dm:SeparateMember;;;;;;jenv-bw2-dm:PatentsTrademarksOtherRightsMember
BIvaGoo*;Kosten van goodwill die van derden is verkregen;jenv-bw2-i_Goodwill;jenv-bw2-dm:CommercialMember;jenv-bw2-dm:ConsolidatedMember
BIvaGoo*;Kosten van goodwill die van derden is verkregen;jenv-bw2-i_Goodwill;jenv-bw2-dm:CommercialMember;jenv-bw2-dm:SeparateMember
BIvaGoo*;Immateriële vaste activa;jenv-bw2-i_IntangibleAssets;jenv-bw2-dm:CommercialMember;jenv-bw2-dm:ConsolidatedMember;;;;;;jenv-bw2-dm:GoodwillMember
BIvaGoo*;Immateriële vaste activa;jenv-bw2-i_IntangibleAssets;jenv-bw2-dm:CommercialMember;jenv-bw2-dm:SeparateMember;;;;;;jenv-bw2-dm:GoodwillMember
BIvaGoo???Ado;Bij overname verkregen immateriële vaste activa;rj-i_IntangibleAssetsAdditionsThroughAcquisitions;jenv-bw2-dm:CommercialMember;jenv-bw2-dm:ConsolidatedMember;;;;;;jenv-bw2-dm:GoodwillMember
BIvaGoo???Ado;Bij overname verkregen immateriële vaste activa;rj-i_IntangibleAssetsAdditionsThroughAcquisitions;jenv-bw2-dm:CommercialMember;jenv-bw2-dm:SeparateMember;;;;;;jenv-bw2-dm:GoodwillMember
BIvaGoo???Dda;Buitengebruikstellingen en afstotingen van immateriële vaste activa;rj-i_IntangibleAssetsDivestitures;jenv-bw2-dm:CommercialMember;jenv-bw2-dm:ConsolidatedMember;;;;;;jenv-bw2-dm:GoodwillMember
BIvaGoo???Dda;Buitengebruikstellingen en afstotingen van immateriële vaste activa;rj-i_IntangibleAssetsDivestitures;jenv-bw2-dm:CommercialMember;jenv-bw2-dm:SeparateMember;;;;;;jenv-bw2-dm:GoodwillMember
BIvaGoo???Des;Som van de boekwaarden der immateriële vaste activa waarover de rechtspersoon aan het einde van het boekjaar niet meer beschikt;jenv-bw2-i_IntangibleAssetsDisposals;jenv-bw2-dm:CommercialMember;jenv-bw2-dm:ConsolidatedMember;;;;;;jenv-bw2-dm:GoodwillMember
BIvaGoo???Des;Som van de boekwaarden der immateriële vaste activa waarover de rechtspersoon aan het einde van het boekjaar niet meer beschikt;jenv-bw2-i_IntangibleAssetsDisposals;jenv-bw2-dm:CommercialMember;jenv-bw2-dm:SeparateMember;;;;;;jenv-bw2-dm:GoodwillMember
BIvaGoo???Inv;Som van de waarden waartegen de in het boekjaar verkregen immateriële vaste activa zijn te boek gesteld;jenv-bw2-i_IntangibleAssetsAdditions;jenv-bw2-dm:CommercialMember;jenv-bw2-dm:ConsolidatedMember;;;;;;jenv-bw2-dm:GoodwillMember
BIvaGoo???Inv;Som van de waarden waartegen de in het boekjaar verkregen immateriële vaste activa zijn te boek gesteld;jenv-bw2-i_IntangibleAssetsAdditions;jenv-bw2-dm:CommercialMember;jenv-bw2-dm:SeparateMember;;;;;;jenv-bw2-dm:GoodwillMember
BIvaGoo???Omv;Omrekeningsverschillen van immateriële vaste activa;rj-i_IntangibleAssetsExchangeDifferences;jenv-bw2-dm:CommercialMember;jenv-bw2-dm:ConsolidatedMember;;;;;;jenv-bw2-dm:GoodwillMember
BIvaGoo???Omv;Omrekeningsverschillen van immateriële vaste activa;rj-i_IntangibleAssetsExchangeDifferences;jenv-bw2-dm:CommercialMember;jenv-bw2-dm:SeparateMember;;;;;;jenv-bw2-dm:GoodwillMember
BIvaGoo???Ovm;Overige mutaties van immateriële vaste activa;rj-i_IntangibleAssetsMovementsOther;jenv-bw2-dm:CommercialMember;jenv-bw2-dm:ConsolidatedMember;;;;;;jenv-bw2-dm:GoodwillMember
BIvaGoo???Ovm;Overige mutaties van immateriële vaste activa;rj-i_IntangibleAssetsMovementsOther;jenv-bw2-dm:CommercialMember;jenv-bw2-dm:SeparateMember;;;;;;jenv-bw2-dm:GoodwillMember
BIvaGooAkp*;Actuele kostprijs van immateriële vaste activa;rj-i_IntangibleAssetsActualCostPrice;jenv-bw2-dm:CommercialMember;jenv-bw2-dm:ConsolidatedMember;;;;;;jenv-bw2-dm:GoodwillMember
BIvaGooAkp*;Actuele kostprijs van immateriële vaste activa;rj-i_IntangibleAssetsActualCostPrice;jenv-bw2-dm:CommercialMember;jenv-bw2-dm:SeparateMember;;;;;;jenv-bw2-dm:GoodwillMember
BIvaGooCaeAfs;Afschrijvingen van immateriële vaste activa;jenv-bw2-i_IntangibleAssetsAmortisation;jenv-bw2-dm:CommercialMember;jenv-bw2-dm:ConsolidatedMember;;;;;;jenv-bw2-dm:GoodwillMember
BIvaGooCaeAfs;Afschrijvingen van immateriële vaste activa;jenv-bw2-i_IntangibleAssetsAmortisation;jenv-bw2-dm:CommercialMember;jenv-bw2-dm:SeparateMember;;;;;;jenv-bw2-dm:GoodwillMember
BIvaGooCaeDca;Afschrijving op desinvesteringen van immateriële vaste activa;jenv-bw2-i_IntangibleAssetsDisposalsAmortisation;jenv-bw2-dm:CommercialMember;jenv-bw2-dm:ConsolidatedMember;;;;;;jenv-bw2-dm:GoodwillMember
BIvaGooCaeDca;Afschrijving op desinvesteringen van immateriële vaste activa;jenv-bw2-i_IntangibleAssetsDisposalsAmortisation;jenv-bw2-dm:CommercialMember;jenv-bw2-dm:SeparateMember;;;;;;jenv-bw2-dm:GoodwillMember
BIvaGooCaeTvw;Terugneming van waardeverminderingen van immateriële vaste activa;jenv-bw2-i_IntangibleAssetsImpairmentReversal;jenv-bw2-dm:CommercialMember;jenv-bw2-dm:ConsolidatedMember;;;;;;jenv-bw2-dm:GoodwillMember
BIvaGooCaeTvw;Terugneming van waardeverminderingen van immateriële vaste activa;jenv-bw2-i_IntangibleAssetsImpairmentReversal;jenv-bw2-dm:CommercialMember;jenv-bw2-dm:SeparateMember;;;;;;jenv-bw2-dm:GoodwillMember
BIvaGooCaeWvr;Waardeverminderingen van immateriële vaste activa;jenv-bw2-i_IntangibleAssetsImpairment;jenv-bw2-dm:CommercialMember;jenv-bw2-dm:ConsolidatedMember;;;;;;jenv-bw2-dm:GoodwillMember
BIvaGooCaeWvr;Waardeverminderingen van immateriële vaste activa;jenv-bw2-i_IntangibleAssetsImpairment;jenv-bw2-dm:CommercialMember;jenv-bw2-dm:SeparateMember;;;;;;jenv-bw2-dm:GoodwillMember
BIvaGooCuh*;Som der herwaarderingen die betrekking hebben op de immateriële vaste activa;jenv-bw2-i_IntangibleAssetsAccumulatedRevaluations;jenv-bw2-dm:CommercialMember;jenv-bw2-dm:ConsolidatedMember;;;;;;jenv-bw2-dm:GoodwillMember
BIvaGooCuh*;Som der herwaarderingen die betrekking hebben op de immateriële vaste activa;jenv-bw2-i_IntangibleAssetsAccumulatedRevaluations;jenv-bw2-dm:CommercialMember;jenv-bw2-dm:SeparateMember;;;;;;jenv-bw2-dm:GoodwillMember
BIvaGooCuhAvg;Aanpassingen van de goodwill als gevolg van later geïdentificeerde activa en passiva en veranderingen in de waarde ervan;rj-i_GoodwillAdjustmentsLaterIdentifiedAssetsLiabilities;jenv-bw2-dm:CommercialMember;jenv-bw2-dm:ConsolidatedMember;;;;;;jenv-bw2-dm:IntangibleAssetsMember
BIvaGooCuhAvg;Aanpassingen van de goodwill als gevolg van later geïdentificeerde activa en passiva en veranderingen in de waarde ervan;rj-i_GoodwillAdjustmentsLaterIdentifiedAssetsLiabilities;jenv-bw2-dm:CommercialMember;jenv-bw2-dm:ConsolidatedMember;;;;;;jenv-bw2-dm:GoodwillMember
BIvaGooCuhAvg;Aanpassingen van de goodwill als gevolg van later geïdentificeerde activa en passiva en veranderingen in de waarde ervan;rj-i_GoodwillAdjustmentsLaterIdentifiedAssetsLiabilities;jenv-bw2-dm:CommercialMember;jenv-bw2-dm:SeparateMember;;;;;;jenv-bw2-dm:IntangibleAssetsMember
BIvaGooCuhAvg;Aanpassingen van de goodwill als gevolg van later geïdentificeerde activa en passiva en veranderingen in de waarde ervan;rj-i_GoodwillAdjustmentsLaterIdentifiedAssetsLiabilities;jenv-bw2-dm:CommercialMember;jenv-bw2-dm:SeparateMember;;;;;;jenv-bw2-dm:GoodwillMember
BIvaGooVvp*;Historische kostprijs van immateriële vaste activa;rj-i_IntangibleAssetsCostPrice;jenv-bw2-dm:CommercialMember;jenv-bw2-dm:ConsolidatedMember;;;;;;jenv-bw2-dm:GoodwillMember
BIvaGooVvp*;Historische kostprijs van immateriële vaste activa;rj-i_IntangibleAssetsCostPrice;jenv-bw2-dm:CommercialMember;jenv-bw2-dm:SeparateMember;;;;;;jenv-bw2-dm:GoodwillMember
BIvaKoo*;Kosten van ontwikkeling;jenv-bw2-i_DevelopmentCosts;jenv-bw2-dm:CommercialMember;jenv-bw2-dm:ConsolidatedMember
BIvaKoo*;Kosten van ontwikkeling;jenv-bw2-i_DevelopmentCosts;jenv-bw2-dm:CommercialMember;jenv-bw2-dm:SeparateMember
BIvaKoo*;Immateriële vaste activa;jenv-bw2-i_IntangibleAssets;jenv-bw2-dm:CommercialMember;jenv-bw2-dm:ConsolidatedMember;;;;;;jenv-bw2-dm:DevelopmentCostsMember
BIvaKoo*;Immateriële vaste activa;jenv-bw2-i_IntangibleAssets;jenv-bw2-dm:CommercialMember;jenv-bw2-dm:SeparateMember;;;;;;jenv-bw2-dm:DevelopmentCostsMember
BIvaKoo???Ado;Bij overname verkregen immateriële vaste activa;rj-i_IntangibleAssetsAdditionsThroughAcquisitions;jenv-bw2-dm:CommercialMember;jenv-bw2-dm:ConsolidatedMember;;;;;;jenv-bw2-dm:DevelopmentCostsMember
BIvaKoo???Ado;Bij overname verkregen immateriële vaste activa;rj-i_IntangibleAssetsAdditionsThroughAcquisitions;jenv-bw2-dm:CommercialMember;jenv-bw2-dm:SeparateMember;;;;;;jenv-bw2-dm:DevelopmentCostsMember
BIvaKoo???Dda;Buitengebruikstellingen en afstotingen van immateriële vaste activa;rj-i_IntangibleAssetsDivestitures;jenv-bw2-dm:CommercialMember;jenv-bw2-dm:ConsolidatedMember;;;;;;jenv-bw2-dm:DevelopmentCostsMember
BIvaKoo???Dda;Buitengebruikstellingen en afstotingen van immateriële vaste activa;rj-i_IntangibleAssetsDivestitures;jenv-bw2-dm:CommercialMember;jenv-bw2-dm:SeparateMember;;;;;;jenv-bw2-dm:DevelopmentCostsMember
BIvaKoo???Des;Som van de boekwaarden der immateriële vaste activa waarover de rechtspersoon aan het einde van het boekjaar niet meer beschikt;jenv-bw2-i_IntangibleAssetsDisposals;jenv-bw2-dm:CommercialMember;jenv-bw2-dm:ConsolidatedMember;;;;;;jenv-bw2-dm:DevelopmentCostsMember
BIvaKoo???Des;Som van de boekwaarden der immateriële vaste activa waarover de rechtspersoon aan het einde van het boekjaar niet meer beschikt;jenv-bw2-i_IntangibleAssetsDisposals;jenv-bw2-dm:CommercialMember;jenv-bw2-dm:SeparateMember;;;;;;jenv-bw2-dm:DevelopmentCostsMember
BIvaKoo???Inv;Som van de waarden waartegen de in het boekjaar verkregen immateriële vaste activa zijn te boek gesteld;jenv-bw2-i_IntangibleAssetsAdditions;jenv-bw2-dm:CommercialMember;jenv-bw2-dm:ConsolidatedMember;;;;;;jenv-bw2-dm:DevelopmentCostsMember
BIvaKoo???Inv;Som van de waarden waartegen de in het boekjaar verkregen immateriële vaste activa zijn te boek gesteld;jenv-bw2-i_IntangibleAssetsAdditions;jenv-bw2-dm:CommercialMember;jenv-bw2-dm:SeparateMember;;;;;;jenv-bw2-dm:DevelopmentCostsMember
BIvaKoo???Omv;Omrekeningsverschillen van immateriële vaste activa;rj-i_IntangibleAssetsExchangeDifferences;jenv-bw2-dm:CommercialMember;jenv-bw2-dm:ConsolidatedMember;;;;;;jenv-bw2-dm:DevelopmentCostsMember
BIvaKoo???Omv;Omrekeningsverschillen van immateriële vaste activa;rj-i_IntangibleAssetsExchangeDifferences;jenv-bw2-dm:CommercialMember;jenv-bw2-dm:SeparateMember;;;;;;jenv-bw2-dm:DevelopmentCostsMember
BIvaKoo???Ovm;Overige mutaties van immateriële vaste activa;rj-i_IntangibleAssetsMovementsOther;jenv-bw2-dm:CommercialMember;jenv-bw2-dm:ConsolidatedMember;;;;;;jenv-bw2-dm:DevelopmentCostsMember
BIvaKoo???Ovm;Overige mutaties van immateriële vaste activa;rj-i_IntangibleAssetsMovementsOther;jenv-bw2-dm:CommercialMember;jenv-bw2-dm:SeparateMember;;;;;;jenv-bw2-dm:DevelopmentCostsMember
BIvaKooAkp*;Actuele kostprijs van immateriële vaste activa;rj-i_IntangibleAssetsActualCostPrice;jenv-bw2-dm:CommercialMember;jenv-bw2-dm:ConsolidatedMember;;;;;;jenv-bw2-dm:DevelopmentCostsMember
BIvaKooAkp*;Actuele kostprijs van immateriële vaste activa;rj-i_IntangibleAssetsActualCostPrice;jenv-bw2-dm:CommercialMember;jenv-bw2-dm:SeparateMember;;;;;;jenv-bw2-dm:DevelopmentCostsMember
BIvaKooCaeAfs;Afschrijvingen van immateriële vaste activa;jenv-bw2-i_IntangibleAssetsAmortisation;jenv-bw2-dm:CommercialMember;jenv-bw2-dm:ConsolidatedMember;;;;;;jenv-bw2-dm:DevelopmentCostsMember
BIvaKooCaeAfs;Afschrijvingen van immateriële vaste activa;jenv-bw2-i_IntangibleAssetsAmortisation;jenv-bw2-dm:CommercialMember;jenv-bw2-dm:SeparateMember;;;;;;jenv-bw2-dm:DevelopmentCostsMember
BIvaKooCaeDca;Afschrijving op desinvesteringen van immateriële vaste activa;jenv-bw2-i_IntangibleAssetsDisposalsAmortisation;jenv-bw2-dm:CommercialMember;jenv-bw2-dm:ConsolidatedMember;;;;;;jenv-bw2-dm:DevelopmentCostsMember
BIvaKooCaeDca;Afschrijving op desinvesteringen van immateriële vaste activa;jenv-bw2-i_IntangibleAssetsDisposalsAmortisation;jenv-bw2-dm:CommercialMember;jenv-bw2-dm:SeparateMember;;;;;;jenv-bw2-dm:DevelopmentCostsMember
BIvaKooCaeTvw;Terugneming van waardeverminderingen van immateriële vaste activa;jenv-bw2-i_IntangibleAssetsImpairmentReversal;jenv-bw2-dm:CommercialMember;jenv-bw2-dm:ConsolidatedMember;;;;;;jenv-bw2-dm:DevelopmentCostsMember
BIvaKooCaeTvw;Terugneming van waardeverminderingen van immateriële vaste activa;jenv-bw2-i_IntangibleAssetsImpairmentReversal;jenv-bw2-dm:CommercialMember;jenv-bw2-dm:SeparateMember;;;;;;jenv-bw2-dm:DevelopmentCostsMember
BIvaKooCaeWvr;Waardeverminderingen van immateriële vaste activa;jenv-bw2-i_IntangibleAssetsImpairment;jenv-bw2-dm:CommercialMember;jenv-bw2-dm:ConsolidatedMember;;;;;;jenv-bw2-dm:DevelopmentCostsMember
BIvaKooCaeWvr;Waardeverminderingen van immateriële vaste activa;jenv-bw2-i_IntangibleAssetsImpairment;jenv-bw2-dm:CommercialMember;jenv-bw2-dm:SeparateMember;;;;;;jenv-bw2-dm:DevelopmentCostsMember
BIvaKooCuh*;Som der herwaarderingen die betrekking hebben op de immateriële vaste activa;jenv-bw2-i_IntangibleAssetsAccumulatedRevaluations;jenv-bw2-dm:CommercialMember;jenv-bw2-dm:ConsolidatedMember;;;;;;jenv-bw2-dm:DevelopmentCostsMember
BIvaKooCuh*;Som der herwaarderingen die betrekking hebben op de immateriële vaste activa;jenv-bw2-i_IntangibleAssetsAccumulatedRevaluations;jenv-bw2-dm:CommercialMember;jenv-bw2-dm:SeparateMember;;;;;;jenv-bw2-dm:DevelopmentCostsMember
BIvaKooVvp*;Historische kostprijs van immateriële vaste activa;rj-i_IntangibleAssetsCostPrice;jenv-bw2-dm:CommercialMember;jenv-bw2-dm:ConsolidatedMember;;;;;;jenv-bw2-dm:DevelopmentCostsMember
BIvaKooVvp*;Historische kostprijs van immateriële vaste activa;rj-i_IntangibleAssetsCostPrice;jenv-bw2-dm:CommercialMember;jenv-bw2-dm:SeparateMember;;;;;;jenv-bw2-dm:DevelopmentCostsMember
BIvaKou*;Kosten die verband houden met de oprichting en met de uitgifte van aandelen;jenv-bw2-i_CostsIncorporationShareIssue;jenv-bw2-dm:CommercialMember;jenv-bw2-dm:ConsolidatedMember
BIvaKou*;Kosten die verband houden met de oprichting en met de uitgifte van aandelen;jenv-bw2-i_CostsIncorporationShareIssue;jenv-bw2-dm:CommercialMember;jenv-bw2-dm:SeparateMember
BIvaKou*;Immateriële vaste activa;jenv-bw2-i_IntangibleAssets;jenv-bw2-dm:CommercialMember;jenv-bw2-dm:ConsolidatedMember;;;;;;jenv-bw2-dm:CostsIncorporationShareIssueMember
BIvaKou*;Immateriële vaste activa;jenv-bw2-i_IntangibleAssets;jenv-bw2-dm:CommercialMember;jenv-bw2-dm:SeparateMember;;;;;;jenv-bw2-dm:CostsIncorporationShareIssueMember
BIvaKou???Ado;Bij overname verkregen immateriële vaste activa;rj-i_IntangibleAssetsAdditionsThroughAcquisitions;jenv-bw2-dm:CommercialMember;jenv-bw2-dm:ConsolidatedMember;;;;;;jenv-bw2-dm:CostsIncorporationShareIssueMember
BIvaKou???Ado;Bij overname verkregen immateriële vaste activa;rj-i_IntangibleAssetsAdditionsThroughAcquisitions;jenv-bw2-dm:CommercialMember;jenv-bw2-dm:SeparateMember;;;;;;jenv-bw2-dm:CostsIncorporationShareIssueMember
BIvaKou???Dda;Buitengebruikstellingen en afstotingen van immateriële vaste activa;rj-i_IntangibleAssetsDivestitures;jenv-bw2-dm:CommercialMember;jenv-bw2-dm:ConsolidatedMember;;;;;;jenv-bw2-dm:CostsIncorporationShareIssueMember
BIvaKou???Dda;Buitengebruikstellingen en afstotingen van immateriële vaste activa;rj-i_IntangibleAssetsDivestitures;jenv-bw2-dm:CommercialMember;jenv-bw2-dm:SeparateMember;;;;;;jenv-bw2-dm:CostsIncorporationShareIssueMember
BIvaKou???Des;Som van de boekwaarden der immateriële vaste activa waarover de rechtspersoon aan het einde van het boekjaar niet meer beschikt;jenv-bw2-i_IntangibleAssetsDisposals;jenv-bw2-dm:CommercialMember;jenv-bw2-dm:ConsolidatedMember;;;;;;jenv-bw2-dm:CostsIncorporationShareIssueMember
BIvaKou???Des;Som van de boekwaarden der immateriële vaste activa waarover de rechtspersoon aan het einde van het boekjaar niet meer beschikt;jenv-bw2-i_IntangibleAssetsDisposals;jenv-bw2-dm:CommercialMember;jenv-bw2-dm:SeparateMember;;;;;;jenv-bw2-dm:CostsIncorporationShareIssueMember
BIvaKou???Inv;Som van de waarden waartegen de in het boekjaar verkregen immateriële vaste activa zijn te boek gesteld;jenv-bw2-i_IntangibleAssetsAdditions;jenv-bw2-dm:CommercialMember;jenv-bw2-dm:ConsolidatedMember;;;;;;jenv-bw2-dm:CostsIncorporationShareIssueMember
BIvaKou???Inv;Som van de waarden waartegen de in het boekjaar verkregen immateriële vaste activa zijn te boek gesteld;jenv-bw2-i_IntangibleAssetsAdditions;jenv-bw2-dm:CommercialMember;jenv-bw2-dm:SeparateMember;;;;;;jenv-bw2-dm:CostsIncorporationShareIssueMember
BIvaKou???Omv;Omrekeningsverschillen van immateriële vaste activa;rj-i_IntangibleAssetsExchangeDifferences;jenv-bw2-dm:CommercialMember;jenv-bw2-dm:ConsolidatedMember;;;;;;jenv-bw2-dm:CostsIncorporationShareIssueMember
BIvaKou???Omv;Omrekeningsverschillen van immateriële vaste activa;rj-i_IntangibleAssetsExchangeDifferences;jenv-bw2-dm:CommercialMember;jenv-bw2-dm:SeparateMember;;;;;;jenv-bw2-dm:CostsIncorporationShareIssueMember
BIvaKou???Ovm;Overige mutaties van immateriële vaste activa;rj-i_IntangibleAssetsMovementsOther;jenv-bw2-dm:CommercialMember;jenv-bw2-dm:ConsolidatedMember;;;;;;jenv-bw2-dm:CostsIncorporationShareIssueMember
BIvaKou???Ovm;Overige mutaties van immateriële vaste activa;rj-i_IntangibleAssetsMovementsOther;jenv-bw2-dm:CommercialMember;jenv-bw2-dm:SeparateMember;;;;;;jenv-bw2-dm:CostsIncorporationShareIssueMember
BIvaKouAkp*;Actuele kostprijs van immateriële vaste activa;rj-i_IntangibleAssetsActualCostPrice;jenv-bw2-dm:CommercialMember;jenv-bw2-dm:ConsolidatedMember;;;;;;jenv-bw2-dm:CostsIncorporationShareIssueMember
BIvaKouAkp*;Actuele kostprijs van immateriële vaste activa;rj-i_IntangibleAssetsActualCostPrice;jenv-bw2-dm:CommercialMember;jenv-bw2-dm:SeparateMember;;;;;;jenv-bw2-dm:CostsIncorporationShareIssueMember
BIvaKouCaeAfs;Afschrijvingen van immateriële vaste activa;jenv-bw2-i_IntangibleAssetsAmortisation;jenv-bw2-dm:CommercialMember;jenv-bw2-dm:ConsolidatedMember;;;;;;jenv-bw2-dm:CostsIncorporationShareIssueMember
BIvaKouCaeAfs;Afschrijvingen van immateriële vaste activa;jenv-bw2-i_IntangibleAssetsAmortisation;jenv-bw2-dm:CommercialMember;jenv-bw2-dm:SeparateMember;;;;;;jenv-bw2-dm:CostsIncorporationShareIssueMember
BIvaKouCaeDca;Afschrijving op desinvesteringen van immateriële vaste activa;jenv-bw2-i_IntangibleAssetsDisposalsAmortisation;jenv-bw2-dm:CommercialMember;jenv-bw2-dm:ConsolidatedMember;;;;;;jenv-bw2-dm:CostsIncorporationShareIssueMember
BIvaKouCaeDca;Afschrijving op desinvesteringen van immateriële vaste activa;jenv-bw2-i_IntangibleAssetsDisposalsAmortisation;jenv-bw2-dm:CommercialMember;jenv-bw2-dm:SeparateMember;;;;;;jenv-bw2-dm:CostsIncorporationShareIssueMember
BIvaKouCaeTvw;Terugneming van waardeverminderingen van immateriële vaste activa;jenv-bw2-i_IntangibleAssetsImpairmentReversal;jenv-bw2-dm:CommercialMember;jenv-bw2-dm:ConsolidatedMember;;;;;;jenv-bw2-dm:CostsIncorporationShareIssueMember
BIvaKouCaeTvw;Terugneming van waardeverminderingen van immateriële vaste activa;jenv-bw2-i_IntangibleAssetsImpairmentReversal;jenv-bw2-dm:CommercialMember;jenv-bw2-dm:SeparateMember;;;;;;jenv-bw2-dm:CostsIncorporationShareIssueMember
BIvaKouCaeWvr;Waardeverminderingen van immateriële vaste activa;jenv-bw2-i_IntangibleAssetsImpairment;jenv-bw2-dm:CommercialMember;jenv-bw2-dm:ConsolidatedMember;;;;;;jenv-bw2-dm:CostsIncorporationShareIssueMember
BIvaKouCaeWvr;Waardeverminderingen van immateriële vaste activa;jenv-bw2-i_IntangibleAssetsImpairment;jenv-bw2-dm:CommercialMember;jenv-bw2-dm:SeparateMember;;;;;;jenv-bw2-dm:CostsIncorporationShareIssueMember
BIvaKouCuh*;Som der herwaarderingen die betrekking hebben op de immateriële vaste activa;jenv-bw2-i_IntangibleAssetsAccumulatedRevaluations;jenv-bw2-dm:CommercialMember;jenv-bw2-dm:ConsolidatedMember;;;;;;jenv-bw2-dm:CostsIncorporationShareIssueMember
BIvaKouCuh*;Som der herwaarderingen die betrekking hebben op de immateriële vaste activa;jenv-bw2-i_IntangibleAssetsAccumulatedRevaluations;jenv-bw2-dm:CommercialMember;jenv-bw2-dm:SeparateMember;;;;;;jenv-bw2-dm:CostsIncorporationShareIssueMember
BIvaKouVvp*;Historische kostprijs van immateriële vaste activa;rj-i_IntangibleAssetsCostPrice;jenv-bw2-dm:CommercialMember;jenv-bw2-dm:ConsolidatedMember;;;;;;jenv-bw2-dm:CostsIncorporationShareIssueMember
BIvaKouVvp*;Historische kostprijs van immateriële vaste activa;rj-i_IntangibleAssetsCostPrice;jenv-bw2-dm:CommercialMember;jenv-bw2-dm:SeparateMember;;;;;;jenv-bw2-dm:CostsIncorporationShareIssueMember
BIvaVoi*;Vooruitbetalingen op immateriële vaste activa;jenv-bw2-i_PrepaymentsIntangibleAssets;jenv-bw2-dm:CommercialMember;jenv-bw2-dm:ConsolidatedMember
BIvaVoi*;Vooruitbetalingen op immateriële vaste activa;jenv-bw2-i_PrepaymentsIntangibleAssets;jenv-bw2-dm:CommercialMember;jenv-bw2-dm:SeparateMember
BIvaVoi*;Immateriële vaste activa;jenv-bw2-i_IntangibleAssets;jenv-bw2-dm:CommercialMember;jenv-bw2-dm:ConsolidatedMember;;;;;;jenv-bw2-dm:PrepaymentsIntangibleAssetsMember
BIvaVoi*;Immateriële vaste activa;jenv-bw2-i_IntangibleAssets;jenv-bw2-dm:CommercialMember;jenv-bw2-dm:SeparateMember;;;;;;jenv-bw2-dm:PrepaymentsIntangibleAssetsMember
BIvaVoi???Ado;Bij overname verkregen immateriële vaste activa;rj-i_IntangibleAssetsAdditionsThroughAcquisitions;jenv-bw2-dm:CommercialMember;jenv-bw2-dm:ConsolidatedMember;;;;;;jenv-bw2-dm:PrepaymentsIntangibleAssetsMember
BIvaVoi???Ado;Bij overname verkregen immateriële vaste activa;rj-i_IntangibleAssetsAdditionsThroughAcquisitions;jenv-bw2-dm:CommercialMember;jenv-bw2-dm:SeparateMember;;;;;;jenv-bw2-dm:PrepaymentsIntangibleAssetsMember
BIvaVoi???Dda;Buitengebruikstellingen en afstotingen van immateriële vaste activa;rj-i_IntangibleAssetsDivestitures;jenv-bw2-dm:CommercialMember;jenv-bw2-dm:ConsolidatedMember;;;;;;jenv-bw2-dm:PrepaymentsIntangibleAssetsMember
BIvaVoi???Dda;Buitengebruikstellingen en afstotingen van immateriële vaste activa;rj-i_IntangibleAssetsDivestitures;jenv-bw2-dm:CommercialMember;jenv-bw2-dm:SeparateMember;;;;;;jenv-bw2-dm:PrepaymentsIntangibleAssetsMember
BIvaVoi???Des;Som van de boekwaarden der immateriële vaste activa waarover de rechtspersoon aan het einde van het boekjaar niet meer beschikt;jenv-bw2-i_IntangibleAssetsDisposals;jenv-bw2-dm:CommercialMember;jenv-bw2-dm:ConsolidatedMember;;;;;;jenv-bw2-dm:PrepaymentsIntangibleAssetsMember
BIvaVoi???Des;Som van de boekwaarden der immateriële vaste activa waarover de rechtspersoon aan het einde van het boekjaar niet meer beschikt;jenv-bw2-i_IntangibleAssetsDisposals;jenv-bw2-dm:CommercialMember;jenv-bw2-dm:SeparateMember;;;;;;jenv-bw2-dm:PrepaymentsIntangibleAssetsMember
BIvaVoi???Inv;Som van de waarden waartegen de in het boekjaar verkregen immateriële vaste activa zijn te boek gesteld;jenv-bw2-i_IntangibleAssetsAdditions;jenv-bw2-dm:CommercialMember;jenv-bw2-dm:ConsolidatedMember;;;;;;jenv-bw2-dm:PrepaymentsIntangibleAssetsMember
BIvaVoi???Inv;Som van de waarden waartegen de in het boekjaar verkregen immateriële vaste activa zijn te boek gesteld;jenv-bw2-i_IntangibleAssetsAdditions;jenv-bw2-dm:CommercialMember;jenv-bw2-dm:SeparateMember;;;;;;jenv-bw2-dm:PrepaymentsIntangibleAssetsMember
BIvaVoi???Omv;Omrekeningsverschillen van immateriële vaste activa;rj-i_IntangibleAssetsExchangeDifferences;jenv-bw2-dm:CommercialMember;jenv-bw2-dm:ConsolidatedMember;;;;;;jenv-bw2-dm:PrepaymentsIntangibleAssetsMember
BIvaVoi???Omv;Omrekeningsverschillen van immateriële vaste activa;rj-i_IntangibleAssetsExchangeDifferences;jenv-bw2-dm:CommercialMember;jenv-bw2-dm:SeparateMember;;;;;;jenv-bw2-dm:PrepaymentsIntangibleAssetsMember
BIvaVoi???Ovm;Overige mutaties van immateriële vaste activa;rj-i_IntangibleAssetsMovementsOther;jenv-bw2-dm:CommercialMember;jenv-bw2-dm:ConsolidatedMember;;;;;;jenv-bw2-dm:PrepaymentsIntangibleAssetsMember
BIvaVoi???Ovm;Overige mutaties van immateriële vaste activa;rj-i_IntangibleAssetsMovementsOther;jenv-bw2-dm:CommercialMember;jenv-bw2-dm:SeparateMember;;;;;;jenv-bw2-dm:PrepaymentsIntangibleAssetsMember
BIvaVoiAkp*;Actuele kostprijs van immateriële vaste activa;rj-i_IntangibleAssetsActualCostPrice;jenv-bw2-dm:CommercialMember;jenv-bw2-dm:ConsolidatedMember;;;;;;jenv-bw2-dm:PrepaymentsIntangibleAssetsMember
BIvaVoiAkp*;Actuele kostprijs van immateriële vaste activa;rj-i_IntangibleAssetsActualCostPrice;jenv-bw2-dm:CommercialMember;jenv-bw2-dm:SeparateMember;;;;;;jenv-bw2-dm:PrepaymentsIntangibleAssetsMember
BIvaVoiCaeAfs;Afschrijvingen van immateriële vaste activa;jenv-bw2-i_IntangibleAssetsAmortisation;jenv-bw2-dm:CommercialMember;jenv-bw2-dm:ConsolidatedMember;;;;;;jenv-bw2-dm:PrepaymentsIntangibleAssetsMember
BIvaVoiCaeAfs;Afschrijvingen van immateriële vaste activa;jenv-bw2-i_IntangibleAssetsAmortisation;jenv-bw2-dm:CommercialMember;jenv-bw2-dm:SeparateMember;;;;;;jenv-bw2-dm:PrepaymentsIntangibleAssetsMember
BIvaVoiCaeDca;Afschrijving op desinvesteringen van immateriële vaste activa;jenv-bw2-i_IntangibleAssetsDisposalsAmortisation;jenv-bw2-dm:CommercialMember;jenv-bw2-dm:ConsolidatedMember;;;;;;jenv-bw2-dm:PrepaymentsIntangibleAssetsMember
BIvaVoiCaeDca;Afschrijving op desinvesteringen van immateriële vaste activa;jenv-bw2-i_IntangibleAssetsDisposalsAmortisation;jenv-bw2-dm:CommercialMember;jenv-bw2-dm:SeparateMember;;;;;;jenv-bw2-dm:PrepaymentsIntangibleAssetsMember
BIvaVoiCaeTvw;Terugneming van waardeverminderingen van immateriële vaste activa;jenv-bw2-i_IntangibleAssetsImpairmentReversal;jenv-bw2-dm:CommercialMember;jenv-bw2-dm:ConsolidatedMember;;;;;;jenv-bw2-dm:PrepaymentsIntangibleAssetsMember
BIvaVoiCaeTvw;Terugneming van waardeverminderingen van immateriële vaste activa;jenv-bw2-i_IntangibleAssetsImpairmentReversal;jenv-bw2-dm:CommercialMember;jenv-bw2-dm:SeparateMember;;;;;;jenv-bw2-dm:PrepaymentsIntangibleAssetsMember
BIvaVoiCaeWvr;Waardeverminderingen van immateriële vaste activa;jenv-bw2-i_IntangibleAssetsImpairment;jenv-bw2-dm:CommercialMember;jenv-bw2-dm:ConsolidatedMember;;;;;;jenv-bw2-dm:PrepaymentsIntangibleAssetsMember
BIvaVoiCaeWvr;Waardeverminderingen van immateriële vaste activa;jenv-bw2-i_IntangibleAssetsImpairment;jenv-bw2-dm:CommercialMember;jenv-bw2-dm:SeparateMember;;;;;;jenv-bw2-dm:PrepaymentsIntangibleAssetsMember
BIvaVoiCuh*;Som der herwaarderingen die betrekking hebben op de immateriële vaste activa;jenv-bw2-i_IntangibleAssetsAccumulatedRevaluations;jenv-bw2-dm:CommercialMember;jenv-bw2-dm:ConsolidatedMember;;;;;;jenv-bw2-dm:PrepaymentsIntangibleAssetsMember
BIvaVoiCuh*;Som der herwaarderingen die betrekking hebben op de immateriële vaste activa;jenv-bw2-i_IntangibleAssetsAccumulatedRevaluations;jenv-bw2-dm:CommercialMember;jenv-bw2-dm:SeparateMember;;;;;;jenv-bw2-dm:PrepaymentsIntangibleAssetsMember
BIvaVoiVvp*;Historische kostprijs van immateriële vaste activa;rj-i_IntangibleAssetsCostPrice;jenv-bw2-dm:CommercialMember;jenv-bw2-dm:ConsolidatedMember;;;;;;jenv-bw2-dm:PrepaymentsIntangibleAssetsMember
BIvaVoiVvp*;Historische kostprijs van immateriële vaste activa;rj-i_IntangibleAssetsCostPrice;jenv-bw2-dm:CommercialMember;jenv-bw2-dm:SeparateMember;;;;;;jenv-bw2-dm:PrepaymentsIntangibleAssetsMember
BLas*;Langlopende schulden;jenv-bw2-i_LiabilitiesNoncurrent;jenv-bw2-dm:CommercialMember;jenv-bw2-dm:ConsolidatedMember
BLas*;Langlopende schulden;jenv-bw2-i_LiabilitiesNoncurrent;jenv-bw2-dm:CommercialMember;jenv-bw2-dm:ConsolidatedMember;;jenv-bw2-dm:LiabilitiesNoncurrentMember
BLas*;Langlopende schulden;jenv-bw2-i_LiabilitiesNoncurrent;jenv-bw2-dm:CommercialMember;jenv-bw2-dm:SeparateMember
BLas*;Langlopende schulden;jenv-bw2-i_LiabilitiesNoncurrent;jenv-bw2-dm:CommercialMember;jenv-bw2-dm:SeparateMember;;jenv-bw2-dm:LiabilitiesNoncurrentMember
BLas??????Avp;Overboeking naar kortlopende schulden;rj-cp-i_LiabilitiesNoncurrentTransferToLiabilitiesCurrent;jenv-bw2-dm:CommercialMember;jenv-bw2-dm:ConsolidatedMember;;jenv-bw2-dm:LiabilitiesNoncurrentMember
BLas??????Avp;Overboeking naar kortlopende schulden;rj-cp-i_LiabilitiesNoncurrentTransferToLiabilitiesCurrent;jenv-bw2-dm:CommercialMember;jenv-bw2-dm:SeparateMember;;jenv-bw2-dm:LiabilitiesNoncurrentMember
BLas??????Bet;Betalingen;rj-cp-i_LiabilitiesNoncurrentPayments;jenv-bw2-dm:CommercialMember;jenv-bw2-dm:ConsolidatedMember;;jenv-bw2-dm:LiabilitiesNoncurrentMember
BLas??????Bet;Betalingen;rj-cp-i_LiabilitiesNoncurrentPayments;jenv-bw2-dm:CommercialMember;jenv-bw2-dm:SeparateMember;;jenv-bw2-dm:LiabilitiesNoncurrentMember
BLas??????Bir;Oprenting/amortisatie van langlopende schulden;rj-i_LiabilitiesNoncurrentImpositionAmortization;jenv-bw2-dm:CommercialMember;jenv-bw2-dm:ConsolidatedMember;;jenv-bw2-dm:LiabilitiesNoncurrentMember
BLas??????Bir;Oprenting/amortisatie van langlopende schulden;rj-i_LiabilitiesNoncurrentImpositionAmortization;jenv-bw2-dm:CommercialMember;jenv-bw2-dm:SeparateMember;;jenv-bw2-dm:LiabilitiesNoncurrentMember
BLas??????Ovs;Bij overname verkregen langlopende schulden;rj-i_LiabilitiesNoncurrentDebtsAcquiredOnTakeover;jenv-bw2-dm:CommercialMember;jenv-bw2-dm:ConsolidatedMember;;jenv-bw2-dm:LiabilitiesNoncurrentMember
BLas??????Ovs;Bij overname verkregen langlopende schulden;rj-i_LiabilitiesNoncurrentDebtsAcquiredOnTakeover;jenv-bw2-dm:CommercialMember;jenv-bw2-dm:SeparateMember;;jenv-bw2-dm:LiabilitiesNoncurrentMember
BLas??????Sto;Stortingen / ontvangsten;rj-cp-i_LiabilitiesNoncurrentReceiptsDeposits;jenv-bw2-dm:CommercialMember;jenv-bw2-dm:ConsolidatedMember;;jenv-bw2-dm:LiabilitiesNoncurrentMember
BLas??????Sto;Stortingen / ontvangsten;rj-cp-i_LiabilitiesNoncurrentReceiptsDeposits;jenv-bw2-dm:CommercialMember;jenv-bw2-dm:SeparateMember;;jenv-bw2-dm:LiabilitiesNoncurrentMember
BLasAcl*;Langlopende achtergestelde schulden;rj-cp-i_SubordinatedLiabilitiesNoncurrent;jenv-bw2-dm:CommercialMember;jenv-bw2-dm:ConsolidatedMember
BLasAcl*;Langlopende achtergestelde schulden;rj-cp-i_SubordinatedLiabilitiesNoncurrent;jenv-bw2-dm:CommercialMember;jenv-bw2-dm:SeparateMember
BLasBep*;Langlopende schulden ter zake van belastingen en premies van sociale verzekeringen;jenv-bw2-i_TaxesSocialSecurityContributionsPayableNoncurrent;jenv-bw2-dm:CommercialMember;jenv-bw2-dm:ConsolidatedMember
BLasBep*;Langlopende schulden;jenv-bw2-i_LiabilitiesNoncurrent;jenv-bw2-dm:CommercialMember;jenv-bw2-dm:ConsolidatedMember;;jenv-bw2-dm:TaxesSocialSecurityContributionsPayableNoncurrentMember
BLasBep*;Langlopende schulden ter zake van belastingen en premies van sociale verzekeringen;jenv-bw2-i_TaxesSocialSecurityContributionsPayableNoncurrent;jenv-bw2-dm:CommercialMember;jenv-bw2-dm:SeparateMember
BLasBep*;Langlopende schulden;jenv-bw2-i_LiabilitiesNoncurrent;jenv-bw2-dm:CommercialMember;jenv-bw2-dm:SeparateMember;;jenv-bw2-dm:TaxesSocialSecurityContributionsPayableNoncurrentMember
BLasBepBecAfl;Aflossingen van langlopende schulden;rj-i_LiabilitiesNoncurrentRepayments;jenv-bw2-dm:CommercialMember;jenv-bw2-dm:ConsolidatedMember;;jenv-bw2-dm:TaxesSocialSecurityContributionsPayableNoncurrentMember
BLasBepBecAfl;Aflossingen van langlopende schulden;rj-i_LiabilitiesNoncurrentRepayments;jenv-bw2-dm:CommercialMember;jenv-bw2-dm:SeparateMember;;jenv-bw2-dm:TaxesSocialSecurityContributionsPayableNoncurrentMember
BLasBepBecAvp;Overboeking naar kortlopende schulden;rj-cp-i_LiabilitiesNoncurrentTransferToLiabilitiesCurrent;jenv-bw2-dm:CommercialMember;jenv-bw2-dm:ConsolidatedMember;;jenv-bw2-dm:TaxesSocialSecurityContributionsPayableNoncurrentMember
BLasBepBecAvp;Overboeking naar kortlopende schulden;rj-cp-i_LiabilitiesNoncurrentTransferToLiabilitiesCurrent;jenv-bw2-dm:CommercialMember;jenv-bw2-dm:SeparateMember;;jenv-bw2-dm:TaxesSocialSecurityContributionsPayableNoncurrentMember
BLasBepBepBir;Oprenting/amortisatie van langlopende schulden;rj-i_LiabilitiesNoncurrentImpositionAmortization;jenv-bw2-dm:CommercialMember;jenv-bw2-dm:ConsolidatedMember;;jenv-bw2-dm:TaxesSocialSecurityContributionsPayableNoncurrentMember
BLasBepBepBir;Oprenting/amortisatie van langlopende schulden;rj-i_LiabilitiesNoncurrentImpositionAmortization;jenv-bw2-dm:CommercialMember;jenv-bw2-dm:SeparateMember;;jenv-bw2-dm:TaxesSocialSecurityContributionsPayableNoncurrentMember
BLasBepBepOwv;Overige waardeveranderingen van langlopende schulden;rj-i_LiabilitiesNoncurrentMovementOther;jenv-bw2-dm:CommercialMember;jenv-bw2-dm:ConsolidatedMember;;jenv-bw2-dm:TaxesSocialSecurityContributionsPayableNoncurrentMember
BLasBepBepOwv;Overige waardeveranderingen van langlopende schulden;rj-i_LiabilitiesNoncurrentMovementOther;jenv-bw2-dm:CommercialMember;jenv-bw2-dm:SeparateMember;;jenv-bw2-dm:TaxesSocialSecurityContributionsPayableNoncurrentMember
BLasBepBepToe;Nieuwe financiering van langlopende schulden;rj-i_LiabilitiesNoncurrentNewFinancing;jenv-bw2-dm:CommercialMember;jenv-bw2-dm:ConsolidatedMember;;jenv-bw2-dm:TaxesSocialSecurityContributionsPayableNoncurrentMember
BLasBepBepToe;Nieuwe financiering van langlopende schulden;rj-i_LiabilitiesNoncurrentNewFinancing;jenv-bw2-dm:CommercialMember;jenv-bw2-dm:SeparateMember;;jenv-bw2-dm:TaxesSocialSecurityContributionsPayableNoncurrentMember
BLasCol*;Langlopende converteerbare leningen;jenv-bw2-i_ConvertibleBorrowingsNoncurrent;jenv-bw2-dm:CommercialMember;jenv-bw2-dm:ConsolidatedMember
BLasCol*;Langlopende schulden;jenv-bw2-i_LiabilitiesNoncurrent;jenv-bw2-dm:CommercialMember;jenv-bw2-dm:ConsolidatedMember;;jenv-bw2-dm:ConvertibleBorrowingsNoncurrentMember
BLasCol*;Langlopende converteerbare leningen;jenv-bw2-i_ConvertibleBorrowingsNoncurrent;jenv-bw2-dm:CommercialMember;jenv-bw2-dm:SeparateMember
BLasCol*;Langlopende schulden;jenv-bw2-i_LiabilitiesNoncurrent;jenv-bw2-dm:CommercialMember;jenv-bw2-dm:SeparateMember;;jenv-bw2-dm:ConvertibleBorrowingsNoncurrentMember
BLasColClaAfl;Aflossingen van langlopende schulden;rj-i_LiabilitiesNoncurrentRepayments;jenv-bw2-dm:CommercialMember;jenv-bw2-dm:ConsolidatedMember;;jenv-bw2-dm:ConvertibleBorrowingsNoncurrentMember
BLasColClaAfl;Aflossingen van langlopende schulden;rj-i_LiabilitiesNoncurrentRepayments;jenv-bw2-dm:CommercialMember;jenv-bw2-dm:SeparateMember;;jenv-bw2-dm:ConvertibleBorrowingsNoncurrentMember
BLasColClaAvp;Overboeking naar kortlopende schulden;rj-cp-i_LiabilitiesNoncurrentTransferToLiabilitiesCurrent;jenv-bw2-dm:CommercialMember;jenv-bw2-dm:ConsolidatedMember;;jenv-bw2-dm:ConvertibleBorrowingsNoncurrentMember
BLasColClaAvp;Overboeking naar kortlopende schulden;rj-cp-i_LiabilitiesNoncurrentTransferToLiabilitiesCurrent;jenv-bw2-dm:CommercialMember;jenv-bw2-dm:SeparateMember;;jenv-bw2-dm:ConvertibleBorrowingsNoncurrentMember
BLasColCllAvs;Bij afstoting vervreemde langlopende schulden;rj-i_LiabilitiesNoncurrentDebtsDisposedOnDisposal;jenv-bw2-dm:CommercialMember;jenv-bw2-dm:ConsolidatedMember;;jenv-bw2-dm:ConvertibleBorrowingsNoncurrentMember
BLasColCllAvs;Bij afstoting vervreemde langlopende schulden;rj-i_LiabilitiesNoncurrentDebtsDisposedOnDisposal;jenv-bw2-dm:CommercialMember;jenv-bw2-dm:SeparateMember;;jenv-bw2-dm:ConvertibleBorrowingsNoncurrentMember
BLasColCllBir;Oprenting/amortisatie van langlopende schulden;rj-i_LiabilitiesNoncurrentImpositionAmortization;jenv-bw2-dm:CommercialMember;jenv-bw2-dm:ConsolidatedMember;;jenv-bw2-dm:ConvertibleBorrowingsNoncurrentMember
BLasColCllBir;Oprenting/amortisatie van langlopende schulden;rj-i_LiabilitiesNoncurrentImpositionAmortization;jenv-bw2-dm:CommercialMember;jenv-bw2-dm:SeparateMember;;jenv-bw2-dm:ConvertibleBorrowingsNoncurrentMember
BLasColCllOmv;Verschillen uit omrekening vreemde valuta van langlopende schulden;rj-i_LiabilitiesNoncurrentExchangeRateChanges;jenv-bw2-dm:CommercialMember;jenv-bw2-dm:ConsolidatedMember;;jenv-bw2-dm:ConvertibleBorrowingsNoncurrentMember
BLasColCllOmv;Verschillen uit omrekening vreemde valuta van langlopende schulden;rj-i_LiabilitiesNoncurrentExchangeRateChanges;jenv-bw2-dm:CommercialMember;jenv-bw2-dm:SeparateMember;;jenv-bw2-dm:ConvertibleBorrowingsNoncurrentMember
BLasColCllOvs;Bij overname verkregen langlopende schulden;rj-i_LiabilitiesNoncurrentDebtsAcquiredOnTakeover;jenv-bw2-dm:CommercialMember;jenv-bw2-dm:ConsolidatedMember;;jenv-bw2-dm:ConvertibleBorrowingsNoncurrentMember
BLasColCllOvs;Bij overname verkregen langlopende schulden;rj-i_LiabilitiesNoncurrentDebtsAcquiredOnTakeover;jenv-bw2-dm:CommercialMember;jenv-bw2-dm:SeparateMember;;jenv-bw2-dm:ConvertibleBorrowingsNoncurrentMember
BLasColCllToe;Nieuwe financiering van langlopende schulden;rj-i_LiabilitiesNoncurrentNewFinancing;jenv-bw2-dm:CommercialMember;jenv-bw2-dm:ConsolidatedMember;;jenv-bw2-dm:ConvertibleBorrowingsNoncurrentMember
BLasColCllToe;Nieuwe financiering van langlopende schulden;rj-i_LiabilitiesNoncurrentNewFinancing;jenv-bw2-dm:CommercialMember;jenv-bw2-dm:SeparateMember;;jenv-bw2-dm:ConvertibleBorrowingsNoncurrentMember
BLasFlv*;Langlopende financiële leaseverplichtingen;rj-i_FinanceLeaseLiabilitiesNoncurrent;jenv-bw2-dm:CommercialMember;jenv-bw2-dm:ConsolidatedMember
BLasFlv*;Langlopende schulden;jenv-bw2-i_LiabilitiesNoncurrent;jenv-bw2-dm:CommercialMember;jenv-bw2-dm:ConsolidatedMember;;rj-dm:FinanceLeaseLiabilitiesMember
BLasFlv*;Langlopende financiële leaseverplichtingen;rj-i_FinanceLeaseLiabilitiesNoncurrent;jenv-bw2-dm:CommercialMember;jenv-bw2-dm:SeparateMember
BLasFlv*;Langlopende schulden;jenv-bw2-i_LiabilitiesNoncurrent;jenv-bw2-dm:CommercialMember;jenv-bw2-dm:SeparateMember;;rj-dm:FinanceLeaseLiabilitiesMember
BLasFlvClaAfl;Aflossingen van langlopende schulden;rj-i_LiabilitiesNoncurrentRepayments;jenv-bw2-dm:CommercialMember;jenv-bw2-dm:ConsolidatedMember;;rj-dm:FinanceLeaseLiabilitiesMember
BLasFlvClaAfl;Aflossingen van langlopende schulden;rj-i_LiabilitiesNoncurrentRepayments;jenv-bw2-dm:CommercialMember;jenv-bw2-dm:SeparateMember;;rj-dm:FinanceLeaseLiabilitiesMember
BLasFlvClaAvp;Overboeking naar kortlopende schulden;rj-cp-i_LiabilitiesNoncurrentTransferToLiabilitiesCurrent;jenv-bw2-dm:CommercialMember;jenv-bw2-dm:ConsolidatedMember;;rj-dm:FinanceLeaseLiabilitiesMember
BLasFlvClaAvp;Overboeking naar kortlopende schulden;rj-cp-i_LiabilitiesNoncurrentTransferToLiabilitiesCurrent;jenv-bw2-dm:CommercialMember;jenv-bw2-dm:SeparateMember;;rj-dm:FinanceLeaseLiabilitiesMember
BLasFlvFlvAvs;Bij afstoting vervreemde langlopende schulden;rj-i_LiabilitiesNoncurrentDebtsDisposedOnDisposal;jenv-bw2-dm:CommercialMember;jenv-bw2-dm:ConsolidatedMember;;rj-dm:FinanceLeaseLiabilitiesMember
BLasFlvFlvAvs;Bij afstoting vervreemde langlopende schulden;rj-i_LiabilitiesNoncurrentDebtsDisposedOnDisposal;jenv-bw2-dm:CommercialMember;jenv-bw2-dm:SeparateMember;;rj-dm:FinanceLeaseLiabilitiesMember
BLasFlvFlvBir;Oprenting/amortisatie van langlopende schulden;rj-i_LiabilitiesNoncurrentImpositionAmortization;jenv-bw2-dm:CommercialMember;jenv-bw2-dm:ConsolidatedMember;;rj-dm:FinanceLeaseLiabilitiesMember
BLasFlvFlvBir;Oprenting/amortisatie van langlopende schulden;rj-i_LiabilitiesNoncurrentImpositionAmortization;jenv-bw2-dm:CommercialMember;jenv-bw2-dm:SeparateMember;;rj-dm:FinanceLeaseLiabilitiesMember
BLasFlvFlvOmv;Verschillen uit omrekening vreemde valuta van langlopende schulden;rj-i_LiabilitiesNoncurrentExchangeRateChanges;jenv-bw2-dm:CommercialMember;jenv-bw2-dm:ConsolidatedMember;;rj-dm:FinanceLeaseLiabilitiesMember
BLasFlvFlvOmv;Verschillen uit omrekening vreemde valuta van langlopende schulden;rj-i_LiabilitiesNoncurrentExchangeRateChanges;jenv-bw2-dm:CommercialMember;jenv-bw2-dm:SeparateMember;;rj-dm:FinanceLeaseLiabilitiesMember
BLasFlvFlvOvs;Bij overname verkregen langlopende schulden;rj-i_LiabilitiesNoncurrentDebtsAcquiredOnTakeover;jenv-bw2-dm:CommercialMember;jenv-bw2-dm:ConsolidatedMember;;rj-dm:FinanceLeaseLiabilitiesMember
BLasFlvFlvOvs;Bij overname verkregen langlopende schulden;rj-i_LiabilitiesNoncurrentDebtsAcquiredOnTakeover;jenv-bw2-dm:CommercialMember;jenv-bw2-dm:SeparateMember;;rj-dm:FinanceLeaseLiabilitiesMember
BLasFlvFlvToe;Nieuwe financiering van langlopende schulden;rj-i_LiabilitiesNoncurrentNewFinancing;jenv-bw2-dm:CommercialMember;jenv-bw2-dm:ConsolidatedMember;;rj-dm:FinanceLeaseLiabilitiesMember
BLasFlvFlvToe;Nieuwe financiering van langlopende schulden;rj-i_LiabilitiesNoncurrentNewFinancing;jenv-bw2-dm:CommercialMember;jenv-bw2-dm:SeparateMember;;rj-dm:FinanceLeaseLiabilitiesMember
BLasNeg*;Negatieve goodwill;rj-i_NegativeGoodwill;jenv-bw2-dm:CommercialMember;jenv-bw2-dm:ConsolidatedMember
BLasNeg*;Langlopende schulden;jenv-bw2-i_LiabilitiesNoncurrent;jenv-bw2-dm:CommercialMember;jenv-bw2-dm:ConsolidatedMember;;rj-dm:NegativeGoodwillMember
BLasNeg*;Negatieve goodwill;rj-i_NegativeGoodwill;jenv-bw2-dm:CommercialMember;jenv-bw2-dm:ConsolidatedMember;;;rj-dm:NegativeGoodwillMember
BLasNeg*;Negatieve goodwill;rj-i_NegativeGoodwill;jenv-bw2-dm:CommercialMember;jenv-bw2-dm:SeparateMember
BLasNeg*;Langlopende schulden;jenv-bw2-i_LiabilitiesNoncurrent;jenv-bw2-dm:CommercialMember;jenv-bw2-dm:SeparateMember;;rj-dm:NegativeGoodwillMember
BLasNeg*;Negatieve goodwill;rj-i_NegativeGoodwill;jenv-bw2-dm:CommercialMember;jenv-bw2-dm:SeparateMember;;;rj-dm:NegativeGoodwillMember
BLasNegBrw*;Bruto waarde van negatieve goodwill;rj-i_NegativeGoodwillGross;jenv-bw2-dm:CommercialMember;jenv-bw2-dm:ConsolidatedMember;;;rj-dm:NegativeGoodwillMember
BLasNegBrw*;Bruto waarde van negatieve goodwill;rj-i_NegativeGoodwillGross;jenv-bw2-dm:CommercialMember;jenv-bw2-dm:SeparateMember;;;rj-dm:NegativeGoodwillMember
BLasNegBrwAag;Aanpassingen van de negatieve goodwill als gevolg van later geïdentificeerde activa en passiva en veranderingen in de waarde ervan;rj-i_NegativeGoodwillAdjustmentsLaterIdentifiedAssetsLiabilities;jenv-bw2-dm:CommercialMember;jenv-bw2-dm:ConsolidatedMember;;;rj-dm:NegativeGoodwillMember
BLasNegBrwAag;Aanpassingen van de negatieve goodwill als gevolg van later geïdentificeerde activa en passiva en veranderingen in de waarde ervan;rj-i_NegativeGoodwillAdjustmentsLaterIdentifiedAssetsLiabilities;jenv-bw2-dm:CommercialMember;jenv-bw2-dm:SeparateMember;;;rj-dm:NegativeGoodwillMember
BLasNegBrwAao;Nieuwe financiering van langlopende schulden;rj-i_LiabilitiesNoncurrentNewFinancing;jenv-bw2-dm:CommercialMember;jenv-bw2-dm:ConsolidatedMember;;rj-dm:NegativeGoodwillMember
BLasNegBrwAao;Aanvullend opgenomen negatieve goodwill;rj-i_NegativeGoodwillAdditions;jenv-bw2-dm:CommercialMember;jenv-bw2-dm:ConsolidatedMember;;;rj-dm:NegativeGoodwillMember
BLasNegBrwAao;Nieuwe financiering van langlopende schulden;rj-i_LiabilitiesNoncurrentNewFinancing;jenv-bw2-dm:CommercialMember;jenv-bw2-dm:SeparateMember;;rj-dm:NegativeGoodwillMember
BLasNegBrwAao;Aanvullend opgenomen negatieve goodwill;rj-i_NegativeGoodwillAdditions;jenv-bw2-dm:CommercialMember;jenv-bw2-dm:SeparateMember;;;rj-dm:NegativeGoodwillMember
BLasNegBrwAga;Bij afstoting vervreemde langlopende schulden;rj-i_LiabilitiesNoncurrentDebtsDisposedOnDisposal;jenv-bw2-dm:CommercialMember;jenv-bw2-dm:ConsolidatedMember;;rj-dm:NegativeGoodwillMember
BLasNegBrwAga;Afboeking van negatieve goodwill als gevolg van afstotingen;rj-i_NegativeGoodwillWriteOffDueToDisposals;jenv-bw2-dm:CommercialMember;jenv-bw2-dm:ConsolidatedMember;;;rj-dm:NegativeGoodwillMember
BLasNegBrwAga;Bij afstoting vervreemde langlopende schulden;rj-i_LiabilitiesNoncurrentDebtsDisposedOnDisposal;jenv-bw2-dm:CommercialMember;jenv-bw2-dm:SeparateMember;;rj-dm:NegativeGoodwillMember
BLasNegBrwAga;Afboeking van negatieve goodwill als gevolg van afstotingen;rj-i_NegativeGoodwillWriteOffDueToDisposals;jenv-bw2-dm:CommercialMember;jenv-bw2-dm:SeparateMember;;;rj-dm:NegativeGoodwillMember
BLasNegBrwOvm;Overige wijzigingen in de boekwaarde van negatieve goodwill;rj-i_NegativeGoodwillMovementsOther;jenv-bw2-dm:CommercialMember;jenv-bw2-dm:ConsolidatedMember;;;rj-dm:NegativeGoodwillMember
BLasNegBrwOvm;Overige wijzigingen in de boekwaarde van negatieve goodwill;rj-i_NegativeGoodwillMovementsOther;jenv-bw2-dm:CommercialMember;jenv-bw2-dm:SeparateMember;;;rj-dm:NegativeGoodwillMember
BLasNegCbd*;Cumulatieve bedrag van negatieve goodwill die ten gunste van de winst-en-verliesrekening is gebracht;rj-i_NegativeGoodwillAccumulatedAmortisation;jenv-bw2-dm:CommercialMember;jenv-bw2-dm:ConsolidatedMember;;;rj-dm:NegativeGoodwillMember
BLasNegCbd*;Cumulatieve bedrag van negatieve goodwill die ten gunste van de winst-en-verliesrekening is gebracht;rj-i_NegativeGoodwillAccumulatedAmortisation;jenv-bw2-dm:CommercialMember;jenv-bw2-dm:SeparateMember;;;rj-dm:NegativeGoodwillMember
BLasNegCbdTgv;Ten gunste van de winst-en-verliesrekening gebrachte vrijgevallen negatieve goodwill dat betrekking heeft op verwachte toekomstige verliezen en lasten;rj-i_NegativeGoodwillReleaseIncomeStatement;jenv-bw2-dm:CommercialMember;jenv-bw2-dm:ConsolidatedMember;;;rj-dm:NegativeGoodwillMember
BLasNegCbdTgv;Ten gunste van de winst-en-verliesrekening gebrachte vrijgevallen negatieve goodwill dat betrekking heeft op verwachte toekomstige verliezen en lasten;rj-i_NegativeGoodwillReleaseIncomeStatement;jenv-bw2-dm:CommercialMember;jenv-bw2-dm:SeparateMember;;;rj-dm:NegativeGoodwillMember
BLasNegCbdVtg;Ten gunste van de winst-en-verliesrekening gebrachte vrijgevallen negatieve goodwill dat geen betrekking heeft op verwachte toekomstige verliezen en lasten;rj-i_NegativeGoodwillReleaseIncomeStatementNotFutureRelated;jenv-bw2-dm:CommercialMember;jenv-bw2-dm:ConsolidatedMember;;;rj-dm:NegativeGoodwillMember
BLasNegCbdVtg;Ten gunste van de winst-en-verliesrekening gebrachte vrijgevallen negatieve goodwill dat geen betrekking heeft op verwachte toekomstige verliezen en lasten;rj-i_NegativeGoodwillReleaseIncomeStatementNotFutureRelated;jenv-bw2-dm:CommercialMember;jenv-bw2-dm:SeparateMember;;;rj-dm:NegativeGoodwillMember
BLasOdv*;Oudedagsverplichting;rj-i_OldAgeObligation;jenv-bw2-dm:CommercialMember;jenv-bw2-dm:ConsolidatedMember
BLasOdv*;Langlopende schulden;jenv-bw2-i_LiabilitiesNoncurrent;jenv-bw2-dm:CommercialMember;jenv-bw2-dm:ConsolidatedMember;;rj-dm:OldAgeObligationMember
BLasOdv*;Oudedagsverplichting;rj-i_OldAgeObligation;jenv-bw2-dm:CommercialMember;jenv-bw2-dm:SeparateMember
BLasOdv*;Langlopende schulden;jenv-bw2-i_LiabilitiesNoncurrent;jenv-bw2-dm:CommercialMember;jenv-bw2-dm:SeparateMember;;rj-dm:OldAgeObligationMember
BLasOdvOdvAvs;Aflossingen van langlopende schulden;rj-i_LiabilitiesNoncurrentRepayments;jenv-bw2-dm:CommercialMember;jenv-bw2-dm:ConsolidatedMember;;rj-dm:OldAgeObligationMember
BLasOdvOdvAvs;Aflossingen van langlopende schulden;rj-i_LiabilitiesNoncurrentRepayments;jenv-bw2-dm:CommercialMember;jenv-bw2-dm:SeparateMember;;rj-dm:OldAgeObligationMember
BLasOdvOdvBet;Betalingen;rj-cp-i_LiabilitiesNoncurrentPayments;jenv-bw2-dm:CommercialMember;jenv-bw2-dm:ConsolidatedMember;;rj-dm:OldAgeObligationMember
BLasOdvOdvBet;Betalingen;rj-cp-i_LiabilitiesNoncurrentPayments;jenv-bw2-dm:CommercialMember;jenv-bw2-dm:SeparateMember;;rj-dm:OldAgeObligationMember
BLasOdvOdvBir;Oprenting/amortisatie van langlopende schulden;rj-i_LiabilitiesNoncurrentImpositionAmortization;jenv-bw2-dm:CommercialMember;jenv-bw2-dm:ConsolidatedMember;;rj-dm:OldAgeObligationMember
BLasOdvOdvBir;Oprenting/amortisatie van langlopende schulden;rj-i_LiabilitiesNoncurrentImpositionAmortization;jenv-bw2-dm:CommercialMember;jenv-bw2-dm:SeparateMember;;rj-dm:OldAgeObligationMember
BLasOdvOdvOvm;Overige waardeveranderingen van langlopende schulden;rj-i_LiabilitiesNoncurrentMovementOther;jenv-bw2-dm:CommercialMember;jenv-bw2-dm:ConsolidatedMember;;rj-dm:OldAgeObligationMember
BLasOdvOdvOvm;Overige waardeveranderingen van langlopende schulden;rj-i_LiabilitiesNoncurrentMovementOther;jenv-bw2-dm:CommercialMember;jenv-bw2-dm:SeparateMember;;rj-dm:OldAgeObligationMember
BLasOdvOdvSto;Stortingen / ontvangsten;rj-cp-i_LiabilitiesNoncurrentReceiptsDeposits;jenv-bw2-dm:CommercialMember;jenv-bw2-dm:ConsolidatedMember;;rj-dm:OldAgeObligationMember
BLasOdvOdvSto;Stortingen / ontvangsten;rj-cp-i_LiabilitiesNoncurrentReceiptsDeposits;jenv-bw2-dm:CommercialMember;jenv-bw2-dm:SeparateMember;;rj-dm:OldAgeObligationMember
BLasOdvOdvToe;Nieuwe financiering van langlopende schulden;rj-i_LiabilitiesNoncurrentNewFinancing;jenv-bw2-dm:CommercialMember;jenv-bw2-dm:ConsolidatedMember;;rj-dm:OldAgeObligationMember
BLasOdvOdvToe;Nieuwe financiering van langlopende schulden;rj-i_LiabilitiesNoncurrentNewFinancing;jenv-bw2-dm:CommercialMember;jenv-bw2-dm:SeparateMember;;rj-dm:OldAgeObligationMember
BLasOvp*;Langlopende overlopende passiva;jenv-bw2-i_AccrualsAndDeferredIncomeNoncurrent;jenv-bw2-dm:CommercialMember;jenv-bw2-dm:ConsolidatedMember
BLasOvp*;Langlopende schulden;jenv-bw2-i_LiabilitiesNoncurrent;jenv-bw2-dm:CommercialMember;jenv-bw2-dm:ConsolidatedMember;;jenv-bw2-dm:AccrualsAndDeferredIncomeMember
BLasOvp*;Langlopende overlopende passiva;jenv-bw2-i_AccrualsAndDeferredIncomeNoncurrent;jenv-bw2-dm:CommercialMember;jenv-bw2-dm:SeparateMember
BLasOvp*;Langlopende schulden;jenv-bw2-i_LiabilitiesNoncurrent;jenv-bw2-dm:CommercialMember;jenv-bw2-dm:SeparateMember;;jenv-bw2-dm:AccrualsAndDeferredIncomeMember
BLasOvpOvaAfl;Aflossingen van langlopende schulden;rj-i_LiabilitiesNoncurrentRepayments;jenv-bw2-dm:CommercialMember;jenv-bw2-dm:ConsolidatedMember;;jenv-bw2-dm:AccrualsAndDeferredIncomeMember
BLasOvpOvaAfl;Aflossingen van langlopende schulden;rj-i_LiabilitiesNoncurrentRepayments;jenv-bw2-dm:CommercialMember;jenv-bw2-dm:SeparateMember;;jenv-bw2-dm:AccrualsAndDeferredIncomeMember
BLasOvpOvaAvp;Overboeking naar kortlopende schulden;rj-cp-i_LiabilitiesNoncurrentTransferToLiabilitiesCurrent;jenv-bw2-dm:CommercialMember;jenv-bw2-dm:ConsolidatedMember;;jenv-bw2-dm:AccrualsAndDeferredIncomeMember
BLasOvpOvaAvp;Overboeking naar kortlopende schulden;rj-cp-i_LiabilitiesNoncurrentTransferToLiabilitiesCurrent;jenv-bw2-dm:CommercialMember;jenv-bw2-dm:SeparateMember;;jenv-bw2-dm:AccrualsAndDeferredIncomeMember
BLasOvpOvpBet;Betalingen;rj-cp-i_LiabilitiesNoncurrentPayments;jenv-bw2-dm:CommercialMember;jenv-bw2-dm:ConsolidatedMember;;jenv-bw2-dm:AccrualsAndDeferredIncomeMember
BLasOvpOvpBet;Betalingen;rj-cp-i_LiabilitiesNoncurrentPayments;jenv-bw2-dm:CommercialMember;jenv-bw2-dm:SeparateMember;;jenv-bw2-dm:AccrualsAndDeferredIncomeMember
BLasOvpOvpOvm;Overige waardeveranderingen van langlopende schulden;rj-i_LiabilitiesNoncurrentMovementOther;jenv-bw2-dm:CommercialMember;jenv-bw2-dm:ConsolidatedMember;;jenv-bw2-dm:AccrualsAndDeferredIncomeMember
BLasOvpOvpOvm;Overige waardeveranderingen van langlopende schulden;rj-i_LiabilitiesNoncurrentMovementOther;jenv-bw2-dm:CommercialMember;jenv-bw2-dm:SeparateMember;;jenv-bw2-dm:AccrualsAndDeferredIncomeMember
BLasOvpOvpSto;Stortingen / ontvangsten;rj-cp-i_LiabilitiesNoncurrentReceiptsDeposits;jenv-bw2-dm:CommercialMember;jenv-bw2-dm:ConsolidatedMember;;jenv-bw2-dm:AccrualsAndDeferredIncomeMember
BLasOvpOvpSto;Stortingen / ontvangsten;rj-cp-i_LiabilitiesNoncurrentReceiptsDeposits;jenv-bw2-dm:CommercialMember;jenv-bw2-dm:SeparateMember;;jenv-bw2-dm:AccrualsAndDeferredIncomeMember
BLasOvpOvpToe;Nieuwe financiering van langlopende schulden;rj-i_LiabilitiesNoncurrentNewFinancing;jenv-bw2-dm:CommercialMember;jenv-bw2-dm:ConsolidatedMember;;jenv-bw2-dm:AccrualsAndDeferredIncomeMember
BLasOvpOvpToe;Nieuwe financiering van langlopende schulden;rj-i_LiabilitiesNoncurrentNewFinancing;jenv-bw2-dm:CommercialMember;jenv-bw2-dm:SeparateMember;;jenv-bw2-dm:AccrualsAndDeferredIncomeMember
BLasSag*;Langlopende schulden aan groepsmaatschappijen;jenv-bw2-i_PayablesGroupCompaniesNoncurrent;jenv-bw2-dm:CommercialMember;jenv-bw2-dm:ConsolidatedMember
BLasSag*;Langlopende schulden;jenv-bw2-i_LiabilitiesNoncurrent;jenv-bw2-dm:CommercialMember;jenv-bw2-dm:ConsolidatedMember;;jenv-bw2-dm:PayablesGroupCompaniesNoncurrentMember
BLasSag*;Langlopende schulden aan groepsmaatschappijen;jenv-bw2-i_PayablesGroupCompaniesNoncurrent;jenv-bw2-dm:CommercialMember;jenv-bw2-dm:SeparateMember
BLasSag*;Langlopende schulden;jenv-bw2-i_LiabilitiesNoncurrent;jenv-bw2-dm:CommercialMember;jenv-bw2-dm:SeparateMember;;jenv-bw2-dm:PayablesGroupCompaniesNoncurrentMember
BLasSagAflAvp;Overboeking naar kortlopende schulden;rj-cp-i_LiabilitiesNoncurrentTransferToLiabilitiesCurrent;jenv-bw2-dm:CommercialMember;jenv-bw2-dm:ConsolidatedMember;;jenv-bw2-dm:PayablesGroupCompaniesNoncurrentMember
BLasSagAflAvp;Overboeking naar kortlopende schulden;rj-cp-i_LiabilitiesNoncurrentTransferToLiabilitiesCurrent;jenv-bw2-dm:CommercialMember;jenv-bw2-dm:SeparateMember;;jenv-bw2-dm:PayablesGroupCompaniesNoncurrentMember
BLasSagHooAao;Nieuwe financiering van langlopende schulden;rj-i_LiabilitiesNoncurrentNewFinancing;jenv-bw2-dm:CommercialMember;jenv-bw2-dm:ConsolidatedMember;;jenv-bw2-dm:PayablesGroupCompaniesNoncurrentMember
BLasSagHooAao;Nieuwe financiering van langlopende schulden;rj-i_LiabilitiesNoncurrentNewFinancing;jenv-bw2-dm:CommercialMember;jenv-bw2-dm:SeparateMember;;jenv-bw2-dm:PayablesGroupCompaniesNoncurrentMember
BLasSagHooBet;Betalingen;rj-cp-i_LiabilitiesNoncurrentPayments;jenv-bw2-dm:CommercialMember;jenv-bw2-dm:ConsolidatedMember;;jenv-bw2-dm:PayablesGroupCompaniesNoncurrentMember
BLasSagHooBet;Betalingen;rj-cp-i_LiabilitiesNoncurrentPayments;jenv-bw2-dm:CommercialMember;jenv-bw2-dm:SeparateMember;;jenv-bw2-dm:PayablesGroupCompaniesNoncurrentMember
BLasSagHooBir;Oprenting/amortisatie van langlopende schulden;rj-i_LiabilitiesNoncurrentImpositionAmortization;jenv-bw2-dm:CommercialMember;jenv-bw2-dm:ConsolidatedMember;;jenv-bw2-dm:PayablesGroupCompaniesNoncurrentMember
BLasSagHooBir;Oprenting/amortisatie van langlopende schulden;rj-i_LiabilitiesNoncurrentImpositionAmortization;jenv-bw2-dm:CommercialMember;jenv-bw2-dm:SeparateMember;;jenv-bw2-dm:PayablesGroupCompaniesNoncurrentMember
BLasSagHooOmr;Verschillen uit omrekening vreemde valuta van langlopende schulden;rj-i_LiabilitiesNoncurrentExchangeRateChanges;jenv-bw2-dm:CommercialMember;jenv-bw2-dm:ConsolidatedMember;;jenv-bw2-dm:PayablesGroupCompaniesNoncurrentMember
BLasSagHooOmr;Verschillen uit omrekening vreemde valuta van langlopende schulden;rj-i_LiabilitiesNoncurrentExchangeRateChanges;jenv-bw2-dm:CommercialMember;jenv-bw2-dm:SeparateMember;;jenv-bw2-dm:PayablesGroupCompaniesNoncurrentMember
BLasSagHooOvm;Overige waardeveranderingen van langlopende schulden;rj-i_LiabilitiesNoncurrentMovementOther;jenv-bw2-dm:CommercialMember;jenv-bw2-dm:ConsolidatedMember;;jenv-bw2-dm:PayablesGroupCompaniesNoncurrentMember
BLasSagHooOvm;Overige waardeveranderingen van langlopende schulden;rj-i_LiabilitiesNoncurrentMovementOther;jenv-bw2-dm:CommercialMember;jenv-bw2-dm:SeparateMember;;jenv-bw2-dm:PayablesGroupCompaniesNoncurrentMember
BLasSagHooSto;Stortingen / ontvangsten;rj-cp-i_LiabilitiesNoncurrentReceiptsDeposits;jenv-bw2-dm:CommercialMember;jenv-bw2-dm:ConsolidatedMember;;jenv-bw2-dm:PayablesGroupCompaniesNoncurrentMember
BLasSagHooSto;Stortingen / ontvangsten;rj-cp-i_LiabilitiesNoncurrentReceiptsDeposits;jenv-bw2-dm:CommercialMember;jenv-bw2-dm:SeparateMember;;jenv-bw2-dm:PayablesGroupCompaniesNoncurrentMember
BLasSak*;Langlopende schulden aan banken;jenv-bw2-i_PayablesBanksNoncurrent;jenv-bw2-dm:CommercialMember;jenv-bw2-dm:ConsolidatedMember
BLasSak*;Langlopende schulden;jenv-bw2-i_LiabilitiesNoncurrent;jenv-bw2-dm:CommercialMember;jenv-bw2-dm:ConsolidatedMember;;jenv-bw2-dm:PayablesCreditInstitutionsNoncurrentMember
BLasSak*;Langlopende schulden aan banken;jenv-bw2-i_PayablesBanksNoncurrent;jenv-bw2-dm:CommercialMember;jenv-bw2-dm:SeparateMember
BLasSak*;Langlopende schulden;jenv-bw2-i_LiabilitiesNoncurrent;jenv-bw2-dm:CommercialMember;jenv-bw2-dm:SeparateMember;;jenv-bw2-dm:PayablesCreditInstitutionsNoncurrentMember
BLasSak???Avp;Overboeking naar kortlopende schulden;rj-cp-i_LiabilitiesNoncurrentTransferToLiabilitiesCurrent;jenv-bw2-dm:CommercialMember;jenv-bw2-dm:ConsolidatedMember;;jenv-bw2-dm:PayablesCreditInstitutionsNoncurrentMember
BLasSak???Avp;Overboeking naar kortlopende schulden;rj-cp-i_LiabilitiesNoncurrentTransferToLiabilitiesCurrent;jenv-bw2-dm:CommercialMember;jenv-bw2-dm:SeparateMember;;jenv-bw2-dm:PayablesCreditInstitutionsNoncurrentMember
BLasSak???Avs;Bij afstoting vervreemde langlopende schulden;rj-i_LiabilitiesNoncurrentDebtsDisposedOnDisposal;jenv-bw2-dm:CommercialMember;jenv-bw2-dm:ConsolidatedMember;;jenv-bw2-dm:PayablesCreditInstitutionsNoncurrentMember
BLasSak???Avs;Bij afstoting vervreemde langlopende schulden;rj-i_LiabilitiesNoncurrentDebtsDisposedOnDisposal;jenv-bw2-dm:CommercialMember;jenv-bw2-dm:SeparateMember;;jenv-bw2-dm:PayablesCreditInstitutionsNoncurrentMember
BLasSak???Bir;Oprenting/amortisatie van langlopende schulden;rj-i_LiabilitiesNoncurrentImpositionAmortization;jenv-bw2-dm:CommercialMember;jenv-bw2-dm:ConsolidatedMember;;jenv-bw2-dm:PayablesCreditInstitutionsNoncurrentMember
BLasSak???Bir;Oprenting/amortisatie van langlopende schulden;rj-i_LiabilitiesNoncurrentImpositionAmortization;jenv-bw2-dm:CommercialMember;jenv-bw2-dm:SeparateMember;;jenv-bw2-dm:PayablesCreditInstitutionsNoncurrentMember
BLasSak???Omv;Verschillen uit omrekening vreemde valuta van langlopende schulden;rj-i_LiabilitiesNoncurrentExchangeRateChanges;jenv-bw2-dm:CommercialMember;jenv-bw2-dm:ConsolidatedMember;;jenv-bw2-dm:PayablesCreditInstitutionsNoncurrentMember
BLasSak???Omv;Verschillen uit omrekening vreemde valuta van langlopende schulden;rj-i_LiabilitiesNoncurrentExchangeRateChanges;jenv-bw2-dm:CommercialMember;jenv-bw2-dm:SeparateMember;;jenv-bw2-dm:PayablesCreditInstitutionsNoncurrentMember
BLasSak???Ovs;Bij overname verkregen langlopende schulden;rj-i_LiabilitiesNoncurrentDebtsAcquiredOnTakeover;jenv-bw2-dm:CommercialMember;jenv-bw2-dm:ConsolidatedMember;;jenv-bw2-dm:PayablesCreditInstitutionsNoncurrentMember
BLasSak???Ovs;Bij overname verkregen langlopende schulden;rj-i_LiabilitiesNoncurrentDebtsAcquiredOnTakeover;jenv-bw2-dm:CommercialMember;jenv-bw2-dm:SeparateMember;;jenv-bw2-dm:PayablesCreditInstitutionsNoncurrentMember
BLasSak???Toe;Nieuwe financiering van langlopende schulden;rj-i_LiabilitiesNoncurrentNewFinancing;jenv-bw2-dm:CommercialMember;jenv-bw2-dm:ConsolidatedMember;;jenv-bw2-dm:PayablesCreditInstitutionsNoncurrentMember
BLasSak???Toe;Nieuwe financiering van langlopende schulden;rj-i_LiabilitiesNoncurrentNewFinancing;jenv-bw2-dm:CommercialMember;jenv-bw2-dm:SeparateMember;;jenv-bw2-dm:PayablesCreditInstitutionsNoncurrentMember
BLasSal*;Langlopende schulden aan leveranciers en handelskredieten;jenv-bw2-i_TradePayablesNoncurrent;jenv-bw2-dm:CommercialMember;jenv-bw2-dm:ConsolidatedMember
BLasSal*;Langlopende schulden;jenv-bw2-i_LiabilitiesNoncurrent;jenv-bw2-dm:CommercialMember;jenv-bw2-dm:ConsolidatedMember;;jenv-bw2-dm:TradePayablesNoncurrentMember
BLasSal*;Langlopende schulden aan leveranciers en handelskredieten;jenv-bw2-i_TradePayablesNoncurrent;jenv-bw2-dm:CommercialMember;jenv-bw2-dm:SeparateMember
BLasSal*;Langlopende schulden;jenv-bw2-i_LiabilitiesNoncurrent;jenv-bw2-dm:CommercialMember;jenv-bw2-dm:SeparateMember;;jenv-bw2-dm:TradePayablesNoncurrentMember
BLasSalSacAfl;Aflossingen van langlopende schulden;rj-i_LiabilitiesNoncurrentRepayments;jenv-bw2-dm:CommercialMember;jenv-bw2-dm:ConsolidatedMember;;jenv-bw2-dm:TradePayablesNoncurrentMember
BLasSalSacAfl;Aflossingen van langlopende schulden;rj-i_LiabilitiesNoncurrentRepayments;jenv-bw2-dm:CommercialMember;jenv-bw2-dm:SeparateMember;;jenv-bw2-dm:TradePayablesNoncurrentMember
BLasSalSacAvp;Overboeking naar kortlopende schulden;rj-cp-i_LiabilitiesNoncurrentTransferToLiabilitiesCurrent;jenv-bw2-dm:CommercialMember;jenv-bw2-dm:ConsolidatedMember;;jenv-bw2-dm:TradePayablesNoncurrentMember
BLasSalSacAvp;Overboeking naar kortlopende schulden;rj-cp-i_LiabilitiesNoncurrentTransferToLiabilitiesCurrent;jenv-bw2-dm:CommercialMember;jenv-bw2-dm:SeparateMember;;jenv-bw2-dm:TradePayablesNoncurrentMember
BLasSalSalBir;Oprenting/amortisatie van langlopende schulden;rj-i_LiabilitiesNoncurrentImpositionAmortization;jenv-bw2-dm:CommercialMember;jenv-bw2-dm:ConsolidatedMember;;jenv-bw2-dm:TradePayablesNoncurrentMember
BLasSalSalBir;Oprenting/amortisatie van langlopende schulden;rj-i_LiabilitiesNoncurrentImpositionAmortization;jenv-bw2-dm:CommercialMember;jenv-bw2-dm:SeparateMember;;jenv-bw2-dm:TradePayablesNoncurrentMember
BLasSalSalOwv;Overige waardeveranderingen van langlopende schulden;rj-i_LiabilitiesNoncurrentMovementOther;jenv-bw2-dm:CommercialMember;jenv-bw2-dm:ConsolidatedMember;;jenv-bw2-dm:TradePayablesNoncurrentMember
BLasSalSalOwv;Overige waardeveranderingen van langlopende schulden;rj-i_LiabilitiesNoncurrentMovementOther;jenv-bw2-dm:CommercialMember;jenv-bw2-dm:SeparateMember;;jenv-bw2-dm:TradePayablesNoncurrentMember
BLasSalSalToe;Nieuwe financiering van langlopende schulden;rj-i_LiabilitiesNoncurrentNewFinancing;jenv-bw2-dm:CommercialMember;jenv-bw2-dm:ConsolidatedMember;;jenv-bw2-dm:TradePayablesNoncurrentMember
BLasSalSalToe;Nieuwe financiering van langlopende schulden;rj-i_LiabilitiesNoncurrentNewFinancing;jenv-bw2-dm:CommercialMember;jenv-bw2-dm:SeparateMember;;jenv-bw2-dm:TradePayablesNoncurrentMember
BLasSao*;Langlopende schulden aan overige verbonden maatschappijen;jenv-bw2-i_PayablesOtherAffiliatedCompaniesNoncurrent;jenv-bw2-dm:CommercialMember;jenv-bw2-dm:ConsolidatedMember
BLasSao*;Langlopende schulden;jenv-bw2-i_LiabilitiesNoncurrent;jenv-bw2-dm:CommercialMember;jenv-bw2-dm:ConsolidatedMember;;jenv-bw2-dm:PayablesOtherAffiliatedCompaniesNoncurrentMember
BLasSao*;Langlopende schulden aan overige verbonden maatschappijen;jenv-bw2-i_PayablesOtherAffiliatedCompaniesNoncurrent;jenv-bw2-dm:CommercialMember;jenv-bw2-dm:SeparateMember
BLasSao*;Langlopende schulden;jenv-bw2-i_LiabilitiesNoncurrent;jenv-bw2-dm:CommercialMember;jenv-bw2-dm:SeparateMember;;jenv-bw2-dm:PayablesOtherAffiliatedCompaniesNoncurrentMember
BLasSaoAflAvp;Overboeking naar kortlopende schulden;rj-cp-i_LiabilitiesNoncurrentTransferToLiabilitiesCurrent;jenv-bw2-dm:CommercialMember;jenv-bw2-dm:ConsolidatedMember;;jenv-bw2-dm:PayablesOtherAffiliatedCompaniesNoncurrentMember
BLasSaoAflAvp;Overboeking naar kortlopende schulden;rj-cp-i_LiabilitiesNoncurrentTransferToLiabilitiesCurrent;jenv-bw2-dm:CommercialMember;jenv-bw2-dm:SeparateMember;;jenv-bw2-dm:PayablesOtherAffiliatedCompaniesNoncurrentMember
BLasSaoHooAao;Nieuwe financiering van langlopende schulden;rj-i_LiabilitiesNoncurrentNewFinancing;jenv-bw2-dm:CommercialMember;jenv-bw2-dm:ConsolidatedMember;;jenv-bw2-dm:PayablesOtherAffiliatedCompaniesNoncurrentMember
BLasSaoHooAao;Nieuwe financiering van langlopende schulden;rj-i_LiabilitiesNoncurrentNewFinancing;jenv-bw2-dm:CommercialMember;jenv-bw2-dm:SeparateMember;;jenv-bw2-dm:PayablesOtherAffiliatedCompaniesNoncurrentMember
BLasSaoHooBet;Betalingen;rj-cp-i_LiabilitiesNoncurrentPayments;jenv-bw2-dm:CommercialMember;jenv-bw2-dm:ConsolidatedMember;;jenv-bw2-dm:PayablesOtherAffiliatedCompaniesNoncurrentMember
BLasSaoHooBet;Betalingen;rj-cp-i_LiabilitiesNoncurrentPayments;jenv-bw2-dm:CommercialMember;jenv-bw2-dm:SeparateMember;;jenv-bw2-dm:PayablesOtherAffiliatedCompaniesNoncurrentMember
BLasSaoHooBir;Oprenting/amortisatie van langlopende schulden;rj-i_LiabilitiesNoncurrentImpositionAmortization;jenv-bw2-dm:CommercialMember;jenv-bw2-dm:ConsolidatedMember;;jenv-bw2-dm:PayablesOtherAffiliatedCompaniesNoncurrentMember
BLasSaoHooBir;Oprenting/amortisatie van langlopende schulden;rj-i_LiabilitiesNoncurrentImpositionAmortization;jenv-bw2-dm:CommercialMember;jenv-bw2-dm:SeparateMember;;jenv-bw2-dm:PayablesOtherAffiliatedCompaniesNoncurrentMember
BLasSaoHooOmr;Verschillen uit omrekening vreemde valuta van langlopende schulden;rj-i_LiabilitiesNoncurrentExchangeRateChanges;jenv-bw2-dm:CommercialMember;jenv-bw2-dm:ConsolidatedMember;;jenv-bw2-dm:PayablesOtherAffiliatedCompaniesNoncurrentMember
BLasSaoHooOmr;Verschillen uit omrekening vreemde valuta van langlopende schulden;rj-i_LiabilitiesNoncurrentExchangeRateChanges;jenv-bw2-dm:CommercialMember;jenv-bw2-dm:SeparateMember;;jenv-bw2-dm:PayablesOtherAffiliatedCompaniesNoncurrentMember
BLasSaoHooOvm;Overige waardeveranderingen van langlopende schulden;rj-i_LiabilitiesNoncurrentMovementOther;jenv-bw2-dm:CommercialMember;jenv-bw2-dm:ConsolidatedMember;;jenv-bw2-dm:PayablesOtherAffiliatedCompaniesNoncurrentMember
BLasSaoHooOvm;Overige waardeveranderingen van langlopende schulden;rj-i_LiabilitiesNoncurrentMovementOther;jenv-bw2-dm:CommercialMember;jenv-bw2-dm:SeparateMember;;jenv-bw2-dm:PayablesOtherAffiliatedCompaniesNoncurrentMember
BLasSaoHooSto;Stortingen / ontvangsten;rj-cp-i_LiabilitiesNoncurrentReceiptsDeposits;jenv-bw2-dm:CommercialMember;jenv-bw2-dm:ConsolidatedMember;;jenv-bw2-dm:PayablesOtherAffiliatedCompaniesNoncurrentMember
BLasSaoHooSto;Stortingen / ontvangsten;rj-cp-i_LiabilitiesNoncurrentReceiptsDeposits;jenv-bw2-dm:CommercialMember;jenv-bw2-dm:SeparateMember;;jenv-bw2-dm:PayablesOtherAffiliatedCompaniesNoncurrentMember
BLasSap*;Langlopende schulden aan rechtspersonen en vennootschappen die een deelneming hebben in de rechtspersoon of waarin de rechtspersoon een deelneming heeft;jenv-bw2-i_PayablesShareholdersParticipatingInterestsNoncurrent;jenv-bw2-dm:CommercialMember;jenv-bw2-dm:ConsolidatedMember
BLasSap*;Langlopende schulden;jenv-bw2-i_LiabilitiesNoncurrent;jenv-bw2-dm:CommercialMember;jenv-bw2-dm:ConsolidatedMember;;jenv-bw2-dm:PayablesShareholdersParticipatingInterestsNoncurrentMember
BLasSap*;Langlopende schulden aan rechtspersonen en vennootschappen die een deelneming hebben in de rechtspersoon of waarin de rechtspersoon een deelneming heeft;jenv-bw2-i_PayablesShareholdersParticipatingInterestsNoncurrent;jenv-bw2-dm:CommercialMember;jenv-bw2-dm:SeparateMember
BLasSap*;Langlopende schulden;jenv-bw2-i_LiabilitiesNoncurrent;jenv-bw2-dm:CommercialMember;jenv-bw2-dm:SeparateMember;;jenv-bw2-dm:PayablesShareholdersParticipatingInterestsNoncurrentMember
BLasSapAflAvp;Overboeking naar kortlopende schulden;rj-cp-i_LiabilitiesNoncurrentTransferToLiabilitiesCurrent;jenv-bw2-dm:CommercialMember;jenv-bw2-dm:ConsolidatedMember;;jenv-bw2-dm:PayablesShareholdersParticipatingInterestsNoncurrentMember
BLasSapAflAvp;Overboeking naar kortlopende schulden;rj-cp-i_LiabilitiesNoncurrentTransferToLiabilitiesCurrent;jenv-bw2-dm:CommercialMember;jenv-bw2-dm:SeparateMember;;jenv-bw2-dm:PayablesShareholdersParticipatingInterestsNoncurrentMember
BLasSapHooAao;Nieuwe financiering van langlopende schulden;rj-i_LiabilitiesNoncurrentNewFinancing;jenv-bw2-dm:CommercialMember;jenv-bw2-dm:ConsolidatedMember;;jenv-bw2-dm:PayablesShareholdersParticipatingInterestsNoncurrentMember
BLasSapHooAao;Nieuwe financiering van langlopende schulden;rj-i_LiabilitiesNoncurrentNewFinancing;jenv-bw2-dm:CommercialMember;jenv-bw2-dm:SeparateMember;;jenv-bw2-dm:PayablesShareholdersParticipatingInterestsNoncurrentMember
BLasSapHooBet;Betalingen;rj-cp-i_LiabilitiesNoncurrentPayments;jenv-bw2-dm:CommercialMember;jenv-bw2-dm:ConsolidatedMember;;jenv-bw2-dm:PayablesShareholdersParticipatingInterestsNoncurrentMember
BLasSapHooBet;Betalingen;rj-cp-i_LiabilitiesNoncurrentPayments;jenv-bw2-dm:CommercialMember;jenv-bw2-dm:SeparateMember;;jenv-bw2-dm:PayablesShareholdersParticipatingInterestsNoncurrentMember
BLasSapHooBir;Oprenting/amortisatie van langlopende schulden;rj-i_LiabilitiesNoncurrentImpositionAmortization;jenv-bw2-dm:CommercialMember;jenv-bw2-dm:ConsolidatedMember;;jenv-bw2-dm:PayablesShareholdersParticipatingInterestsNoncurrentMember
BLasSapHooBir;Oprenting/amortisatie van langlopende schulden;rj-i_LiabilitiesNoncurrentImpositionAmortization;jenv-bw2-dm:CommercialMember;jenv-bw2-dm:SeparateMember;;jenv-bw2-dm:PayablesShareholdersParticipatingInterestsNoncurrentMember
BLasSapHooOmr;Verschillen uit omrekening vreemde valuta van langlopende schulden;rj-i_LiabilitiesNoncurrentExchangeRateChanges;jenv-bw2-dm:CommercialMember;jenv-bw2-dm:ConsolidatedMember;;jenv-bw2-dm:PayablesShareholdersParticipatingInterestsNoncurrentMember
BLasSapHooOmr;Verschillen uit omrekening vreemde valuta van langlopende schulden;rj-i_LiabilitiesNoncurrentExchangeRateChanges;jenv-bw2-dm:CommercialMember;jenv-bw2-dm:SeparateMember;;jenv-bw2-dm:PayablesShareholdersParticipatingInterestsNoncurrentMember
BLasSapHooOvm;Overige waardeveranderingen van langlopende schulden;rj-i_LiabilitiesNoncurrentMovementOther;jenv-bw2-dm:CommercialMember;jenv-bw2-dm:ConsolidatedMember;;jenv-bw2-dm:PayablesShareholdersParticipatingInterestsNoncurrentMember
BLasSapHooOvm;Overige waardeveranderingen van langlopende schulden;rj-i_LiabilitiesNoncurrentMovementOther;jenv-bw2-dm:CommercialMember;jenv-bw2-dm:SeparateMember;;jenv-bw2-dm:PayablesShareholdersParticipatingInterestsNoncurrentMember
BLasSapHooSto;Stortingen / ontvangsten;rj-cp-i_LiabilitiesNoncurrentReceiptsDeposits;jenv-bw2-dm:CommercialMember;jenv-bw2-dm:ConsolidatedMember;;jenv-bw2-dm:PayablesShareholdersParticipatingInterestsNoncurrentMember
BLasSapHooSto;Stortingen / ontvangsten;rj-cp-i_LiabilitiesNoncurrentReceiptsDeposits;jenv-bw2-dm:CommercialMember;jenv-bw2-dm:SeparateMember;;jenv-bw2-dm:PayablesShareholdersParticipatingInterestsNoncurrentMember
BLasStz*;Langlopende schulden ter zake van pensioenen;jenv-bw2-i_PensionPayablesNoncurrent;jenv-bw2-dm:CommercialMember;jenv-bw2-dm:ConsolidatedMember
BLasStz*;Langlopende schulden;jenv-bw2-i_LiabilitiesNoncurrent;jenv-bw2-dm:CommercialMember;jenv-bw2-dm:ConsolidatedMember;;jenv-bw2-dm:PensionPayablesNoncurrentMember
BLasStz*;Langlopende schulden ter zake van pensioenen;jenv-bw2-i_PensionPayablesNoncurrent;jenv-bw2-dm:CommercialMember;jenv-bw2-dm:SeparateMember
BLasStz*;Langlopende schulden;jenv-bw2-i_LiabilitiesNoncurrent;jenv-bw2-dm:CommercialMember;jenv-bw2-dm:SeparateMember;;jenv-bw2-dm:PensionPayablesNoncurrentMember
BLasStzStcAfl;Aflossingen van langlopende schulden;rj-i_LiabilitiesNoncurrentRepayments;jenv-bw2-dm:CommercialMember;jenv-bw2-dm:ConsolidatedMember;;jenv-bw2-dm:PensionPayablesNoncurrentMember
BLasStzStcAfl;Aflossingen van langlopende schulden;rj-i_LiabilitiesNoncurrentRepayments;jenv-bw2-dm:CommercialMember;jenv-bw2-dm:SeparateMember;;jenv-bw2-dm:PensionPayablesNoncurrentMember
BLasStzStcAvp;Overboeking naar kortlopende schulden;rj-cp-i_LiabilitiesNoncurrentTransferToLiabilitiesCurrent;jenv-bw2-dm:CommercialMember;jenv-bw2-dm:ConsolidatedMember;;jenv-bw2-dm:PensionPayablesNoncurrentMember
BLasStzStcAvp;Overboeking naar kortlopende schulden;rj-cp-i_LiabilitiesNoncurrentTransferToLiabilitiesCurrent;jenv-bw2-dm:CommercialMember;jenv-bw2-dm:SeparateMember;;jenv-bw2-dm:PensionPayablesNoncurrentMember
BLasStzStzBir;Oprenting/amortisatie van langlopende schulden;rj-i_LiabilitiesNoncurrentImpositionAmortization;jenv-bw2-dm:CommercialMember;jenv-bw2-dm:ConsolidatedMember;;jenv-bw2-dm:PensionPayablesNoncurrentMember
BLasStzStzBir;Oprenting/amortisatie van langlopende schulden;rj-i_LiabilitiesNoncurrentImpositionAmortization;jenv-bw2-dm:CommercialMember;jenv-bw2-dm:SeparateMember;;jenv-bw2-dm:PensionPayablesNoncurrentMember
BLasStzStzOwv;Overige waardeveranderingen van langlopende schulden;rj-i_LiabilitiesNoncurrentMovementOther;jenv-bw2-dm:CommercialMember;jenv-bw2-dm:ConsolidatedMember;;jenv-bw2-dm:PensionPayablesNoncurrentMember
BLasStzStzOwv;Overige waardeveranderingen van langlopende schulden;rj-i_LiabilitiesNoncurrentMovementOther;jenv-bw2-dm:CommercialMember;jenv-bw2-dm:SeparateMember;;jenv-bw2-dm:PensionPayablesNoncurrentMember
BLasStzStzToe;Nieuwe financiering van langlopende schulden;rj-i_LiabilitiesNoncurrentNewFinancing;jenv-bw2-dm:CommercialMember;jenv-bw2-dm:ConsolidatedMember;;jenv-bw2-dm:PensionPayablesNoncurrentMember
BLasStzStzToe;Nieuwe financiering van langlopende schulden;rj-i_LiabilitiesNoncurrentNewFinancing;jenv-bw2-dm:CommercialMember;jenv-bw2-dm:SeparateMember;;jenv-bw2-dm:PensionPayablesNoncurrentMember
BLasSuh*;Belastingverplichtingen;rj-i_TaxPayablesNoncurrent;jenv-bw2-dm:CommercialMember;jenv-bw2-dm:ConsolidatedMember
BLasSuh*;Langlopende schulden;jenv-bw2-i_LiabilitiesNoncurrent;jenv-bw2-dm:CommercialMember;jenv-bw2-dm:ConsolidatedMember;;rj-dm:TaxPayablesNoncurrentMember
BLasSuh*;Belastingverplichtingen;rj-i_TaxPayablesNoncurrent;jenv-bw2-dm:CommercialMember;jenv-bw2-dm:SeparateMember
BLasSuh*;Langlopende schulden;jenv-bw2-i_LiabilitiesNoncurrent;jenv-bw2-dm:CommercialMember;jenv-bw2-dm:SeparateMember;;rj-dm:TaxPayablesNoncurrentMember
BLasSuhSucAfl;Aflossingen van langlopende schulden;rj-i_LiabilitiesNoncurrentRepayments;jenv-bw2-dm:CommercialMember;jenv-bw2-dm:ConsolidatedMember;;rj-dm:TaxPayablesNoncurrentMember
BLasSuhSucAfl;Aflossingen van langlopende schulden;rj-i_LiabilitiesNoncurrentRepayments;jenv-bw2-dm:CommercialMember;jenv-bw2-dm:SeparateMember;;rj-dm:TaxPayablesNoncurrentMember
BLasSuhSucAvp;Overboeking naar kortlopende schulden;rj-cp-i_LiabilitiesNoncurrentTransferToLiabilitiesCurrent;jenv-bw2-dm:CommercialMember;jenv-bw2-dm:ConsolidatedMember;;rj-dm:TaxPayablesNoncurrentMember
BLasSuhSucAvp;Overboeking naar kortlopende schulden;rj-cp-i_LiabilitiesNoncurrentTransferToLiabilitiesCurrent;jenv-bw2-dm:CommercialMember;jenv-bw2-dm:SeparateMember;;rj-dm:TaxPayablesNoncurrentMember
BLasSuhSuhBir;Oprenting/amortisatie van langlopende schulden;rj-i_LiabilitiesNoncurrentImpositionAmortization;jenv-bw2-dm:CommercialMember;jenv-bw2-dm:ConsolidatedMember;;rj-dm:TaxPayablesNoncurrentMember
BLasSuhSuhBir;Oprenting/amortisatie van langlopende schulden;rj-i_LiabilitiesNoncurrentImpositionAmortization;jenv-bw2-dm:CommercialMember;jenv-bw2-dm:SeparateMember;;rj-dm:TaxPayablesNoncurrentMember
BLasSuhSuhOwv;Overige waardeveranderingen van langlopende schulden;rj-i_LiabilitiesNoncurrentMovementOther;jenv-bw2-dm:CommercialMember;jenv-bw2-dm:ConsolidatedMember;;rj-dm:TaxPayablesNoncurrentMember
BLasSuhSuhOwv;Overige waardeveranderingen van langlopende schulden;rj-i_LiabilitiesNoncurrentMovementOther;jenv-bw2-dm:CommercialMember;jenv-bw2-dm:SeparateMember;;rj-dm:TaxPayablesNoncurrentMember
BLasSuhSuhToe;Nieuwe financiering van langlopende schulden;rj-i_LiabilitiesNoncurrentNewFinancing;jenv-bw2-dm:CommercialMember;jenv-bw2-dm:ConsolidatedMember;;rj-dm:TaxPayablesNoncurrentMember
BLasSuhSuhToe;Nieuwe financiering van langlopende schulden;rj-i_LiabilitiesNoncurrentNewFinancing;jenv-bw2-dm:CommercialMember;jenv-bw2-dm:SeparateMember;;rj-dm:TaxPayablesNoncurrentMember
BLasTbw*;Langlopende te betalen wissels en cheques;jenv-bw2-i_BillsExchangeChequesPayableNoncurrent;jenv-bw2-dm:CommercialMember;jenv-bw2-dm:ConsolidatedMember
BLasTbw*;Langlopende schulden;jenv-bw2-i_LiabilitiesNoncurrent;jenv-bw2-dm:CommercialMember;jenv-bw2-dm:ConsolidatedMember;;jenv-bw2-dm:BillsExchangeChequesPayableNoncurrentMember
BLasTbw*;Langlopende te betalen wissels en cheques;jenv-bw2-i_BillsExchangeChequesPayableNoncurrent;jenv-bw2-dm:CommercialMember;jenv-bw2-dm:SeparateMember
BLasTbw*;Langlopende schulden;jenv-bw2-i_LiabilitiesNoncurrent;jenv-bw2-dm:CommercialMember;jenv-bw2-dm:SeparateMember;;jenv-bw2-dm:BillsExchangeChequesPayableNoncurrentMember
BLasTbwTbcAfl;Aflossingen van langlopende schulden;rj-i_LiabilitiesNoncurrentRepayments;jenv-bw2-dm:CommercialMember;jenv-bw2-dm:ConsolidatedMember;;jenv-bw2-dm:BillsExchangeChequesPayableNoncurrentMember
BLasTbwTbcAfl;Aflossingen van langlopende schulden;rj-i_LiabilitiesNoncurrentRepayments;jenv-bw2-dm:CommercialMember;jenv-bw2-dm:SeparateMember;;jenv-bw2-dm:BillsExchangeChequesPayableNoncurrentMember
BLasTbwTbcAvp;Overboeking naar kortlopende schulden;rj-cp-i_LiabilitiesNoncurrentTransferToLiabilitiesCurrent;jenv-bw2-dm:CommercialMember;jenv-bw2-dm:ConsolidatedMember;;jenv-bw2-dm:BillsExchangeChequesPayableNoncurrentMember
BLasTbwTbcAvp;Overboeking naar kortlopende schulden;rj-cp-i_LiabilitiesNoncurrentTransferToLiabilitiesCurrent;jenv-bw2-dm:CommercialMember;jenv-bw2-dm:SeparateMember;;jenv-bw2-dm:BillsExchangeChequesPayableNoncurrentMember
BLasTbwTbwBet;Betalingen;rj-cp-i_LiabilitiesNoncurrentPayments;jenv-bw2-dm:CommercialMember;jenv-bw2-dm:ConsolidatedMember;;jenv-bw2-dm:BillsExchangeChequesPayableNoncurrentMember
BLasTbwTbwBet;Betalingen;rj-cp-i_LiabilitiesNoncurrentPayments;jenv-bw2-dm:CommercialMember;jenv-bw2-dm:SeparateMember;;jenv-bw2-dm:BillsExchangeChequesPayableNoncurrentMember
BLasTbwTbwBir;Oprenting/amortisatie van langlopende schulden;rj-i_LiabilitiesNoncurrentImpositionAmortization;jenv-bw2-dm:CommercialMember;jenv-bw2-dm:ConsolidatedMember;;jenv-bw2-dm:BillsExchangeChequesPayableNoncurrentMember
BLasTbwTbwBir;Oprenting/amortisatie van langlopende schulden;rj-i_LiabilitiesNoncurrentImpositionAmortization;jenv-bw2-dm:CommercialMember;jenv-bw2-dm:SeparateMember;;jenv-bw2-dm:BillsExchangeChequesPayableNoncurrentMember
BLasTbwTbwOwv;Overige waardeveranderingen van langlopende schulden;rj-i_LiabilitiesNoncurrentMovementOther;jenv-bw2-dm:CommercialMember;jenv-bw2-dm:ConsolidatedMember;;jenv-bw2-dm:BillsExchangeChequesPayableNoncurrentMember
BLasTbwTbwOwv;Overige waardeveranderingen van langlopende schulden;rj-i_LiabilitiesNoncurrentMovementOther;jenv-bw2-dm:CommercialMember;jenv-bw2-dm:SeparateMember;;jenv-bw2-dm:BillsExchangeChequesPayableNoncurrentMember
BLasTbwTbwSto;Stortingen / ontvangsten;rj-cp-i_LiabilitiesNoncurrentReceiptsDeposits;jenv-bw2-dm:CommercialMember;jenv-bw2-dm:ConsolidatedMember;;jenv-bw2-dm:BillsExchangeChequesPayableNoncurrentMember
BLasTbwTbwSto;Stortingen / ontvangsten;rj-cp-i_LiabilitiesNoncurrentReceiptsDeposits;jenv-bw2-dm:CommercialMember;jenv-bw2-dm:SeparateMember;;jenv-bw2-dm:BillsExchangeChequesPayableNoncurrentMember
BLasTbwTbwToe;Nieuwe financiering van langlopende schulden;rj-i_LiabilitiesNoncurrentNewFinancing;jenv-bw2-dm:CommercialMember;jenv-bw2-dm:ConsolidatedMember;;jenv-bw2-dm:BillsExchangeChequesPayableNoncurrentMember
BLasTbwTbwToe;Nieuwe financiering van langlopende schulden;rj-i_LiabilitiesNoncurrentNewFinancing;jenv-bw2-dm:CommercialMember;jenv-bw2-dm:SeparateMember;;jenv-bw2-dm:BillsExchangeChequesPayableNoncurrentMember
BLasVob*;Langlopende ontvangen vooruitbetalingen op bestellingen voor zover niet reeds op actiefposten in mindering gebracht;jenv-bw2-i_AdvancesReceivedNoncurrent;jenv-bw2-dm:CommercialMember;jenv-bw2-dm:ConsolidatedMember
BLasVob*;Langlopende schulden;jenv-bw2-i_LiabilitiesNoncurrent;jenv-bw2-dm:CommercialMember;jenv-bw2-dm:ConsolidatedMember;;jenv-bw2-dm:AdvancesReceivedNoncurrentMember
BLasVob*;Langlopende ontvangen vooruitbetalingen op bestellingen voor zover niet reeds op actiefposten in mindering gebracht;jenv-bw2-i_AdvancesReceivedNoncurrent;jenv-bw2-dm:CommercialMember;jenv-bw2-dm:SeparateMember
BLasVob*;Langlopende schulden;jenv-bw2-i_LiabilitiesNoncurrent;jenv-bw2-dm:CommercialMember;jenv-bw2-dm:SeparateMember;;jenv-bw2-dm:AdvancesReceivedNoncurrentMember
BLasVobVobBet;Betalingen;rj-cp-i_LiabilitiesNoncurrentPayments;jenv-bw2-dm:CommercialMember;jenv-bw2-dm:ConsolidatedMember;;jenv-bw2-dm:AdvancesReceivedNoncurrentMember
BLasVobVobBet;Betalingen;rj-cp-i_LiabilitiesNoncurrentPayments;jenv-bw2-dm:CommercialMember;jenv-bw2-dm:SeparateMember;;jenv-bw2-dm:AdvancesReceivedNoncurrentMember
BLasVobVobBir;Oprenting/amortisatie van langlopende schulden;rj-i_LiabilitiesNoncurrentImpositionAmortization;jenv-bw2-dm:CommercialMember;jenv-bw2-dm:ConsolidatedMember;;jenv-bw2-dm:AdvancesReceivedNoncurrentMember
BLasVobVobBir;Oprenting/amortisatie van langlopende schulden;rj-i_LiabilitiesNoncurrentImpositionAmortization;jenv-bw2-dm:CommercialMember;jenv-bw2-dm:SeparateMember;;jenv-bw2-dm:AdvancesReceivedNoncurrentMember
BLasVobVobOwv;Overige waardeveranderingen van langlopende schulden;rj-i_LiabilitiesNoncurrentMovementOther;jenv-bw2-dm:CommercialMember;jenv-bw2-dm:ConsolidatedMember;;jenv-bw2-dm:AdvancesReceivedNoncurrentMember
BLasVobVobOwv;Overige waardeveranderingen van langlopende schulden;rj-i_LiabilitiesNoncurrentMovementOther;jenv-bw2-dm:CommercialMember;jenv-bw2-dm:SeparateMember;;jenv-bw2-dm:AdvancesReceivedNoncurrentMember
BLasVobVobSto;Stortingen / ontvangsten;rj-cp-i_LiabilitiesNoncurrentReceiptsDeposits;jenv-bw2-dm:CommercialMember;jenv-bw2-dm:ConsolidatedMember;;jenv-bw2-dm:AdvancesReceivedNoncurrentMember
BLasVobVobSto;Stortingen / ontvangsten;rj-cp-i_LiabilitiesNoncurrentReceiptsDeposits;jenv-bw2-dm:CommercialMember;jenv-bw2-dm:SeparateMember;;jenv-bw2-dm:AdvancesReceivedNoncurrentMember
BLasVobVobToe;Nieuwe financiering van langlopende schulden;rj-i_LiabilitiesNoncurrentNewFinancing;jenv-bw2-dm:CommercialMember;jenv-bw2-dm:ConsolidatedMember;;jenv-bw2-dm:AdvancesReceivedNoncurrentMember
BLasVobVobToe;Nieuwe financiering van langlopende schulden;rj-i_LiabilitiesNoncurrentNewFinancing;jenv-bw2-dm:CommercialMember;jenv-bw2-dm:SeparateMember;;jenv-bw2-dm:AdvancesReceivedNoncurrentMember
BLasVobVocAfl;Aflossingen van langlopende schulden;rj-i_LiabilitiesNoncurrentRepayments;jenv-bw2-dm:CommercialMember;jenv-bw2-dm:ConsolidatedMember;;jenv-bw2-dm:AdvancesReceivedNoncurrentMember
BLasVobVocAfl;Aflossingen van langlopende schulden;rj-i_LiabilitiesNoncurrentRepayments;jenv-bw2-dm:CommercialMember;jenv-bw2-dm:SeparateMember;;jenv-bw2-dm:AdvancesReceivedNoncurrentMember
BLasVobVocAvp;Overboeking naar kortlopende schulden;rj-cp-i_LiabilitiesNoncurrentTransferToLiabilitiesCurrent;jenv-bw2-dm:CommercialMember;jenv-bw2-dm:ConsolidatedMember;;jenv-bw2-dm:AdvancesReceivedNoncurrentMember
BLasVobVocAvp;Overboeking naar kortlopende schulden;rj-cp-i_LiabilitiesNoncurrentTransferToLiabilitiesCurrent;jenv-bw2-dm:CommercialMember;jenv-bw2-dm:SeparateMember;;jenv-bw2-dm:AdvancesReceivedNoncurrentMember
BLim*;Liquide middelen;jenv-bw2-i_CashAndCashEquivalents;jenv-bw2-dm:CommercialMember;jenv-bw2-dm:ConsolidatedMember
BLim*;Liquide middelen;jenv-bw2-i_CashAndCashEquivalents;jenv-bw2-dm:CommercialMember;jenv-bw2-dm:SeparateMember
BLimBan*;Tegoeden op bankrekeningen;jenv-bw2-i_CreditBalancesOnBankAccounts;jenv-bw2-dm:CommercialMember;jenv-bw2-dm:ConsolidatedMember
BLimBan*;Tegoeden op bankrekeningen;jenv-bw2-i_CreditBalancesOnBankAccounts;jenv-bw2-dm:CommercialMember;jenv-bw2-dm:SeparateMember
BLimKas*;Kasmiddelen;jenv-bw2-i_CashInHand;jenv-bw2-dm:CommercialMember;jenv-bw2-dm:ConsolidatedMember
BLimKas*;Kasmiddelen;jenv-bw2-i_CashInHand;jenv-bw2-dm:CommercialMember;jenv-bw2-dm:SeparateMember
BLimKru*;Wissels en cheques;jenv-bw2-i_BillsExchangeCheques;jenv-bw2-dm:CommercialMember;jenv-bw2-dm:ConsolidatedMember
BLimKru*;Wissels en cheques;jenv-bw2-i_BillsExchangeCheques;jenv-bw2-dm:CommercialMember;jenv-bw2-dm:SeparateMember
BMva*;Materiële vaste activa;jenv-bw2-i_PropertyPlantEquipment;jenv-bw2-dm:CommercialMember;jenv-bw2-dm:ConsolidatedMember
BMva*;Materiële vaste activa;jenv-bw2-i_PropertyPlantEquipment;jenv-bw2-dm:CommercialMember;jenv-bw2-dm:SeparateMember
BMva*;Materiële vaste activa;jenv-bw2-i_PropertyPlantEquipment;jenv-bw2-dm:CommercialMember;jenv-bw2-dm:ConsolidatedMember;;;;;jenv-bw2-dm:PropertyPlantEquipmentMember
BMva*;Materiële vaste activa;jenv-bw2-i_PropertyPlantEquipment;jenv-bw2-dm:CommercialMember;jenv-bw2-dm:SeparateMember;;;;;jenv-bw2-dm:PropertyPlantEquipmentMember
BMva??????Ado;Verwervingen van materiële vaste activa via fusies en overnames;rj-i_PropertyPlantEquipmentAdditionsThroughAcquisitions;jenv-bw2-dm:CommercialMember;jenv-bw2-dm:ConsolidatedMember;;;;;jenv-bw2-dm:PropertyPlantEquipmentMember
BMva??????Ado;Verwervingen van materiële vaste activa via fusies en overnames;rj-i_PropertyPlantEquipmentAdditionsThroughAcquisitions;jenv-bw2-dm:CommercialMember;jenv-bw2-dm:SeparateMember;;;;;jenv-bw2-dm:PropertyPlantEquipmentMember
BMva??????Dda;Buitengebruikstellingen en afstotingen van materiële vaste activa;rj-i_PropertyPlantEquipmentDivestitures;jenv-bw2-dm:CommercialMember;jenv-bw2-dm:ConsolidatedMember;;;;;jenv-bw2-dm:PropertyPlantEquipmentMember
BMva??????Dda;Buitengebruikstellingen en afstotingen van materiële vaste activa;rj-i_PropertyPlantEquipmentDivestitures;jenv-bw2-dm:CommercialMember;jenv-bw2-dm:SeparateMember;;;;;jenv-bw2-dm:PropertyPlantEquipmentMember
BMva??????Omv;Omrekeningsverschillen van materiële vaste activa;rj-i_PropertyPlantEquipmentExchangeDifferences;jenv-bw2-dm:CommercialMember;jenv-bw2-dm:ConsolidatedMember;;;;;jenv-bw2-dm:PropertyPlantEquipmentMember
BMva??????Omv;Omrekeningsverschillen van materiële vaste activa;rj-i_PropertyPlantEquipmentExchangeDifferences;jenv-bw2-dm:CommercialMember;jenv-bw2-dm:SeparateMember;;;;;jenv-bw2-dm:PropertyPlantEquipmentMember
BMva??????Ovm;Overige mutaties van materiële vaste activa;jenv-bw2-i_PropertyPlantEquipmentMovementsOther;jenv-bw2-dm:CommercialMember;jenv-bw2-dm:ConsolidatedMember;;;;;jenv-bw2-dm:PropertyPlantEquipmentMember
BMva??????Ovm;Overige mutaties van materiële vaste activa;jenv-bw2-i_PropertyPlantEquipmentMovementsOther;jenv-bw2-dm:CommercialMember;jenv-bw2-dm:SeparateMember;;;;;jenv-bw2-dm:PropertyPlantEquipmentMember
BMva???Akp*;Actuele kostprijs van materiële vaste activa;rj-i_PropertyPlantEquipmentActualCostPrice;jenv-bw2-dm:CommercialMember;jenv-bw2-dm:ConsolidatedMember;;;;;jenv-bw2-dm:PropertyPlantEquipmentMember
BMva???Akp*;Actuele kostprijs van materiële vaste activa;rj-i_PropertyPlantEquipmentActualCostPrice;jenv-bw2-dm:CommercialMember;jenv-bw2-dm:SeparateMember;;;;;jenv-bw2-dm:PropertyPlantEquipmentMember
BMva???CaeTvw;Terugneming van waardeverminderingen van materiële vaste activa;jenv-bw2-i_PropertyPlantEquipmentImpairmentReversal;jenv-bw2-dm:CommercialMember;jenv-bw2-dm:ConsolidatedMember;;;;;jenv-bw2-dm:PropertyPlantEquipmentMember
BMva???CaeTvw;Terugneming van waardeverminderingen van materiële vaste activa;jenv-bw2-i_PropertyPlantEquipmentImpairmentReversal;jenv-bw2-dm:CommercialMember;jenv-bw2-dm:SeparateMember;;;;;jenv-bw2-dm:PropertyPlantEquipmentMember
BMva???CaeWvr;Waardeverminderingen van materiële vaste activa;jenv-bw2-i_PropertyPlantEquipmentImpairment;jenv-bw2-dm:CommercialMember;jenv-bw2-dm:ConsolidatedMember;;;;;jenv-bw2-dm:PropertyPlantEquipmentMember
BMva???CaeWvr;Waardeverminderingen van materiële vaste activa;jenv-bw2-i_PropertyPlantEquipmentImpairment;jenv-bw2-dm:CommercialMember;jenv-bw2-dm:SeparateMember;;;;;jenv-bw2-dm:PropertyPlantEquipmentMember
BMva???Cuh*;Som der herwaarderingen die betrekking hebben op de materiële vaste activa;jenv-bw2-i_PropertyPlantEquipmentAccumulatedRevaluations;jenv-bw2-dm:CommercialMember;jenv-bw2-dm:ConsolidatedMember;;;;;jenv-bw2-dm:PropertyPlantEquipmentMember
BMva???Cuh*;Som der herwaarderingen die betrekking hebben op de materiële vaste activa;jenv-bw2-i_PropertyPlantEquipmentAccumulatedRevaluations;jenv-bw2-dm:CommercialMember;jenv-bw2-dm:SeparateMember;;;;;jenv-bw2-dm:PropertyPlantEquipmentMember
BMva???Vvp*;Historische kostprijs van materiële vaste activa;rj-i_PropertyPlantEquipmentCostPrice;jenv-bw2-dm:CommercialMember;jenv-bw2-dm:ConsolidatedMember;;;;;jenv-bw2-dm:PropertyPlantEquipmentMember
BMva???Vvp*;Historische kostprijs van materiële vaste activa;rj-i_PropertyPlantEquipmentCostPrice;jenv-bw2-dm:CommercialMember;jenv-bw2-dm:SeparateMember;;;;;jenv-bw2-dm:PropertyPlantEquipmentMember
BMvaMei*;Machines en installaties;jenv-bw2-i_Machinery;jenv-bw2-dm:CommercialMember;jenv-bw2-dm:ConsolidatedMember
BMvaMei*;Machines en installaties;jenv-bw2-i_Machinery;jenv-bw2-dm:CommercialMember;jenv-bw2-dm:SeparateMember
BMvaMei*;Materiële vaste activa;jenv-bw2-i_PropertyPlantEquipment;jenv-bw2-dm:CommercialMember;jenv-bw2-dm:ConsolidatedMember;;;;;jenv-bw2-dm:MachineryMember
BMvaMei*;Materiële vaste activa;jenv-bw2-i_PropertyPlantEquipment;jenv-bw2-dm:CommercialMember;jenv-bw2-dm:SeparateMember;;;;;jenv-bw2-dm:MachineryMember
BMvaMei???Ado;Verwervingen van materiële vaste activa via fusies en overnames;rj-i_PropertyPlantEquipmentAdditionsThroughAcquisitions;jenv-bw2-dm:CommercialMember;jenv-bw2-dm:ConsolidatedMember;;;;;jenv-bw2-dm:MachineryMember
BMvaMei???Ado;Verwervingen van materiële vaste activa via fusies en overnames;rj-i_PropertyPlantEquipmentAdditionsThroughAcquisitions;jenv-bw2-dm:CommercialMember;jenv-bw2-dm:SeparateMember;;;;;jenv-bw2-dm:MachineryMember
BMvaMei???Dda;Buitengebruikstellingen en afstotingen van materiële vaste activa;rj-i_PropertyPlantEquipmentDivestitures;jenv-bw2-dm:CommercialMember;jenv-bw2-dm:ConsolidatedMember;;;;;jenv-bw2-dm:MachineryMember
BMvaMei???Dda;Buitengebruikstellingen en afstotingen van materiële vaste activa;rj-i_PropertyPlantEquipmentDivestitures;jenv-bw2-dm:CommercialMember;jenv-bw2-dm:SeparateMember;;;;;jenv-bw2-dm:MachineryMember
BMvaMei???Des;Som van de boekwaarden der materiële vaste activa waarover de rechtspersoon aan het einde van het boekjaar niet meer beschikt;jenv-bw2-i_PropertyPlantEquipmentDisposals;jenv-bw2-dm:CommercialMember;jenv-bw2-dm:ConsolidatedMember;;;;;jenv-bw2-dm:MachineryMember
BMvaMei???Des;Som van de boekwaarden der materiële vaste activa waarover de rechtspersoon aan het einde van het boekjaar niet meer beschikt;jenv-bw2-i_PropertyPlantEquipmentDisposals;jenv-bw2-dm:CommercialMember;jenv-bw2-dm:SeparateMember;;;;;jenv-bw2-dm:MachineryMember
BMvaMei???Ina;Som van de waarden waartegen de in het boekjaar verkregen materiële vaste activa zijn te boek gesteld;jenv-bw2-i_PropertyPlantEquipmentAdditions;jenv-bw2-dm:CommercialMember;jenv-bw2-dm:ConsolidatedMember;;;;;jenv-bw2-dm:MachineryMember
BMvaMei???Ina;Som van de waarden waartegen de in het boekjaar verkregen materiële vaste activa zijn te boek gesteld;jenv-bw2-i_PropertyPlantEquipmentAdditions;jenv-bw2-dm:CommercialMember;jenv-bw2-dm:SeparateMember;;;;;jenv-bw2-dm:MachineryMember
BMvaMei???Omv;Omrekeningsverschillen van materiële vaste activa;rj-i_PropertyPlantEquipmentExchangeDifferences;jenv-bw2-dm:CommercialMember;jenv-bw2-dm:ConsolidatedMember;;;;;jenv-bw2-dm:MachineryMember
BMvaMei???Omv;Omrekeningsverschillen van materiële vaste activa;rj-i_PropertyPlantEquipmentExchangeDifferences;jenv-bw2-dm:CommercialMember;jenv-bw2-dm:SeparateMember;;;;;jenv-bw2-dm:MachineryMember
BMvaMei???Ovm;Overige mutaties van materiële vaste activa;jenv-bw2-i_PropertyPlantEquipmentMovementsOther;jenv-bw2-dm:CommercialMember;jenv-bw2-dm:ConsolidatedMember;;;;;jenv-bw2-dm:MachineryMember
BMvaMei???Ovm;Overige mutaties van materiële vaste activa;jenv-bw2-i_PropertyPlantEquipmentMovementsOther;jenv-bw2-dm:CommercialMember;jenv-bw2-dm:SeparateMember;;;;;jenv-bw2-dm:MachineryMember
BMvaMeiAkp*;Actuele kostprijs van materiële vaste activa;rj-i_PropertyPlantEquipmentActualCostPrice;jenv-bw2-dm:CommercialMember;jenv-bw2-dm:ConsolidatedMember;;;;;jenv-bw2-dm:MachineryMember
BMvaMeiAkp*;Actuele kostprijs van materiële vaste activa;rj-i_PropertyPlantEquipmentActualCostPrice;jenv-bw2-dm:CommercialMember;jenv-bw2-dm:SeparateMember;;;;;jenv-bw2-dm:MachineryMember
BMvaMeiCaeDca;Afschrijving op desinvesteringen van materiële vaste activa;jenv-bw2-i_PropertyPlantEquipmentDisposalsDepreciation;jenv-bw2-dm:CommercialMember;jenv-bw2-dm:ConsolidatedMember;;;;;jenv-bw2-dm:MachineryMember
BMvaMeiCaeDca;Afschrijving op desinvesteringen van materiële vaste activa;jenv-bw2-i_PropertyPlantEquipmentDisposalsDepreciation;jenv-bw2-dm:CommercialMember;jenv-bw2-dm:SeparateMember;;;;;jenv-bw2-dm:MachineryMember
BMvaMeiCaeTvw;Terugneming van waardeverminderingen van materiële vaste activa;jenv-bw2-i_PropertyPlantEquipmentImpairmentReversal;jenv-bw2-dm:CommercialMember;jenv-bw2-dm:ConsolidatedMember;;;;;jenv-bw2-dm:MachineryMember
BMvaMeiCaeTvw;Terugneming van waardeverminderingen van materiële vaste activa;jenv-bw2-i_PropertyPlantEquipmentImpairmentReversal;jenv-bw2-dm:CommercialMember;jenv-bw2-dm:SeparateMember;;;;;jenv-bw2-dm:MachineryMember
BMvaMeiCaeWvr;Waardeverminderingen van materiële vaste activa;jenv-bw2-i_PropertyPlantEquipmentImpairment;jenv-bw2-dm:CommercialMember;jenv-bw2-dm:ConsolidatedMember;;;;;jenv-bw2-dm:MachineryMember
BMvaMeiCaeWvr;Waardeverminderingen van materiële vaste activa;jenv-bw2-i_PropertyPlantEquipmentImpairment;jenv-bw2-dm:CommercialMember;jenv-bw2-dm:SeparateMember;;;;;jenv-bw2-dm:MachineryMember
BMvaMeiCuh*;Som der herwaarderingen die betrekking hebben op de materiële vaste activa;jenv-bw2-i_PropertyPlantEquipmentAccumulatedRevaluations;jenv-bw2-dm:CommercialMember;jenv-bw2-dm:ConsolidatedMember;;;;;jenv-bw2-dm:MachineryMember
BMvaMeiCuh*;Som der herwaarderingen die betrekking hebben op de materiële vaste activa;jenv-bw2-i_PropertyPlantEquipmentAccumulatedRevaluations;jenv-bw2-dm:CommercialMember;jenv-bw2-dm:SeparateMember;;;;;jenv-bw2-dm:MachineryMember
BMvaMeiVvp*;Historische kostprijs van materiële vaste activa;rj-i_PropertyPlantEquipmentCostPrice;jenv-bw2-dm:CommercialMember;jenv-bw2-dm:ConsolidatedMember;;;;;jenv-bw2-dm:MachineryMember
BMvaMeiVvp*;Historische kostprijs van materiële vaste activa;rj-i_PropertyPlantEquipmentCostPrice;jenv-bw2-dm:CommercialMember;jenv-bw2-dm:SeparateMember;;;;;jenv-bw2-dm:MachineryMember
BMvaNad*;Niet aan het productieproces dienstbare materiële vaste activa;jenv-bw2-i_PropertyPlantEquipmentNotUsedInOperations;jenv-bw2-dm:CommercialMember;jenv-bw2-dm:ConsolidatedMember
BMvaNad*;Niet aan het productieproces dienstbare materiële vaste activa;jenv-bw2-i_PropertyPlantEquipmentNotUsedInOperations;jenv-bw2-dm:CommercialMember;jenv-bw2-dm:SeparateMember
BMvaNad*;Materiële vaste activa;jenv-bw2-i_PropertyPlantEquipment;jenv-bw2-dm:CommercialMember;jenv-bw2-dm:ConsolidatedMember;;;;;jenv-bw2-dm:PropertyPlantEquipmentNotUsedInOperationsMember
BMvaNad*;Materiële vaste activa;jenv-bw2-i_PropertyPlantEquipment;jenv-bw2-dm:CommercialMember;jenv-bw2-dm:SeparateMember;;;;;jenv-bw2-dm:PropertyPlantEquipmentNotUsedInOperationsMember
BMvaNad???Ado;Verwervingen van materiële vaste activa via fusies en overnames;rj-i_PropertyPlantEquipmentAdditionsThroughAcquisitions;jenv-bw2-dm:CommercialMember;jenv-bw2-dm:ConsolidatedMember;;;;;jenv-bw2-dm:PropertyPlantEquipmentNotUsedInOperationsMember
BMvaNad???Ado;Verwervingen van materiële vaste activa via fusies en overnames;rj-i_PropertyPlantEquipmentAdditionsThroughAcquisitions;jenv-bw2-dm:CommercialMember;jenv-bw2-dm:SeparateMember;;;;;jenv-bw2-dm:PropertyPlantEquipmentNotUsedInOperationsMember
BMvaNad???Dda;Buitengebruikstellingen en afstotingen van materiële vaste activa;rj-i_PropertyPlantEquipmentDivestitures;jenv-bw2-dm:CommercialMember;jenv-bw2-dm:ConsolidatedMember;;;;;jenv-bw2-dm:PropertyPlantEquipmentNotUsedInOperationsMember
BMvaNad???Dda;Buitengebruikstellingen en afstotingen van materiële vaste activa;rj-i_PropertyPlantEquipmentDivestitures;jenv-bw2-dm:CommercialMember;jenv-bw2-dm:SeparateMember;;;;;jenv-bw2-dm:PropertyPlantEquipmentNotUsedInOperationsMember
BMvaNad???Des;Som van de boekwaarden der materiële vaste activa waarover de rechtspersoon aan het einde van het boekjaar niet meer beschikt;jenv-bw2-i_PropertyPlantEquipmentDisposals;jenv-bw2-dm:CommercialMember;jenv-bw2-dm:ConsolidatedMember;;;;;jenv-bw2-dm:PropertyPlantEquipmentNotUsedInOperationsMember
BMvaNad???Des;Som van de boekwaarden der materiële vaste activa waarover de rechtspersoon aan het einde van het boekjaar niet meer beschikt;jenv-bw2-i_PropertyPlantEquipmentDisposals;jenv-bw2-dm:CommercialMember;jenv-bw2-dm:SeparateMember;;;;;jenv-bw2-dm:PropertyPlantEquipmentNotUsedInOperationsMember
BMvaNad???Ina;Som van de waarden waartegen de in het boekjaar verkregen materiële vaste activa zijn te boek gesteld;jenv-bw2-i_PropertyPlantEquipmentAdditions;jenv-bw2-dm:CommercialMember;jenv-bw2-dm:ConsolidatedMember;;;;;jenv-bw2-dm:PropertyPlantEquipmentNotUsedInOperationsMember
BMvaNad???Ina;Som van de waarden waartegen de in het boekjaar verkregen materiële vaste activa zijn te boek gesteld;jenv-bw2-i_PropertyPlantEquipmentAdditions;jenv-bw2-dm:CommercialMember;jenv-bw2-dm:SeparateMember;;;;;jenv-bw2-dm:PropertyPlantEquipmentNotUsedInOperationsMember
BMvaNad???Omv;Omrekeningsverschillen van materiële vaste activa;rj-i_PropertyPlantEquipmentExchangeDifferences;jenv-bw2-dm:CommercialMember;jenv-bw2-dm:ConsolidatedMember;;;;;jenv-bw2-dm:PropertyPlantEquipmentNotUsedInOperationsMember
BMvaNad???Omv;Omrekeningsverschillen van materiële vaste activa;rj-i_PropertyPlantEquipmentExchangeDifferences;jenv-bw2-dm:CommercialMember;jenv-bw2-dm:SeparateMember;;;;;jenv-bw2-dm:PropertyPlantEquipmentNotUsedInOperationsMember
BMvaNad???Ove;Overboekingen van materiële vaste activa;jenv-bw2-i_PropertyPlantEquipmentTransfers;jenv-bw2-dm:CommercialMember;jenv-bw2-dm:ConsolidatedMember;;;;;jenv-bw2-dm:PropertyPlantEquipmentNotUsedInOperationsMember
BMvaNad???Ove;Overboekingen van materiële vaste activa;jenv-bw2-i_PropertyPlantEquipmentTransfers;jenv-bw2-dm:CommercialMember;jenv-bw2-dm:SeparateMember;;;;;jenv-bw2-dm:PropertyPlantEquipmentNotUsedInOperationsMember
BMvaNad???Ovm;Overige mutaties van materiële vaste activa;jenv-bw2-i_PropertyPlantEquipmentMovementsOther;jenv-bw2-dm:CommercialMember;jenv-bw2-dm:ConsolidatedMember;;;;;jenv-bw2-dm:PropertyPlantEquipmentNotUsedInOperationsMember
BMvaNad???Ovm;Overige mutaties van materiële vaste activa;jenv-bw2-i_PropertyPlantEquipmentMovementsOther;jenv-bw2-dm:CommercialMember;jenv-bw2-dm:SeparateMember;;;;;jenv-bw2-dm:PropertyPlantEquipmentNotUsedInOperationsMember
BMvaNadAkp*;Actuele kostprijs van materiële vaste activa;rj-i_PropertyPlantEquipmentActualCostPrice;jenv-bw2-dm:CommercialMember;jenv-bw2-dm:ConsolidatedMember;;;;;jenv-bw2-dm:PropertyPlantEquipmentNotUsedInOperationsMember
BMvaNadAkp*;Actuele kostprijs van materiële vaste activa;rj-i_PropertyPlantEquipmentActualCostPrice;jenv-bw2-dm:CommercialMember;jenv-bw2-dm:SeparateMember;;;;;jenv-bw2-dm:PropertyPlantEquipmentNotUsedInOperationsMember
BMvaNadCaeAfs;Afschrijvingen van materiële vaste activa;jenv-bw2-i_PropertyPlantEquipmentDepreciation;jenv-bw2-dm:CommercialMember;jenv-bw2-dm:ConsolidatedMember;;;;;jenv-bw2-dm:PropertyPlantEquipmentNotUsedInOperationsMember
BMvaNadCaeAfs;Afschrijvingen van materiële vaste activa;jenv-bw2-i_PropertyPlantEquipmentDepreciation;jenv-bw2-dm:CommercialMember;jenv-bw2-dm:SeparateMember;;;;;jenv-bw2-dm:PropertyPlantEquipmentNotUsedInOperationsMember
BMvaNadCaeDca;Afschrijving op desinvesteringen van materiële vaste activa;jenv-bw2-i_PropertyPlantEquipmentDisposalsDepreciation;jenv-bw2-dm:CommercialMember;jenv-bw2-dm:ConsolidatedMember;;;;;jenv-bw2-dm:PropertyPlantEquipmentNotUsedInOperationsMember
BMvaNadCaeDca;Afschrijving op desinvesteringen van materiële vaste activa;jenv-bw2-i_PropertyPlantEquipmentDisposalsDepreciation;jenv-bw2-dm:CommercialMember;jenv-bw2-dm:SeparateMember;;;;;jenv-bw2-dm:PropertyPlantEquipmentNotUsedInOperationsMember
BMvaNadCaeTvw;Terugneming van waardeverminderingen van materiële vaste activa;jenv-bw2-i_PropertyPlantEquipmentImpairmentReversal;jenv-bw2-dm:CommercialMember;jenv-bw2-dm:ConsolidatedMember;;;;;jenv-bw2-dm:PropertyPlantEquipmentNotUsedInOperationsMember
BMvaNadCaeTvw;Terugneming van waardeverminderingen van materiële vaste activa;jenv-bw2-i_PropertyPlantEquipmentImpairmentReversal;jenv-bw2-dm:CommercialMember;jenv-bw2-dm:SeparateMember;;;;;jenv-bw2-dm:PropertyPlantEquipmentNotUsedInOperationsMember
BMvaNadCaeWvr;Waardeverminderingen van materiële vaste activa;jenv-bw2-i_PropertyPlantEquipmentImpairment;jenv-bw2-dm:CommercialMember;jenv-bw2-dm:ConsolidatedMember;;;;;jenv-bw2-dm:PropertyPlantEquipmentNotUsedInOperationsMember
BMvaNadCaeWvr;Waardeverminderingen van materiële vaste activa;jenv-bw2-i_PropertyPlantEquipmentImpairment;jenv-bw2-dm:CommercialMember;jenv-bw2-dm:SeparateMember;;;;;jenv-bw2-dm:PropertyPlantEquipmentNotUsedInOperationsMember
BMvaNadCuh*;Som der herwaarderingen die betrekking hebben op de materiële vaste activa;jenv-bw2-i_PropertyPlantEquipmentAccumulatedRevaluations;jenv-bw2-dm:CommercialMember;jenv-bw2-dm:ConsolidatedMember;;;;;jenv-bw2-dm:PropertyPlantEquipmentNotUsedInOperationsMember
BMvaNadCuh*;Som der herwaarderingen die betrekking hebben op de materiële vaste activa;jenv-bw2-i_PropertyPlantEquipmentAccumulatedRevaluations;jenv-bw2-dm:CommercialMember;jenv-bw2-dm:SeparateMember;;;;;jenv-bw2-dm:PropertyPlantEquipmentNotUsedInOperationsMember
BMvaNadVvp*;Historische kostprijs van materiële vaste activa;rj-i_PropertyPlantEquipmentCostPrice;jenv-bw2-dm:CommercialMember;jenv-bw2-dm:ConsolidatedMember;;;;;jenv-bw2-dm:PropertyPlantEquipmentNotUsedInOperationsMember
BMvaNadVvp*;Historische kostprijs van materiële vaste activa;rj-i_PropertyPlantEquipmentCostPrice;jenv-bw2-dm:CommercialMember;jenv-bw2-dm:SeparateMember;;;;;jenv-bw2-dm:PropertyPlantEquipmentNotUsedInOperationsMember
BPro*;Onderhanden projecten;rj-i_ConstructionContractsAmount;jenv-bw2-dm:CommercialMember;jenv-bw2-dm:ConsolidatedMember
BPro*;Onderhanden projecten (activa);rj-i_ConstructionContractsAssets;jenv-bw2-dm:CommercialMember;jenv-bw2-dm:ConsolidatedMember
BPro*;Onderhanden projecten;rj-i_ConstructionContractsAmount;jenv-bw2-dm:CommercialMember;jenv-bw2-dm:SeparateMember
BPro*;Onderhanden projecten (activa);rj-i_ConstructionContractsAssets;jenv-bw2-dm:CommercialMember;jenv-bw2-dm:SeparateMember
BProOnpGkn*;Geactiveerde uitgaven voor nog niet verrichte prestaties van onderhanden projecten;rj-i_ConstructionContractsCapitalisedExpensesServicesNotYetRendered;jenv-bw2-dm:CommercialMember;jenv-bw2-dm:ConsolidatedMember
BProOnpGkn*;Geactiveerde uitgaven voor nog niet verrichte prestaties van onderhanden projecten;rj-i_ConstructionContractsCapitalisedExpensesServicesNotYetRendered;jenv-bw2-dm:CommercialMember;jenv-bw2-dm:SeparateMember
BProOnpKvp*;Geactiveerde kosten voor het verkrijgen van een project;rj-cp-i_ContractCosts;jenv-bw2-dm:CommercialMember;jenv-bw2-dm:ConsolidatedMember
BProOnpKvp*;Geactiveerde kosten voor het verkrijgen van een project;rj-cp-i_ContractCosts;jenv-bw2-dm:CommercialMember;jenv-bw2-dm:SeparateMember
BProOnpOpi*;Inhoudingen van opdrachtgevers op gedeclareerde termijnen van onderhanden projecten;rj-i_ConstructionContractsWithheldByClient;jenv-bw2-dm:CommercialMember;jenv-bw2-dm:ConsolidatedMember
BProOnpOpi*;Inhoudingen van opdrachtgevers op gedeclareerde termijnen van onderhanden projecten;rj-i_ConstructionContractsWithheldByClient;jenv-bw2-dm:CommercialMember;jenv-bw2-dm:SeparateMember
BProOnpOpv*;In rekening gebrachte termijnen;rj-i_ConstructionContractsProgressBillings;jenv-bw2-dm:CommercialMember;jenv-bw2-dm:SeparateMember
BSch*;Kortlopende schulden;jenv-bw2-i_LiabilitiesCurrent;jenv-bw2-dm:CommercialMember;jenv-bw2-dm:ConsolidatedMember
BSch*;Kortlopende schulden;jenv-bw2-i_LiabilitiesCurrent;jenv-bw2-dm:CommercialMember;jenv-bw2-dm:SeparateMember
BSchAos*;Aflossingsverplichtingen van langlopende leningen;jenv-bw2-i_RepaymentObligationsOfNoncurrentBorrowings;jenv-bw2-dm:CommercialMember;jenv-bw2-dm:ConsolidatedMember
BSchAos*;Aflossingsverplichtingen van langlopende leningen;jenv-bw2-i_RepaymentObligationsOfNoncurrentBorrowings;jenv-bw2-dm:CommercialMember;jenv-bw2-dm:SeparateMember
BSchCre*;Kortlopende schulden aan leveranciers en handelskredieten;jenv-bw2-i_TradePayablesCurrent;jenv-bw2-dm:CommercialMember;jenv-bw2-dm:ConsolidatedMember
BSchCre*;Kortlopende schulden aan leveranciers en handelskredieten;jenv-bw2-i_TradePayablesCurrent;jenv-bw2-dm:CommercialMember;jenv-bw2-dm:SeparateMember
BSchDha*;Voorgestelde bedrag aan dividenduitkeringen aan houders van eigenvermogensinstrumenten;rj-i_DividendPayableHoldersSharesRecordedAsLiability;jenv-bw2-dm:CommercialMember;jenv-bw2-dm:ConsolidatedMember
BSchDha*;Voorgestelde bedrag aan dividenduitkeringen aan houders van eigenvermogensinstrumenten;rj-i_DividendPayableHoldersSharesRecordedAsLiability;jenv-bw2-dm:CommercialMember;jenv-bw2-dm:SeparateMember
BSchDhp*;Uit te keren dividend aan houders van preferente aandelen;rj-i_DividendPayableHoldersPreferredShares;jenv-bw2-dm:CommercialMember;jenv-bw2-dm:ConsolidatedMember
BSchDhp*;Uit te keren dividend aan houders van preferente aandelen;rj-i_DividendPayableHoldersPreferredShares;jenv-bw2-dm:CommercialMember;jenv-bw2-dm:SeparateMember
BSchKolAlk*;Kortlopende achtergestelde schulden;rj-cp-i_SubordinatedLiabilitiesCurrent;jenv-bw2-dm:CommercialMember;jenv-bw2-dm:ConsolidatedMember
BSchKolAlk*;Kortlopende achtergestelde schulden;rj-cp-i_SubordinatedLiabilitiesCurrent;jenv-bw2-dm:CommercialMember;jenv-bw2-dm:SeparateMember
BSchKolAok*;Kortlopende obligatieleningen, pandbrieven en andere leningen;jenv-bw2-i_DebenturesOtherPrivateLoansCurrent;jenv-bw2-dm:CommercialMember;jenv-bw2-dm:ConsolidatedMember
BSchKolAok*;Kortlopende obligatieleningen, pandbrieven en andere leningen;jenv-bw2-i_DebenturesOtherPrivateLoansCurrent;jenv-bw2-dm:CommercialMember;jenv-bw2-dm:SeparateMember
BSchOpp*;Onderhanden projecten;rj-i_ConstructionContractsAmountRecordedAsLiability;jenv-bw2-dm:CommercialMember;jenv-bw2-dm:ConsolidatedMember
BSchOpp*;Onderhanden projecten (passiva);rj-i_ConstructionContractsLiabilities;jenv-bw2-dm:CommercialMember;jenv-bw2-dm:ConsolidatedMember
BSchOpp*;Onderhanden projecten;rj-i_ConstructionContractsAmountRecordedAsLiability;jenv-bw2-dm:CommercialMember;jenv-bw2-dm:SeparateMember
BSchOpp*;Onderhanden projecten (passiva);rj-i_ConstructionContractsLiabilities;jenv-bw2-dm:CommercialMember;jenv-bw2-dm:SeparateMember
BSchOppOppGkn;Geactiveerde uitgaven voor nog niet verrichte prestaties van onderhanden projecten;rj-i_ConstructionContractsCapitalisedExpensesServicesNotYetRenderedRecordedAsLiability;jenv-bw2-dm:CommercialMember;jenv-bw2-dm:ConsolidatedMember
BSchOppOppGkn;Geactiveerde uitgaven voor nog niet verrichte prestaties van onderhanden projecten;rj-i_ConstructionContractsCapitalisedExpensesServicesNotYetRenderedRecordedAsLiability;jenv-bw2-dm:CommercialMember;jenv-bw2-dm:SeparateMember
BSchOppOppOpi;Inhoudingen van opdrachtgevers op gedeclareerde termijnen van onderhanden projecten;rj-i_ConstructionContractsWithheldByClientRecordedAsLiability;jenv-bw2-dm:CommercialMember;jenv-bw2-dm:ConsolidatedMember
BSchOppOppOpi;Inhoudingen van opdrachtgevers op gedeclareerde termijnen van onderhanden projecten;rj-i_ConstructionContractsWithheldByClientRecordedAsLiability;jenv-bw2-dm:CommercialMember;jenv-bw2-dm:SeparateMember
BSchOppOppOpv;In rekening gebrachte termijnen;rj-i_ConstructionContractsProgressBillingsRecordedAsLiability;jenv-bw2-dm:CommercialMember;jenv-bw2-dm:SeparateMember
BSchSag*;Kortlopende schulden aan groepsmaatschappijen;jenv-bw2-i_PayablesGroupCompaniesCurrent;jenv-bw2-dm:CommercialMember;jenv-bw2-dm:ConsolidatedMember
BSchSag*;Kortlopende schulden aan groepsmaatschappijen;jenv-bw2-i_PayablesGroupCompaniesCurrent;jenv-bw2-dm:CommercialMember;jenv-bw2-dm:SeparateMember
BSchSak*;Kortlopende schulden aan banken;jenv-bw2-i_PayablesBanksCurrent;jenv-bw2-dm:CommercialMember;jenv-bw2-dm:ConsolidatedMember
BSchSak*;Kortlopende schulden aan banken;jenv-bw2-i_PayablesBanksCurrent;jenv-bw2-dm:CommercialMember;jenv-bw2-dm:SeparateMember
BSchSalTbv;Schulden uit hoofde van vakantiedagen;rj-i_PayablesVacationDays;jenv-bw2-dm:CommercialMember;jenv-bw2-dm:ConsolidatedMember
BSchSalTbv;Schulden uit hoofde van vakantiedagen;rj-i_PayablesVacationDays;jenv-bw2-dm:CommercialMember;jenv-bw2-dm:SeparateMember
BSchSao*;Kortlopende schulden aan overige verbonden maatschappijen;jenv-bw2-i_PayablesOtherAffiliatedCompaniesCurrent;jenv-bw2-dm:CommercialMember;jenv-bw2-dm:ConsolidatedMember
BSchSao*;Kortlopende schulden aan overige verbonden maatschappijen;jenv-bw2-i_PayablesOtherAffiliatedCompaniesCurrent;jenv-bw2-dm:CommercialMember;jenv-bw2-dm:SeparateMember
BSchSap*;Kortlopende schulden aan rechtspersonen en vennootschappen die een deelneming hebben in de rechtspersoon of waarin de rechtspersoon een deelneming heeft;jenv-bw2-i_PayablesShareholdersParticipatingInterestsCurrent;jenv-bw2-dm:CommercialMember;jenv-bw2-dm:ConsolidatedMember
BSchSap*;Kortlopende schulden aan rechtspersonen en vennootschappen die een deelneming hebben in de rechtspersoon of waarin de rechtspersoon een deelneming heeft;jenv-bw2-i_PayablesShareholdersParticipatingInterestsCurrent;jenv-bw2-dm:CommercialMember;jenv-bw2-dm:SeparateMember
BSchStz*;Kortlopende schulden ter zake van pensioenen;jenv-bw2-i_PensionPayablesCurrent;jenv-bw2-dm:CommercialMember;jenv-bw2-dm:ConsolidatedMember
BSchStz*;Kortlopende schulden ter zake van pensioenen;jenv-bw2-i_PensionPayablesCurrent;jenv-bw2-dm:CommercialMember;jenv-bw2-dm:SeparateMember
BSchTbw*;Kortlopende te betalen wissels en cheques;jenv-bw2-i_BillsExchangeChequesPayableCurrent;jenv-bw2-dm:CommercialMember;jenv-bw2-dm:ConsolidatedMember
BSchTbw*;Kortlopende te betalen wissels en cheques;jenv-bw2-i_BillsExchangeChequesPayableCurrent;jenv-bw2-dm:CommercialMember;jenv-bw2-dm:SeparateMember
BSchVob*;Kortlopende ontvangen vooruitbetalingen op bestellingen voor zover niet reeds op actiefposten in mindering gebracht;jenv-bw2-i_AdvancesReceivedCurrent;jenv-bw2-dm:CommercialMember;jenv-bw2-dm:ConsolidatedMember
BSchVob*;Kortlopende ontvangen vooruitbetalingen op bestellingen voor zover niet reeds op actiefposten in mindering gebracht;jenv-bw2-i_AdvancesReceivedCurrent;jenv-bw2-dm:CommercialMember;jenv-bw2-dm:SeparateMember
BVas*;Vastgoedbeleggingen;rj-i_InvestmentProperties;jenv-bw2-dm:CommercialMember;jenv-bw2-dm:ConsolidatedMember
BVas*;Vastgoedbeleggingen;rj-i_InvestmentProperties;jenv-bw2-dm:CommercialMember;jenv-bw2-dm:ConsolidatedMember;;;;rj-dm:InvestmentPropertiesMember
BVas*;Vastgoedbeleggingen;rj-i_InvestmentProperties;jenv-bw2-dm:CommercialMember;jenv-bw2-dm:SeparateMember
BVas*;Vastgoedbeleggingen;rj-i_InvestmentProperties;jenv-bw2-dm:CommercialMember;jenv-bw2-dm:SeparateMember;;;;rj-dm:InvestmentPropertiesMember
BVas??????Ado;Investeringen in vastgoedbeleggingen uit hoofde van overnames;rj-i_InvestmentPropertiesAdditionsThroughAcquisitions;jenv-bw2-dm:CommercialMember;jenv-bw2-dm:ConsolidatedMember;;;;rj-dm:InvestmentPropertiesMember
BVas??????Ado;Investeringen in vastgoedbeleggingen uit hoofde van overnames;rj-i_InvestmentPropertiesAdditionsThroughAcquisitions;jenv-bw2-dm:CommercialMember;jenv-bw2-dm:SeparateMember;;;;rj-dm:InvestmentPropertiesMember
BVas??????Afs;Afschrijvingen van vastgoedbeleggingen;rj-i_InvestmentPropertiesDepreciation;jenv-bw2-dm:CommercialMember;jenv-bw2-dm:SeparateMember;;;;rj-dm:InvestmentPropertiesMember
BVas??????Dca;Afschrijvingen op desinvesteringen van vastgoedbeleggingen;rj-i_InvestmentPropertiesDisposalsDepreciation;jenv-bw2-dm:CommercialMember;jenv-bw2-dm:ConsolidatedMember;;;;rj-dm:InvestmentPropertiesMember
BVas??????Dca;Afschrijvingen op desinvesteringen van vastgoedbeleggingen;rj-i_InvestmentPropertiesDisposalsDepreciation;jenv-bw2-dm:CommercialMember;jenv-bw2-dm:SeparateMember;;;;rj-dm:InvestmentPropertiesMember
BVas??????Omv;Omrekeningsverschillen van jaarrekeningen van buitenlandse entiteit;rj-i_InvestmentPropertiesExchangeDifferences;jenv-bw2-dm:CommercialMember;jenv-bw2-dm:ConsolidatedMember;;;;rj-dm:InvestmentPropertiesMember
BVas??????Omv;Omrekeningsverschillen van jaarrekeningen van buitenlandse entiteit;rj-i_InvestmentPropertiesExchangeDifferences;jenv-bw2-dm:CommercialMember;jenv-bw2-dm:SeparateMember;;;;rj-dm:InvestmentPropertiesMember
BVas??????Raw;Winsten of verliezen als gevolg van aanpassingen van de reële waarde van vastgoedbeleggingen;rj-i_InvestmentPropertiesChangesInFairValue;jenv-bw2-dm:CommercialMember;jenv-bw2-dm:ConsolidatedMember;;;;rj-dm:InvestmentPropertiesMember
BVas??????Raw;Winsten of verliezen als gevolg van aanpassingen van de reële waarde van vastgoedbeleggingen;rj-i_InvestmentPropertiesChangesInFairValue;jenv-bw2-dm:CommercialMember;jenv-bw2-dm:SeparateMember;;;;rj-dm:InvestmentPropertiesMember
BVas??????Tvw;Terugneming van bijzondere waardeverminderingen van vastgoedbeleggingen;rj-i_InvestmentPropertiesImpairmentReversal;jenv-bw2-dm:CommercialMember;jenv-bw2-dm:ConsolidatedMember;;;;rj-dm:InvestmentPropertiesMember
BVas??????Tvw;Terugneming van bijzondere waardeverminderingen van vastgoedbeleggingen;rj-i_InvestmentPropertiesImpairmentReversal;jenv-bw2-dm:CommercialMember;jenv-bw2-dm:SeparateMember;;;;rj-dm:InvestmentPropertiesMember
BVas??????Une;Uitgaven na eerste waardering van vastgoedbeleggingen;rj-i_InvestmentPropertiesAdditionsSubsequentExpenditures;jenv-bw2-dm:CommercialMember;jenv-bw2-dm:ConsolidatedMember;;;;rj-dm:InvestmentPropertiesMember
BVas??????Une;Uitgaven na eerste waardering van vastgoedbeleggingen;rj-i_InvestmentPropertiesAdditionsSubsequentExpenditures;jenv-bw2-dm:CommercialMember;jenv-bw2-dm:SeparateMember;;;;rj-dm:InvestmentPropertiesMember
BVas???Akp*;Actuele kostprijs van vastgoedbeleggingen;rj-i_InvestmentPropertiesActualCostPrice;jenv-bw2-dm:CommercialMember;jenv-bw2-dm:ConsolidatedMember;;;;rj-dm:InvestmentPropertiesMember
BVas???Akp*;Actuele kostprijs van vastgoedbeleggingen;rj-i_InvestmentPropertiesActualCostPrice;jenv-bw2-dm:CommercialMember;jenv-bw2-dm:SeparateMember;;;;rj-dm:InvestmentPropertiesMember
BVas???Cuh*;Som der herwaardering van vastgoedbeleggingen;rj-i_InvestmentPropertiesAccumulatedRevaluations;jenv-bw2-dm:CommercialMember;jenv-bw2-dm:ConsolidatedMember;;;;rj-dm:InvestmentPropertiesMember
BVas???Cuh*;Som der herwaardering van vastgoedbeleggingen;rj-i_InvestmentPropertiesAccumulatedRevaluations;jenv-bw2-dm:CommercialMember;jenv-bw2-dm:SeparateMember;;;;rj-dm:InvestmentPropertiesMember
BVas???Vvp*;Historische kostprijs van vastgoedbeleggingen;rj-i_InvestmentPropertiesCostPrice;jenv-bw2-dm:CommercialMember;jenv-bw2-dm:ConsolidatedMember;;;;rj-dm:InvestmentPropertiesMember
BVas???Vvp*;Historische kostprijs van vastgoedbeleggingen;rj-i_InvestmentPropertiesCostPrice;jenv-bw2-dm:CommercialMember;jenv-bw2-dm:SeparateMember;;;;rj-dm:InvestmentPropertiesMember
BVasVio*;Vastgoedbeleggingen in ontwikkeling;rj-i_InvestmentPropertiesInDevelopment;jenv-bw2-dm:CommercialMember;jenv-bw2-dm:ConsolidatedMember
BVasVio*;Vastgoedbeleggingen in ontwikkeling;rj-i_RealEstateInDevelopment;jenv-bw2-dm:CommercialMember;jenv-bw2-dm:ConsolidatedMember
BVasVio*;Vastgoedbeleggingen;rj-i_InvestmentProperties;jenv-bw2-dm:CommercialMember;jenv-bw2-dm:ConsolidatedMember;;;;rj-dm:InvestmentPropertiesInDevelopmentMember
BVasVio*;Vastgoedbeleggingen in ontwikkeling;rj-i_InvestmentPropertiesInDevelopment;jenv-bw2-dm:CommercialMember;jenv-bw2-dm:SeparateMember
BVasVio*;Vastgoedbeleggingen in ontwikkeling;rj-i_RealEstateInDevelopment;jenv-bw2-dm:CommercialMember;jenv-bw2-dm:SeparateMember
BVasVio*;Vastgoedbeleggingen;rj-i_InvestmentProperties;jenv-bw2-dm:CommercialMember;jenv-bw2-dm:SeparateMember;;;;rj-dm:InvestmentPropertiesInDevelopmentMember
BVasVio???Ado;Investeringen in vastgoedbeleggingen uit hoofde van overnames;rj-i_InvestmentPropertiesAdditionsThroughAcquisitions;jenv-bw2-dm:CommercialMember;jenv-bw2-dm:ConsolidatedMember;;;;rj-dm:InvestmentPropertiesInDevelopmentMember
BVasVio???Ado;Investeringen in vastgoedbeleggingen uit hoofde van overnames;rj-i_InvestmentPropertiesAdditionsThroughAcquisitions;jenv-bw2-dm:CommercialMember;jenv-bw2-dm:SeparateMember;;;;rj-dm:InvestmentPropertiesInDevelopmentMember
BVasVio???Omv;Omrekeningsverschillen van jaarrekeningen van buitenlandse entiteit;rj-i_InvestmentPropertiesExchangeDifferences;jenv-bw2-dm:CommercialMember;jenv-bw2-dm:ConsolidatedMember;;;;rj-dm:InvestmentPropertiesInDevelopmentMember
BVasVio???Omv;Omrekeningsverschillen van jaarrekeningen van buitenlandse entiteit;rj-i_InvestmentPropertiesExchangeDifferences;jenv-bw2-dm:CommercialMember;jenv-bw2-dm:SeparateMember;;;;rj-dm:InvestmentPropertiesInDevelopmentMember
BVasVio???Une;Uitgaven na eerste waardering van vastgoedbeleggingen;rj-i_InvestmentPropertiesAdditionsSubsequentExpenditures;jenv-bw2-dm:CommercialMember;jenv-bw2-dm:ConsolidatedMember;;;;rj-dm:InvestmentPropertiesInDevelopmentMember
BVasVio???Une;Uitgaven na eerste waardering van vastgoedbeleggingen;rj-i_InvestmentPropertiesAdditionsSubsequentExpenditures;jenv-bw2-dm:CommercialMember;jenv-bw2-dm:SeparateMember;;;;rj-dm:InvestmentPropertiesInDevelopmentMember
BVasVioAkp*;Actuele kostprijs van vastgoedbeleggingen;rj-i_InvestmentPropertiesActualCostPrice;jenv-bw2-dm:CommercialMember;jenv-bw2-dm:ConsolidatedMember;;;;rj-dm:InvestmentPropertiesInDevelopmentMember
BVasVioAkp*;Actuele kostprijs van vastgoedbeleggingen;rj-i_InvestmentPropertiesActualCostPrice;jenv-bw2-dm:CommercialMember;jenv-bw2-dm:SeparateMember;;;;rj-dm:InvestmentPropertiesInDevelopmentMember
BVasVioCaeDca;Afschrijvingen op desinvesteringen van vastgoedbeleggingen;rj-i_InvestmentPropertiesDisposalsDepreciation;jenv-bw2-dm:CommercialMember;jenv-bw2-dm:ConsolidatedMember;;;;rj-dm:InvestmentPropertiesInDevelopmentMember
BVasVioCaeDca;Afschrijvingen op desinvesteringen van vastgoedbeleggingen;rj-i_InvestmentPropertiesDisposalsDepreciation;jenv-bw2-dm:CommercialMember;jenv-bw2-dm:SeparateMember;;;;rj-dm:InvestmentPropertiesInDevelopmentMember
BVasVioCaeTvw;Terugneming van bijzondere waardeverminderingen van vastgoedbeleggingen;rj-i_InvestmentPropertiesImpairmentReversal;jenv-bw2-dm:CommercialMember;jenv-bw2-dm:ConsolidatedMember;;;;rj-dm:InvestmentPropertiesInDevelopmentMember
BVasVioCaeTvw;Terugneming van bijzondere waardeverminderingen van vastgoedbeleggingen;rj-i_InvestmentPropertiesImpairmentReversal;jenv-bw2-dm:CommercialMember;jenv-bw2-dm:SeparateMember;;;;rj-dm:InvestmentPropertiesInDevelopmentMember
BVasVioCuh*;Som der herwaardering van vastgoedbeleggingen;rj-i_InvestmentPropertiesAccumulatedRevaluations;jenv-bw2-dm:CommercialMember;jenv-bw2-dm:ConsolidatedMember;;;;rj-dm:InvestmentPropertiesInDevelopmentMember
BVasVioCuh*;Som der herwaardering van vastgoedbeleggingen;rj-i_InvestmentPropertiesAccumulatedRevaluations;jenv-bw2-dm:CommercialMember;jenv-bw2-dm:SeparateMember;;;;rj-dm:InvestmentPropertiesInDevelopmentMember
BVasVioCuhRaw;Winsten of verliezen als gevolg van aanpassingen van de reële waarde van vastgoedbeleggingen;rj-i_InvestmentPropertiesChangesInFairValue;jenv-bw2-dm:CommercialMember;jenv-bw2-dm:ConsolidatedMember;;;;rj-dm:InvestmentPropertiesInDevelopmentMember
BVasVioCuhRaw;Winsten of verliezen als gevolg van aanpassingen van de reële waarde van vastgoedbeleggingen;rj-i_InvestmentPropertiesChangesInFairValue;jenv-bw2-dm:CommercialMember;jenv-bw2-dm:SeparateMember;;;;rj-dm:InvestmentPropertiesInDevelopmentMember
BVasVioVvp*;Historische kostprijs van vastgoedbeleggingen;rj-i_InvestmentPropertiesCostPrice;jenv-bw2-dm:CommercialMember;jenv-bw2-dm:ConsolidatedMember;;;;rj-dm:InvestmentPropertiesInDevelopmentMember
BVasVioVvp*;Historische kostprijs van vastgoedbeleggingen;rj-i_InvestmentPropertiesCostPrice;jenv-bw2-dm:CommercialMember;jenv-bw2-dm:SeparateMember;;;;rj-dm:InvestmentPropertiesInDevelopmentMember
BVor*;Vorderingen;jenv-bw2-i_Receivables;jenv-bw2-dm:CommercialMember;jenv-bw2-dm:ConsolidatedMember
BVor*;Vorderingen;jenv-bw2-i_Receivables;jenv-bw2-dm:CommercialMember;jenv-bw2-dm:SeparateMember
BVorDeb*;Vorderingen op handelsdebiteuren;jenv-bw2-i_TradeReceivables;jenv-bw2-dm:CommercialMember;jenv-bw2-dm:ConsolidatedMember
BVorDeb*;Netto vorderingen op handelsdebiteuren;rj-i_TradeReceivablesNet;jenv-bw2-dm:CommercialMember;jenv-bw2-dm:ConsolidatedMember
BVorDeb*;Vorderingen op handelsdebiteuren;jenv-bw2-i_TradeReceivables;jenv-bw2-dm:CommercialMember;jenv-bw2-dm:SeparateMember
BVorDeb*;Netto vorderingen op handelsdebiteuren;rj-i_TradeReceivablesNet;jenv-bw2-dm:CommercialMember;jenv-bw2-dm:SeparateMember
BVorLbv*;Kortlopende latente belastingvorderingen;rj-i_DeferredTaxAssetsCurrent;jenv-bw2-dm:CommercialMember;jenv-bw2-dm:ConsolidatedMember
BVorLbv*;Kortlopende latente belastingvorderingen;rj-i_DeferredTaxAssetsCurrent;jenv-bw2-dm:CommercialMember;jenv-bw2-dm:SeparateMember
BVorOvaPen*;Pensioenvordering overlopende activa vorderingen;rj-i_PensionReceivablesReceivablesAccruedIncome;jenv-bw2-dm:CommercialMember;jenv-bw2-dm:ConsolidatedMember
BVorOvaPen*;Pensioenvordering overlopende activa vorderingen;rj-i_PensionReceivablesReceivablesAccruedIncome;jenv-bw2-dm:CommercialMember;jenv-bw2-dm:SeparateMember
BVorVbkTvv;Vorderingen uit belastingen naar de winst;rj-i_ReceivablesIncomeTax;jenv-bw2-dm:CommercialMember;jenv-bw2-dm:ConsolidatedMember
BVorVbkTvv;Vorderingen uit belastingen naar de winst;rj-i_ReceivablesIncomeTax;jenv-bw2-dm:CommercialMember;jenv-bw2-dm:SeparateMember
BVorVog*;Kortlopende vorderingen op groepsmaatschappijen;jenv-bw2-i_ReceivablesGroupCompaniesCurrent;jenv-bw2-dm:CommercialMember;jenv-bw2-dm:ConsolidatedMember
BVorVog*;Kortlopende vorderingen op groepsmaatschappijen;jenv-bw2-i_ReceivablesGroupCompaniesCurrent;jenv-bw2-dm:CommercialMember;jenv-bw2-dm:SeparateMember
BVorVop*;Kortlopende vorderingen op andere rechtspersonen en vennootschappen die een deelneming hebben in de rechtspersoon of waarin de rechtspersoon een deelneming heeft;jenv-bw2-i_ReceivablesShareholdersParticipatingInterestsCurrent;jenv-bw2-dm:CommercialMember;jenv-bw2-dm:ConsolidatedMember
BVorVop*;Kortlopende vorderingen op andere rechtspersonen en vennootschappen die een deelneming hebben in de rechtspersoon of waarin de rechtspersoon een deelneming heeft;jenv-bw2-i_ReceivablesShareholdersParticipatingInterestsCurrent;jenv-bw2-dm:CommercialMember;jenv-bw2-dm:SeparateMember
BVorVov*;Kortlopende vorderingen op overige verbonden maatschappijen;jenv-bw2-i_ReceivablesOtherAffiliatedCompaniesCurrent;jenv-bw2-dm:CommercialMember;jenv-bw2-dm:ConsolidatedMember
BVorVov*;Kortlopende vorderingen op overige verbonden maatschappijen;jenv-bw2-i_ReceivablesOtherAffiliatedCompaniesCurrent;jenv-bw2-dm:CommercialMember;jenv-bw2-dm:SeparateMember
BVorVpk*;Pensioenvordering overige vorderingen;rj-i_PensionReceivablesReceivablesOtherCurrent;jenv-bw2-dm:CommercialMember;jenv-bw2-dm:ConsolidatedMember
BVorVpk*;Pensioenvordering overige vorderingen;rj-i_PensionReceivablesReceivablesOtherCurrent;jenv-bw2-dm:CommercialMember;jenv-bw2-dm:SeparateMember
BVrd*;Voorraden;jenv-bw2-i_Inventories;jenv-bw2-dm:CommercialMember;jenv-bw2-dm:ConsolidatedMember
BVrd*;Voorraden;jenv-bw2-i_Inventories;jenv-bw2-dm:CommercialMember;jenv-bw2-dm:SeparateMember
BVrdOwe*;Onderhanden werk;jenv-bw2-i_WorkInProgress;jenv-bw2-dm:CommercialMember;jenv-bw2-dm:ConsolidatedMember
BVrdOwe*;Onderhanden werk;jenv-bw2-i_WorkInProgress;jenv-bw2-dm:CommercialMember;jenv-bw2-dm:SeparateMember
BVrdVrv*;Vooruitbetalingen op voorraden;jenv-bw2-i_PrepaymentsInventories;jenv-bw2-dm:CommercialMember;jenv-bw2-dm:ConsolidatedMember
BVrdVrv*;Vooruitbetalingen op voorraden;jenv-bw2-i_PrepaymentsInventories;jenv-bw2-dm:CommercialMember;jenv-bw2-dm:SeparateMember
BVrz*;Voorzieningen;jenv-bw2-i_Provisions;jenv-bw2-dm:CommercialMember;jenv-bw2-dm:ConsolidatedMember
BVrz*;Voorzieningen;jenv-bw2-i_Provisions;jenv-bw2-dm:CommercialMember;jenv-bw2-dm:ConsolidatedMember;jenv-bw2-dm:ProvisionsMember
BVrz*;Voorzieningen;jenv-bw2-i_Provisions;jenv-bw2-dm:CommercialMember;jenv-bw2-dm:SeparateMember
BVrz*;Voorzieningen;jenv-bw2-i_Provisions;jenv-bw2-dm:CommercialMember;jenv-bw2-dm:SeparateMember;jenv-bw2-dm:ProvisionsMember
BVrz??????Oev;Oprenting van voorzieningen en veranderingen van de disconteringsvoet;rj-i_ProvisionsYieldedInterest;jenv-bw2-dm:CommercialMember;jenv-bw2-dm:ConsolidatedMember;jenv-bw2-dm:ProvisionsMember
BVrz??????Oev;Oprenting van voorzieningen en veranderingen van de disconteringsvoet;rj-i_ProvisionsYieldedInterest;jenv-bw2-dm:CommercialMember;jenv-bw2-dm:SeparateMember;jenv-bw2-dm:ProvisionsMember
BVrz??????Omv;Wijzigingen van voorzieningen als gevolg van valuta-omrekeningsverschillen;rj-i_ProvisionsExchangeDifferences;jenv-bw2-dm:CommercialMember;jenv-bw2-dm:ConsolidatedMember;jenv-bw2-dm:ProvisionsMember
BVrz??????Omv;Wijzigingen van voorzieningen als gevolg van valuta-omrekeningsverschillen;rj-i_ProvisionsExchangeDifferences;jenv-bw2-dm:CommercialMember;jenv-bw2-dm:SeparateMember;jenv-bw2-dm:ProvisionsMember
BVrz??????Vri;Niet gebruikte bedragen die zijn vrijgevallen;rj-i_ProvisionsRelease;jenv-bw2-dm:CommercialMember;jenv-bw2-dm:ConsolidatedMember;jenv-bw2-dm:ProvisionsMember
BVrz??????Vri;Niet gebruikte bedragen die zijn vrijgevallen;rj-i_ProvisionsRelease;jenv-bw2-dm:CommercialMember;jenv-bw2-dm:SeparateMember;jenv-bw2-dm:ProvisionsMember
BVrzOvzAgb*;Voorziening uit hoofde van op aandelen gebaseerde betalingen;rj-i_ProvisionShareBasedPayments;jenv-bw2-dm:CommercialMember;jenv-bw2-dm:ConsolidatedMember
BVrzOvzAgb*;Voorzieningen;jenv-bw2-i_Provisions;jenv-bw2-dm:CommercialMember;jenv-bw2-dm:ConsolidatedMember;rj-dm:ProvisionShareBasedPaymentsMember
BVrzOvzAgb*;Voorziening uit hoofde van op aandelen gebaseerde betalingen;rj-i_ProvisionShareBasedPayments;jenv-bw2-dm:CommercialMember;jenv-bw2-dm:SeparateMember
BVrzOvzAgb*;Voorzieningen;jenv-bw2-i_Provisions;jenv-bw2-dm:CommercialMember;jenv-bw2-dm:SeparateMember;rj-dm:ProvisionShareBasedPaymentsMember
BVrzOvzAgbOev;Oprenting van voorzieningen en veranderingen van de disconteringsvoet;rj-i_ProvisionsYieldedInterest;jenv-bw2-dm:CommercialMember;jenv-bw2-dm:ConsolidatedMember;rj-dm:ProvisionShareBasedPaymentsMember
BVrzOvzAgbOev;Oprenting van voorzieningen en veranderingen van de disconteringsvoet;rj-i_ProvisionsYieldedInterest;jenv-bw2-dm:CommercialMember;jenv-bw2-dm:SeparateMember;rj-dm:ProvisionShareBasedPaymentsMember
BVrzOvzAgbOmv;Wijzigingen van voorzieningen als gevolg van valuta-omrekeningsverschillen;rj-i_ProvisionsExchangeDifferences;jenv-bw2-dm:CommercialMember;jenv-bw2-dm:ConsolidatedMember;rj-dm:ProvisionShareBasedPaymentsMember
BVrzOvzAgbOmv;Wijzigingen van voorzieningen als gevolg van valuta-omrekeningsverschillen;rj-i_ProvisionsExchangeDifferences;jenv-bw2-dm:CommercialMember;jenv-bw2-dm:SeparateMember;rj-dm:ProvisionShareBasedPaymentsMember
BVrzOvzAgbOnt;Uitgaven ten laste van de voorziening gebracht;rj-i_ProvisionsUsage;jenv-bw2-dm:CommercialMember;jenv-bw2-dm:ConsolidatedMember;rj-dm:ProvisionShareBasedPaymentsMember
BVrzOvzAgbOnt;Uitgaven ten laste van de voorziening gebracht;rj-i_ProvisionsUsage;jenv-bw2-dm:CommercialMember;jenv-bw2-dm:SeparateMember;rj-dm:ProvisionShareBasedPaymentsMember
BVrzOvzAgbToe;Nieuw gevormde voorzieningen;rj-i_ProvisionsAdditions;jenv-bw2-dm:CommercialMember;jenv-bw2-dm:ConsolidatedMember;rj-dm:ProvisionShareBasedPaymentsMember
BVrzOvzAgbToe;Nieuw gevormde voorzieningen;rj-i_ProvisionsAdditions;jenv-bw2-dm:CommercialMember;jenv-bw2-dm:SeparateMember;rj-dm:ProvisionShareBasedPaymentsMember
BVrzOvzAgbVri;Niet gebruikte bedragen die zijn vrijgevallen;rj-i_ProvisionsRelease;jenv-bw2-dm:CommercialMember;jenv-bw2-dm:ConsolidatedMember;rj-dm:ProvisionShareBasedPaymentsMember
BVrzOvzAgbVri;Niet gebruikte bedragen die zijn vrijgevallen;rj-i_ProvisionsRelease;jenv-bw2-dm:CommercialMember;jenv-bw2-dm:SeparateMember;rj-dm:ProvisionShareBasedPaymentsMember
BVrzOvzArb*;Voorziening voor verzekering van arbeidsongeschiktheidsrisico's;rj-i_ProvisionInsuranceDisabilityRisks;jenv-bw2-dm:CommercialMember;jenv-bw2-dm:ConsolidatedMember
BVrzOvzArb*;Voorzieningen;jenv-bw2-i_Provisions;jenv-bw2-dm:CommercialMember;jenv-bw2-dm:ConsolidatedMember;rj-dm:ProvisionInsuranceDisabilityRisksMember
BVrzOvzArb*;Voorziening voor verzekering van arbeidsongeschiktheidsrisico's;rj-i_ProvisionInsuranceDisabilityRisks;jenv-bw2-dm:CommercialMember;jenv-bw2-dm:SeparateMember
BVrzOvzArb*;Voorzieningen;jenv-bw2-i_Provisions;jenv-bw2-dm:CommercialMember;jenv-bw2-dm:SeparateMember;rj-dm:ProvisionInsuranceDisabilityRisksMember
BVrzOvzArbOev;Oprenting van voorzieningen en veranderingen van de disconteringsvoet;rj-i_ProvisionsYieldedInterest;jenv-bw2-dm:CommercialMember;jenv-bw2-dm:ConsolidatedMember;rj-dm:ProvisionInsuranceDisabilityRisksMember
BVrzOvzArbOev;Oprenting van voorzieningen en veranderingen van de disconteringsvoet;rj-i_ProvisionsYieldedInterest;jenv-bw2-dm:CommercialMember;jenv-bw2-dm:SeparateMember;rj-dm:ProvisionInsuranceDisabilityRisksMember
BVrzOvzArbOmv;Wijzigingen van voorzieningen als gevolg van valuta-omrekeningsverschillen;rj-i_ProvisionsExchangeDifferences;jenv-bw2-dm:CommercialMember;jenv-bw2-dm:ConsolidatedMember;rj-dm:ProvisionInsuranceDisabilityRisksMember
BVrzOvzArbOmv;Wijzigingen van voorzieningen als gevolg van valuta-omrekeningsverschillen;rj-i_ProvisionsExchangeDifferences;jenv-bw2-dm:CommercialMember;jenv-bw2-dm:SeparateMember;rj-dm:ProvisionInsuranceDisabilityRisksMember
BVrzOvzArbOnt;Uitgaven ten laste van de voorziening gebracht;rj-i_ProvisionsUsage;jenv-bw2-dm:CommercialMember;jenv-bw2-dm:ConsolidatedMember;rj-dm:ProvisionInsuranceDisabilityRisksMember
BVrzOvzArbOnt;Uitgaven ten laste van de voorziening gebracht;rj-i_ProvisionsUsage;jenv-bw2-dm:CommercialMember;jenv-bw2-dm:SeparateMember;rj-dm:ProvisionInsuranceDisabilityRisksMember
BVrzOvzArbToe;Nieuw gevormde voorzieningen;rj-i_ProvisionsAdditions;jenv-bw2-dm:CommercialMember;jenv-bw2-dm:ConsolidatedMember;rj-dm:ProvisionInsuranceDisabilityRisksMember
BVrzOvzArbToe;Nieuw gevormde voorzieningen;rj-i_ProvisionsAdditions;jenv-bw2-dm:CommercialMember;jenv-bw2-dm:SeparateMember;rj-dm:ProvisionInsuranceDisabilityRisksMember
BVrzOvzArbVri;Niet gebruikte bedragen die zijn vrijgevallen;rj-i_ProvisionsRelease;jenv-bw2-dm:CommercialMember;jenv-bw2-dm:ConsolidatedMember;rj-dm:ProvisionInsuranceDisabilityRisksMember
BVrzOvzArbVri;Niet gebruikte bedragen die zijn vrijgevallen;rj-i_ProvisionsRelease;jenv-bw2-dm:CommercialMember;jenv-bw2-dm:SeparateMember;rj-dm:ProvisionInsuranceDisabilityRisksMember
BVrzOvzGar*;Garantievoorziening;rj-i_ProvisionWarranty;jenv-bw2-dm:CommercialMember;jenv-bw2-dm:ConsolidatedMember
BVrzOvzGar*;Voorzieningen;jenv-bw2-i_Provisions;jenv-bw2-dm:CommercialMember;jenv-bw2-dm:ConsolidatedMember;rj-dm:ProvisionWarrantyMember
BVrzOvzGar*;Garantievoorziening;rj-i_ProvisionWarranty;jenv-bw2-dm:CommercialMember;jenv-bw2-dm:SeparateMember
BVrzOvzGar*;Voorzieningen;jenv-bw2-i_Provisions;jenv-bw2-dm:CommercialMember;jenv-bw2-dm:SeparateMember;rj-dm:ProvisionWarrantyMember
BVrzOvzGarOev;Oprenting van voorzieningen en veranderingen van de disconteringsvoet;rj-i_ProvisionsYieldedInterest;jenv-bw2-dm:CommercialMember;jenv-bw2-dm:ConsolidatedMember;rj-dm:ProvisionWarrantyMember
BVrzOvzGarOev;Oprenting van voorzieningen en veranderingen van de disconteringsvoet;rj-i_ProvisionsYieldedInterest;jenv-bw2-dm:CommercialMember;jenv-bw2-dm:SeparateMember;rj-dm:ProvisionWarrantyMember
BVrzOvzGarOmv;Wijzigingen van voorzieningen als gevolg van valuta-omrekeningsverschillen;rj-i_ProvisionsExchangeDifferences;jenv-bw2-dm:CommercialMember;jenv-bw2-dm:ConsolidatedMember;rj-dm:ProvisionWarrantyMember
BVrzOvzGarOmv;Wijzigingen van voorzieningen als gevolg van valuta-omrekeningsverschillen;rj-i_ProvisionsExchangeDifferences;jenv-bw2-dm:CommercialMember;jenv-bw2-dm:SeparateMember;rj-dm:ProvisionWarrantyMember
BVrzOvzGarOnt;Uitgaven ten laste van de voorziening gebracht;rj-i_ProvisionsUsage;jenv-bw2-dm:CommercialMember;jenv-bw2-dm:ConsolidatedMember;rj-dm:ProvisionWarrantyMember
BVrzOvzGarOnt;Uitgaven ten laste van de voorziening gebracht;rj-i_ProvisionsUsage;jenv-bw2-dm:CommercialMember;jenv-bw2-dm:SeparateMember;rj-dm:ProvisionWarrantyMember
BVrzOvzGarToe;Nieuw gevormde voorzieningen;rj-i_ProvisionsAdditions;jenv-bw2-dm:CommercialMember;jenv-bw2-dm:ConsolidatedMember;rj-dm:ProvisionWarrantyMember
BVrzOvzGarToe;Nieuw gevormde voorzieningen;rj-i_ProvisionsAdditions;jenv-bw2-dm:CommercialMember;jenv-bw2-dm:SeparateMember;rj-dm:ProvisionWarrantyMember
BVrzOvzGarVri;Niet gebruikte bedragen die zijn vrijgevallen;rj-i_ProvisionsRelease;jenv-bw2-dm:CommercialMember;jenv-bw2-dm:ConsolidatedMember;rj-dm:ProvisionWarrantyMember
BVrzOvzGarVri;Niet gebruikte bedragen die zijn vrijgevallen;rj-i_ProvisionsRelease;jenv-bw2-dm:CommercialMember;jenv-bw2-dm:SeparateMember;rj-dm:ProvisionWarrantyMember
BVrzOvzJub*;Voorziening voor jubileumuitkeringen;rj-i_ProvisionJubileeBenefits;jenv-bw2-dm:CommercialMember;jenv-bw2-dm:ConsolidatedMember
BVrzOvzJub*;Voorzieningen;jenv-bw2-i_Provisions;jenv-bw2-dm:CommercialMember;jenv-bw2-dm:ConsolidatedMember;rj-dm:ProvisionJubileeBenefitsMember
BVrzOvzJub*;Voorziening voor jubileumuitkeringen;rj-i_ProvisionJubileeBenefits;jenv-bw2-dm:CommercialMember;jenv-bw2-dm:SeparateMember
BVrzOvzJub*;Voorzieningen;jenv-bw2-i_Provisions;jenv-bw2-dm:CommercialMember;jenv-bw2-dm:SeparateMember;rj-dm:ProvisionJubileeBenefitsMember
BVrzOvzJubOev;Oprenting van voorzieningen en veranderingen van de disconteringsvoet;rj-i_ProvisionsYieldedInterest;jenv-bw2-dm:CommercialMember;jenv-bw2-dm:ConsolidatedMember;rj-dm:ProvisionJubileeBenefitsMember
BVrzOvzJubOev;Oprenting van voorzieningen en veranderingen van de disconteringsvoet;rj-i_ProvisionsYieldedInterest;jenv-bw2-dm:CommercialMember;jenv-bw2-dm:SeparateMember;rj-dm:ProvisionJubileeBenefitsMember
BVrzOvzJubOmv;Wijzigingen van voorzieningen als gevolg van valuta-omrekeningsverschillen;rj-i_ProvisionsExchangeDifferences;jenv-bw2-dm:CommercialMember;jenv-bw2-dm:ConsolidatedMember;rj-dm:ProvisionJubileeBenefitsMember
BVrzOvzJubOmv;Wijzigingen van voorzieningen als gevolg van valuta-omrekeningsverschillen;rj-i_ProvisionsExchangeDifferences;jenv-bw2-dm:CommercialMember;jenv-bw2-dm:SeparateMember;rj-dm:ProvisionJubileeBenefitsMember
BVrzOvzJubOnt;Uitgaven ten laste van de voorziening gebracht;rj-i_ProvisionsUsage;jenv-bw2-dm:CommercialMember;jenv-bw2-dm:ConsolidatedMember;rj-dm:ProvisionJubileeBenefitsMember
BVrzOvzJubOnt;Uitgaven ten laste van de voorziening gebracht;rj-i_ProvisionsUsage;jenv-bw2-dm:CommercialMember;jenv-bw2-dm:SeparateMember;rj-dm:ProvisionJubileeBenefitsMember
BVrzOvzJubToe;Nieuw gevormde voorzieningen;rj-i_ProvisionsAdditions;jenv-bw2-dm:CommercialMember;jenv-bw2-dm:ConsolidatedMember;rj-dm:ProvisionJubileeBenefitsMember
BVrzOvzJubToe;Nieuw gevormde voorzieningen;rj-i_ProvisionsAdditions;jenv-bw2-dm:CommercialMember;jenv-bw2-dm:SeparateMember;rj-dm:ProvisionJubileeBenefitsMember
BVrzOvzJubVri;Niet gebruikte bedragen die zijn vrijgevallen;rj-i_ProvisionsRelease;jenv-bw2-dm:CommercialMember;jenv-bw2-dm:ConsolidatedMember;rj-dm:ProvisionJubileeBenefitsMember
BVrzOvzJubVri;Niet gebruikte bedragen die zijn vrijgevallen;rj-i_ProvisionsRelease;jenv-bw2-dm:CommercialMember;jenv-bw2-dm:SeparateMember;rj-dm:ProvisionJubileeBenefitsMember
BVrzOvzUhp*;Voorziening uit hoofde van personeelsbeloningen;rj-i_ProvisionEmployeeBenefits;jenv-bw2-dm:CommercialMember;jenv-bw2-dm:ConsolidatedMember
BVrzOvzUhp*;Voorzieningen;jenv-bw2-i_Provisions;jenv-bw2-dm:CommercialMember;jenv-bw2-dm:ConsolidatedMember;rj-dm:ProvisionEmployeeBenefitsMember
BVrzOvzUhp*;Voorziening uit hoofde van personeelsbeloningen;rj-i_ProvisionEmployeeBenefits;jenv-bw2-dm:CommercialMember;jenv-bw2-dm:SeparateMember
BVrzOvzUhp*;Voorzieningen;jenv-bw2-i_Provisions;jenv-bw2-dm:CommercialMember;jenv-bw2-dm:SeparateMember;rj-dm:ProvisionEmployeeBenefitsMember
BVrzOvzUhpOev;Oprenting van voorzieningen en veranderingen van de disconteringsvoet;rj-i_ProvisionsYieldedInterest;jenv-bw2-dm:CommercialMember;jenv-bw2-dm:ConsolidatedMember;rj-dm:ProvisionEmployeeBenefitsMember
BVrzOvzUhpOev;Oprenting van voorzieningen en veranderingen van de disconteringsvoet;rj-i_ProvisionsYieldedInterest;jenv-bw2-dm:CommercialMember;jenv-bw2-dm:SeparateMember;rj-dm:ProvisionEmployeeBenefitsMember
BVrzOvzUhpOmv;Wijzigingen van voorzieningen als gevolg van valuta-omrekeningsverschillen;rj-i_ProvisionsExchangeDifferences;jenv-bw2-dm:CommercialMember;jenv-bw2-dm:ConsolidatedMember;rj-dm:ProvisionEmployeeBenefitsMember
BVrzOvzUhpOmv;Wijzigingen van voorzieningen als gevolg van valuta-omrekeningsverschillen;rj-i_ProvisionsExchangeDifferences;jenv-bw2-dm:CommercialMember;jenv-bw2-dm:SeparateMember;rj-dm:ProvisionEmployeeBenefitsMember
BVrzOvzUhpOnt;Uitgaven ten laste van de voorziening gebracht;rj-i_ProvisionsUsage;jenv-bw2-dm:CommercialMember;jenv-bw2-dm:ConsolidatedMember;rj-dm:ProvisionEmployeeBenefitsMember
BVrzOvzUhpOnt;Uitgaven ten laste van de voorziening gebracht;rj-i_ProvisionsUsage;jenv-bw2-dm:CommercialMember;jenv-bw2-dm:SeparateMember;rj-dm:ProvisionEmployeeBenefitsMember
BVrzOvzUhpToe;Nieuw gevormde voorzieningen;rj-i_ProvisionsAdditions;jenv-bw2-dm:CommercialMember;jenv-bw2-dm:ConsolidatedMember;rj-dm:ProvisionEmployeeBenefitsMember
BVrzOvzUhpToe;Nieuw gevormde voorzieningen;rj-i_ProvisionsAdditions;jenv-bw2-dm:CommercialMember;jenv-bw2-dm:SeparateMember;rj-dm:ProvisionEmployeeBenefitsMember
BVrzOvzUhpVri;Niet gebruikte bedragen die zijn vrijgevallen;rj-i_ProvisionsRelease;jenv-bw2-dm:CommercialMember;jenv-bw2-dm:ConsolidatedMember;rj-dm:ProvisionEmployeeBenefitsMember
BVrzOvzUhpVri;Niet gebruikte bedragen die zijn vrijgevallen;rj-i_ProvisionsRelease;jenv-bw2-dm:CommercialMember;jenv-bw2-dm:SeparateMember;rj-dm:ProvisionEmployeeBenefitsMember
BVrzOvzVhe*;Voorziening voor herstelkosten;rj-i_ProvisionRepairCosts;jenv-bw2-dm:CommercialMember;jenv-bw2-dm:ConsolidatedMember
BVrzOvzVhe*;Voorzieningen;jenv-bw2-i_Provisions;jenv-bw2-dm:CommercialMember;jenv-bw2-dm:ConsolidatedMember;rj-dm:ProvisionRepairCostsMember
BVrzOvzVhe*;Voorziening voor herstelkosten;rj-i_ProvisionRepairCosts;jenv-bw2-dm:CommercialMember;jenv-bw2-dm:SeparateMember
BVrzOvzVhe*;Voorzieningen;jenv-bw2-i_Provisions;jenv-bw2-dm:CommercialMember;jenv-bw2-dm:SeparateMember;rj-dm:ProvisionRepairCostsMember
BVrzOvzVheOev;Oprenting van voorzieningen en veranderingen van de disconteringsvoet;rj-i_ProvisionsYieldedInterest;jenv-bw2-dm:CommercialMember;jenv-bw2-dm:ConsolidatedMember;rj-dm:ProvisionRepairCostsMember
BVrzOvzVheOev;Oprenting van voorzieningen en veranderingen van de disconteringsvoet;rj-i_ProvisionsYieldedInterest;jenv-bw2-dm:CommercialMember;jenv-bw2-dm:SeparateMember;rj-dm:ProvisionRepairCostsMember
BVrzOvzVheOmv;Wijzigingen van voorzieningen als gevolg van valuta-omrekeningsverschillen;rj-i_ProvisionsExchangeDifferences;jenv-bw2-dm:CommercialMember;jenv-bw2-dm:ConsolidatedMember;rj-dm:ProvisionRepairCostsMember
BVrzOvzVheOmv;Wijzigingen van voorzieningen als gevolg van valuta-omrekeningsverschillen;rj-i_ProvisionsExchangeDifferences;jenv-bw2-dm:CommercialMember;jenv-bw2-dm:SeparateMember;rj-dm:ProvisionRepairCostsMember
BVrzOvzVheOnt;Uitgaven ten laste van de voorziening gebracht;rj-i_ProvisionsUsage;jenv-bw2-dm:CommercialMember;jenv-bw2-dm:ConsolidatedMember;rj-dm:ProvisionRepairCostsMember
BVrzOvzVheOnt;Uitgaven ten laste van de voorziening gebracht;rj-i_ProvisionsUsage;jenv-bw2-dm:CommercialMember;jenv-bw2-dm:SeparateMember;rj-dm:ProvisionRepairCostsMember
BVrzOvzVheToe;Nieuw gevormde voorzieningen;rj-i_ProvisionsAdditions;jenv-bw2-dm:CommercialMember;jenv-bw2-dm:ConsolidatedMember;rj-dm:ProvisionRepairCostsMember
BVrzOvzVheToe;Nieuw gevormde voorzieningen;rj-i_ProvisionsAdditions;jenv-bw2-dm:CommercialMember;jenv-bw2-dm:SeparateMember;rj-dm:ProvisionRepairCostsMember
BVrzOvzVheVri;Niet gebruikte bedragen die zijn vrijgevallen;rj-i_ProvisionsRelease;jenv-bw2-dm:CommercialMember;jenv-bw2-dm:ConsolidatedMember;rj-dm:ProvisionRepairCostsMember
BVrzOvzVheVri;Niet gebruikte bedragen die zijn vrijgevallen;rj-i_ProvisionsRelease;jenv-bw2-dm:CommercialMember;jenv-bw2-dm:SeparateMember;rj-dm:ProvisionRepairCostsMember
BVrzOvzVid*;Voorziening in verband met deelnemingen;rj-i_ProvisionParticipatingInterests;jenv-bw2-dm:CommercialMember;jenv-bw2-dm:ConsolidatedMember
BVrzOvzVid*;Voorzieningen;jenv-bw2-i_Provisions;jenv-bw2-dm:CommercialMember;jenv-bw2-dm:ConsolidatedMember;rj-dm:ProvisionParticipatingInterestsMember
BVrzOvzVid*;Voorziening in verband met deelnemingen;rj-i_ProvisionParticipatingInterests;jenv-bw2-dm:CommercialMember;jenv-bw2-dm:SeparateMember
BVrzOvzVid*;Voorzieningen;jenv-bw2-i_Provisions;jenv-bw2-dm:CommercialMember;jenv-bw2-dm:SeparateMember;rj-dm:ProvisionParticipatingInterestsMember
BVrzOvzVidOev;Oprenting van voorzieningen en veranderingen van de disconteringsvoet;rj-i_ProvisionsYieldedInterest;jenv-bw2-dm:CommercialMember;jenv-bw2-dm:ConsolidatedMember;rj-dm:ProvisionParticipatingInterestsMember
BVrzOvzVidOev;Oprenting van voorzieningen en veranderingen van de disconteringsvoet;rj-i_ProvisionsYieldedInterest;jenv-bw2-dm:CommercialMember;jenv-bw2-dm:SeparateMember;rj-dm:ProvisionParticipatingInterestsMember
BVrzOvzVidOmv;Wijzigingen van voorzieningen als gevolg van valuta-omrekeningsverschillen;rj-i_ProvisionsExchangeDifferences;jenv-bw2-dm:CommercialMember;jenv-bw2-dm:ConsolidatedMember;rj-dm:ProvisionParticipatingInterestsMember
BVrzOvzVidOmv;Wijzigingen van voorzieningen als gevolg van valuta-omrekeningsverschillen;rj-i_ProvisionsExchangeDifferences;jenv-bw2-dm:CommercialMember;jenv-bw2-dm:SeparateMember;rj-dm:ProvisionParticipatingInterestsMember
BVrzOvzVidToe;Nieuw gevormde voorzieningen;rj-i_ProvisionsAdditions;jenv-bw2-dm:CommercialMember;jenv-bw2-dm:ConsolidatedMember;rj-dm:ProvisionParticipatingInterestsMember
BVrzOvzVidToe;Nieuw gevormde voorzieningen;rj-i_ProvisionsAdditions;jenv-bw2-dm:CommercialMember;jenv-bw2-dm:SeparateMember;rj-dm:ProvisionParticipatingInterestsMember
BVrzOvzVidVri;Niet gebruikte bedragen die zijn vrijgevallen;rj-i_ProvisionsRelease;jenv-bw2-dm:CommercialMember;jenv-bw2-dm:ConsolidatedMember;rj-dm:ProvisionParticipatingInterestsMember
BVrzOvzVidVri;Niet gebruikte bedragen die zijn vrijgevallen;rj-i_ProvisionsRelease;jenv-bw2-dm:CommercialMember;jenv-bw2-dm:SeparateMember;rj-dm:ProvisionParticipatingInterestsMember
BVrzOvzVir*;Voorziening in verband met reorganisaties;rj-i_ProvisionRestructuring;jenv-bw2-dm:CommercialMember;jenv-bw2-dm:ConsolidatedMember
BVrzOvzVir*;Voorzieningen;jenv-bw2-i_Provisions;jenv-bw2-dm:CommercialMember;jenv-bw2-dm:ConsolidatedMember;rj-dm:ProvisionRestructuringMember
BVrzOvzVir*;Voorziening in verband met reorganisaties;rj-i_ProvisionRestructuring;jenv-bw2-dm:CommercialMember;jenv-bw2-dm:SeparateMember
BVrzOvzVir*;Voorzieningen;jenv-bw2-i_Provisions;jenv-bw2-dm:CommercialMember;jenv-bw2-dm:SeparateMember;rj-dm:ProvisionRestructuringMember
BVrzOvzVirOev;Oprenting van voorzieningen en veranderingen van de disconteringsvoet;rj-i_ProvisionsYieldedInterest;jenv-bw2-dm:CommercialMember;jenv-bw2-dm:ConsolidatedMember;rj-dm:ProvisionRestructuringMember
BVrzOvzVirOev;Oprenting van voorzieningen en veranderingen van de disconteringsvoet;rj-i_ProvisionsYieldedInterest;jenv-bw2-dm:CommercialMember;jenv-bw2-dm:SeparateMember;rj-dm:ProvisionRestructuringMember
BVrzOvzVirOmv;Wijzigingen van voorzieningen als gevolg van valuta-omrekeningsverschillen;rj-i_ProvisionsExchangeDifferences;jenv-bw2-dm:CommercialMember;jenv-bw2-dm:ConsolidatedMember;rj-dm:ProvisionRestructuringMember
BVrzOvzVirOmv;Wijzigingen van voorzieningen als gevolg van valuta-omrekeningsverschillen;rj-i_ProvisionsExchangeDifferences;jenv-bw2-dm:CommercialMember;jenv-bw2-dm:SeparateMember;rj-dm:ProvisionRestructuringMember
BVrzOvzVirOnt;Uitgaven ten laste van de voorziening gebracht;rj-i_ProvisionsUsage;jenv-bw2-dm:CommercialMember;jenv-bw2-dm:ConsolidatedMember;rj-dm:ProvisionRestructuringMember
BVrzOvzVirOnt;Uitgaven ten laste van de voorziening gebracht;rj-i_ProvisionsUsage;jenv-bw2-dm:CommercialMember;jenv-bw2-dm:SeparateMember;rj-dm:ProvisionRestructuringMember
BVrzOvzVirToe;Nieuw gevormde voorzieningen;rj-i_ProvisionsAdditions;jenv-bw2-dm:CommercialMember;jenv-bw2-dm:ConsolidatedMember;rj-dm:ProvisionRestructuringMember
BVrzOvzVirToe;Nieuw gevormde voorzieningen;rj-i_ProvisionsAdditions;jenv-bw2-dm:CommercialMember;jenv-bw2-dm:SeparateMember;rj-dm:ProvisionRestructuringMember
BVrzOvzVirVri;Niet gebruikte bedragen die zijn vrijgevallen;rj-i_ProvisionsRelease;jenv-bw2-dm:CommercialMember;jenv-bw2-dm:ConsolidatedMember;rj-dm:ProvisionRestructuringMember
BVrzOvzVirVri;Niet gebruikte bedragen die zijn vrijgevallen;rj-i_ProvisionsRelease;jenv-bw2-dm:CommercialMember;jenv-bw2-dm:SeparateMember;rj-dm:ProvisionRestructuringMember
BVrzOvzVlc*;Voorziening voor verlieslatende contracten;rj-i_ProvisionOnerousContracts;jenv-bw2-dm:CommercialMember;jenv-bw2-dm:ConsolidatedMember
BVrzOvzVlc*;Voorzieningen;jenv-bw2-i_Provisions;jenv-bw2-dm:CommercialMember;jenv-bw2-dm:ConsolidatedMember;rj-dm:ProvisionOnerousContractsMember
BVrzOvzVlc*;Voorziening voor verlieslatende contracten;rj-i_ProvisionOnerousContracts;jenv-bw2-dm:CommercialMember;jenv-bw2-dm:SeparateMember
BVrzOvzVlc*;Voorzieningen;jenv-bw2-i_Provisions;jenv-bw2-dm:CommercialMember;jenv-bw2-dm:SeparateMember;rj-dm:ProvisionOnerousContractsMember
BVrzOvzVlcOev;Oprenting van voorzieningen en veranderingen van de disconteringsvoet;rj-i_ProvisionsYieldedInterest;jenv-bw2-dm:CommercialMember;jenv-bw2-dm:ConsolidatedMember;rj-dm:ProvisionOnerousContractsMember
BVrzOvzVlcOev;Oprenting van voorzieningen en veranderingen van de disconteringsvoet;rj-i_ProvisionsYieldedInterest;jenv-bw2-dm:CommercialMember;jenv-bw2-dm:SeparateMember;rj-dm:ProvisionOnerousContractsMember
BVrzOvzVlcOmv;Wijzigingen van voorzieningen als gevolg van valuta-omrekeningsverschillen;rj-i_ProvisionsExchangeDifferences;jenv-bw2-dm:CommercialMember;jenv-bw2-dm:ConsolidatedMember;rj-dm:ProvisionOnerousContractsMember
BVrzOvzVlcOmv;Wijzigingen van voorzieningen als gevolg van valuta-omrekeningsverschillen;rj-i_ProvisionsExchangeDifferences;jenv-bw2-dm:CommercialMember;jenv-bw2-dm:SeparateMember;rj-dm:ProvisionOnerousContractsMember
BVrzOvzVlcOnt;Uitgaven ten laste van de voorziening gebracht;rj-i_ProvisionsUsage;jenv-bw2-dm:CommercialMember;jenv-bw2-dm:ConsolidatedMember;rj-dm:ProvisionOnerousContractsMember
BVrzOvzVlcOnt;Uitgaven ten laste van de voorziening gebracht;rj-i_ProvisionsUsage;jenv-bw2-dm:CommercialMember;jenv-bw2-dm:SeparateMember;rj-dm:ProvisionOnerousContractsMember
BVrzOvzVlcToe;Nieuw gevormde voorzieningen;rj-i_ProvisionsAdditions;jenv-bw2-dm:CommercialMember;jenv-bw2-dm:ConsolidatedMember;rj-dm:ProvisionOnerousContractsMember
BVrzOvzVlcToe;Nieuw gevormde voorzieningen;rj-i_ProvisionsAdditions;jenv-bw2-dm:CommercialMember;jenv-bw2-dm:SeparateMember;rj-dm:ProvisionOnerousContractsMember
BVrzOvzVlcVri;Niet gebruikte bedragen die zijn vrijgevallen;rj-i_ProvisionsRelease;jenv-bw2-dm:CommercialMember;jenv-bw2-dm:ConsolidatedMember;rj-dm:ProvisionOnerousContractsMember
BVrzOvzVlcVri;Niet gebruikte bedragen die zijn vrijgevallen;rj-i_ProvisionsRelease;jenv-bw2-dm:CommercialMember;jenv-bw2-dm:SeparateMember;rj-dm:ProvisionOnerousContractsMember
BVrzOvzVuc*;Voorziening uit hoofde van claims, geschillen en rechtsgedingen;rj-i_ProvisionLegalProceedings;jenv-bw2-dm:CommercialMember;jenv-bw2-dm:ConsolidatedMember
BVrzOvzVuc*;Voorzieningen;jenv-bw2-i_Provisions;jenv-bw2-dm:CommercialMember;jenv-bw2-dm:ConsolidatedMember;rj-dm:ProvisionLegalProceedingsMember
BVrzOvzVuc*;Voorziening uit hoofde van claims, geschillen en rechtsgedingen;rj-i_ProvisionLegalProceedings;jenv-bw2-dm:CommercialMember;jenv-bw2-dm:SeparateMember
BVrzOvzVuc*;Voorzieningen;jenv-bw2-i_Provisions;jenv-bw2-dm:CommercialMember;jenv-bw2-dm:SeparateMember;rj-dm:ProvisionLegalProceedingsMember
BVrzOvzVucOev;Oprenting van voorzieningen en veranderingen van de disconteringsvoet;rj-i_ProvisionsYieldedInterest;jenv-bw2-dm:CommercialMember;jenv-bw2-dm:ConsolidatedMember;rj-dm:ProvisionLegalProceedingsMember
BVrzOvzVucOev;Oprenting van voorzieningen en veranderingen van de disconteringsvoet;rj-i_ProvisionsYieldedInterest;jenv-bw2-dm:CommercialMember;jenv-bw2-dm:SeparateMember;rj-dm:ProvisionLegalProceedingsMember
BVrzOvzVucOmv;Wijzigingen van voorzieningen als gevolg van valuta-omrekeningsverschillen;rj-i_ProvisionsExchangeDifferences;jenv-bw2-dm:CommercialMember;jenv-bw2-dm:ConsolidatedMember;rj-dm:ProvisionLegalProceedingsMember
BVrzOvzVucOmv;Wijzigingen van voorzieningen als gevolg van valuta-omrekeningsverschillen;rj-i_ProvisionsExchangeDifferences;jenv-bw2-dm:CommercialMember;jenv-bw2-dm:SeparateMember;rj-dm:ProvisionLegalProceedingsMember
BVrzOvzVucOnt;Uitgaven ten laste van de voorziening gebracht;rj-i_ProvisionsUsage;jenv-bw2-dm:CommercialMember;jenv-bw2-dm:ConsolidatedMember;rj-dm:ProvisionLegalProceedingsMember
BVrzOvzVucOnt;Uitgaven ten laste van de voorziening gebracht;rj-i_ProvisionsUsage;jenv-bw2-dm:CommercialMember;jenv-bw2-dm:SeparateMember;rj-dm:ProvisionLegalProceedingsMember
BVrzOvzVucToe;Nieuw gevormde voorzieningen;rj-i_ProvisionsAdditions;jenv-bw2-dm:CommercialMember;jenv-bw2-dm:ConsolidatedMember;rj-dm:ProvisionLegalProceedingsMember
BVrzOvzVucToe;Nieuw gevormde voorzieningen;rj-i_ProvisionsAdditions;jenv-bw2-dm:CommercialMember;jenv-bw2-dm:SeparateMember;rj-dm:ProvisionLegalProceedingsMember
BVrzOvzVucVri;Niet gebruikte bedragen die zijn vrijgevallen;rj-i_ProvisionsRelease;jenv-bw2-dm:CommercialMember;jenv-bw2-dm:ConsolidatedMember;rj-dm:ProvisionLegalProceedingsMember
BVrzOvzVucVri;Niet gebruikte bedragen die zijn vrijgevallen;rj-i_ProvisionsRelease;jenv-bw2-dm:CommercialMember;jenv-bw2-dm:SeparateMember;rj-dm:ProvisionLegalProceedingsMember
BVrzOvzVvg*;Voorziening voor groot onderhoud;rj-i_ProvisionMajorMaintenance;jenv-bw2-dm:CommercialMember;jenv-bw2-dm:ConsolidatedMember
BVrzOvzVvg*;Voorzieningen;jenv-bw2-i_Provisions;jenv-bw2-dm:CommercialMember;jenv-bw2-dm:ConsolidatedMember;rj-dm:ProvisionMajorMaintenanceMember
BVrzOvzVvg*;Voorziening voor groot onderhoud;rj-i_ProvisionMajorMaintenance;jenv-bw2-dm:CommercialMember;jenv-bw2-dm:SeparateMember
BVrzOvzVvg*;Voorzieningen;jenv-bw2-i_Provisions;jenv-bw2-dm:CommercialMember;jenv-bw2-dm:SeparateMember;rj-dm:ProvisionMajorMaintenanceMember
BVrzOvzVvgOev;Oprenting van voorzieningen en veranderingen van de disconteringsvoet;rj-i_ProvisionsYieldedInterest;jenv-bw2-dm:CommercialMember;jenv-bw2-dm:ConsolidatedMember;rj-dm:ProvisionMajorMaintenanceMember
BVrzOvzVvgOev;Oprenting van voorzieningen en veranderingen van de disconteringsvoet;rj-i_ProvisionsYieldedInterest;jenv-bw2-dm:CommercialMember;jenv-bw2-dm:SeparateMember;rj-dm:ProvisionMajorMaintenanceMember
BVrzOvzVvgOmv;Wijzigingen van voorzieningen als gevolg van valuta-omrekeningsverschillen;rj-i_ProvisionsExchangeDifferences;jenv-bw2-dm:CommercialMember;jenv-bw2-dm:ConsolidatedMember;rj-dm:ProvisionMajorMaintenanceMember
BVrzOvzVvgOmv;Wijzigingen van voorzieningen als gevolg van valuta-omrekeningsverschillen;rj-i_ProvisionsExchangeDifferences;jenv-bw2-dm:CommercialMember;jenv-bw2-dm:SeparateMember;rj-dm:ProvisionMajorMaintenanceMember
BVrzOvzVvgOnt;Uitgaven ten laste van de voorziening gebracht;rj-i_ProvisionsUsage;jenv-bw2-dm:CommercialMember;jenv-bw2-dm:ConsolidatedMember;rj-dm:ProvisionMajorMaintenanceMember
BVrzOvzVvgOnt;Uitgaven ten laste van de voorziening gebracht;rj-i_ProvisionsUsage;jenv-bw2-dm:CommercialMember;jenv-bw2-dm:SeparateMember;rj-dm:ProvisionMajorMaintenanceMember
BVrzOvzVvgToe;Nieuw gevormde voorzieningen;rj-i_ProvisionsAdditions;jenv-bw2-dm:CommercialMember;jenv-bw2-dm:ConsolidatedMember;rj-dm:ProvisionMajorMaintenanceMember
BVrzOvzVvgToe;Nieuw gevormde voorzieningen;rj-i_ProvisionsAdditions;jenv-bw2-dm:CommercialMember;jenv-bw2-dm:SeparateMember;rj-dm:ProvisionMajorMaintenanceMember
BVrzOvzVvgVri;Niet gebruikte bedragen die zijn vrijgevallen;rj-i_ProvisionsRelease;jenv-bw2-dm:CommercialMember;jenv-bw2-dm:ConsolidatedMember;rj-dm:ProvisionMajorMaintenanceMember
BVrzOvzVvgVri;Niet gebruikte bedragen die zijn vrijgevallen;rj-i_ProvisionsRelease;jenv-bw2-dm:CommercialMember;jenv-bw2-dm:SeparateMember;rj-dm:ProvisionMajorMaintenanceMember
BVrzOvzVvo*;Voorziening voor opruiming van aanwezige milieuvervuiling;rj-i_ProvisionEnvironmental;jenv-bw2-dm:CommercialMember;jenv-bw2-dm:ConsolidatedMember
BVrzOvzVvo*;Voorzieningen;jenv-bw2-i_Provisions;jenv-bw2-dm:CommercialMember;jenv-bw2-dm:ConsolidatedMember;rj-dm:ProvisionEnvironmentalMember
BVrzOvzVvo*;Voorziening voor opruiming van aanwezige milieuvervuiling;rj-i_ProvisionEnvironmental;jenv-bw2-dm:CommercialMember;jenv-bw2-dm:SeparateMember
BVrzOvzVvo*;Voorzieningen;jenv-bw2-i_Provisions;jenv-bw2-dm:CommercialMember;jenv-bw2-dm:SeparateMember;rj-dm:ProvisionEnvironmentalMember
BVrzOvzVvoOev;Oprenting van voorzieningen en veranderingen van de disconteringsvoet;rj-i_ProvisionsYieldedInterest;jenv-bw2-dm:CommercialMember;jenv-bw2-dm:ConsolidatedMember;rj-dm:ProvisionEnvironmentalMember
BVrzOvzVvoOev;Oprenting van voorzieningen en veranderingen van de disconteringsvoet;rj-i_ProvisionsYieldedInterest;jenv-bw2-dm:CommercialMember;jenv-bw2-dm:SeparateMember;rj-dm:ProvisionEnvironmentalMember
BVrzOvzVvoOmv;Wijzigingen van voorzieningen als gevolg van valuta-omrekeningsverschillen;rj-i_ProvisionsExchangeDifferences;jenv-bw2-dm:CommercialMember;jenv-bw2-dm:ConsolidatedMember;rj-dm:ProvisionEnvironmentalMember
BVrzOvzVvoOmv;Wijzigingen van voorzieningen als gevolg van valuta-omrekeningsverschillen;rj-i_ProvisionsExchangeDifferences;jenv-bw2-dm:CommercialMember;jenv-bw2-dm:SeparateMember;rj-dm:ProvisionEnvironmentalMember
BVrzOvzVvoOnt;Uitgaven ten laste van de voorziening gebracht;rj-i_ProvisionsUsage;jenv-bw2-dm:CommercialMember;jenv-bw2-dm:ConsolidatedMember;rj-dm:ProvisionEnvironmentalMember
BVrzOvzVvoOnt;Uitgaven ten laste van de voorziening gebracht;rj-i_ProvisionsUsage;jenv-bw2-dm:CommercialMember;jenv-bw2-dm:SeparateMember;rj-dm:ProvisionEnvironmentalMember
BVrzOvzVvoToe;Nieuw gevormde voorzieningen;rj-i_ProvisionsAdditions;jenv-bw2-dm:CommercialMember;jenv-bw2-dm:ConsolidatedMember;rj-dm:ProvisionEnvironmentalMember
BVrzOvzVvoToe;Nieuw gevormde voorzieningen;rj-i_ProvisionsAdditions;jenv-bw2-dm:CommercialMember;jenv-bw2-dm:SeparateMember;rj-dm:ProvisionEnvironmentalMember
BVrzOvzVvoVri;Niet gebruikte bedragen die zijn vrijgevallen;rj-i_ProvisionsRelease;jenv-bw2-dm:CommercialMember;jenv-bw2-dm:ConsolidatedMember;rj-dm:ProvisionEnvironmentalMember
BVrzOvzVvoVri;Niet gebruikte bedragen die zijn vrijgevallen;rj-i_ProvisionsRelease;jenv-bw2-dm:CommercialMember;jenv-bw2-dm:SeparateMember;rj-dm:ProvisionEnvironmentalMember
BVrzOvzVwp*;Voorziening voor verwijderingsverplichtingen;rj-i_ProvisionDisposalObligation;jenv-bw2-dm:CommercialMember;jenv-bw2-dm:ConsolidatedMember
BVrzOvzVwp*;Voorzieningen;jenv-bw2-i_Provisions;jenv-bw2-dm:CommercialMember;jenv-bw2-dm:ConsolidatedMember;rj-dm:ProvisionDisposalObligationMember
BVrzOvzVwp*;Voorziening voor verwijderingsverplichtingen;rj-i_ProvisionDisposalObligation;jenv-bw2-dm:CommercialMember;jenv-bw2-dm:SeparateMember
BVrzOvzVwp*;Voorzieningen;jenv-bw2-i_Provisions;jenv-bw2-dm:CommercialMember;jenv-bw2-dm:SeparateMember;rj-dm:ProvisionDisposalObligationMember
BVrzOvzVwpOev;Oprenting van voorzieningen en veranderingen van de disconteringsvoet;rj-i_ProvisionsYieldedInterest;jenv-bw2-dm:CommercialMember;jenv-bw2-dm:ConsolidatedMember;rj-dm:ProvisionDisposalObligationMember
BVrzOvzVwpOev;Oprenting van voorzieningen en veranderingen van de disconteringsvoet;rj-i_ProvisionsYieldedInterest;jenv-bw2-dm:CommercialMember;jenv-bw2-dm:SeparateMember;rj-dm:ProvisionDisposalObligationMember
BVrzOvzVwpOmv;Wijzigingen van voorzieningen als gevolg van valuta-omrekeningsverschillen;rj-i_ProvisionsExchangeDifferences;jenv-bw2-dm:CommercialMember;jenv-bw2-dm:ConsolidatedMember;rj-dm:ProvisionDisposalObligationMember
BVrzOvzVwpOmv;Wijzigingen van voorzieningen als gevolg van valuta-omrekeningsverschillen;rj-i_ProvisionsExchangeDifferences;jenv-bw2-dm:CommercialMember;jenv-bw2-dm:SeparateMember;rj-dm:ProvisionDisposalObligationMember
BVrzOvzVwpOnt;Uitgaven ten laste van de voorziening gebracht;rj-i_ProvisionsUsage;jenv-bw2-dm:CommercialMember;jenv-bw2-dm:ConsolidatedMember;rj-dm:ProvisionDisposalObligationMember
BVrzOvzVwpOnt;Uitgaven ten laste van de voorziening gebracht;rj-i_ProvisionsUsage;jenv-bw2-dm:CommercialMember;jenv-bw2-dm:SeparateMember;rj-dm:ProvisionDisposalObligationMember
BVrzOvzVwpToe;Nieuw gevormde voorzieningen;rj-i_ProvisionsAdditions;jenv-bw2-dm:CommercialMember;jenv-bw2-dm:ConsolidatedMember;rj-dm:ProvisionDisposalObligationMember
BVrzOvzVwpToe;Nieuw gevormde voorzieningen;rj-i_ProvisionsAdditions;jenv-bw2-dm:CommercialMember;jenv-bw2-dm:SeparateMember;rj-dm:ProvisionDisposalObligationMember
BVrzOvzVwpVri;Niet gebruikte bedragen die zijn vrijgevallen;rj-i_ProvisionsRelease;jenv-bw2-dm:CommercialMember;jenv-bw2-dm:ConsolidatedMember;rj-dm:ProvisionDisposalObligationMember
BVrzOvzVwpVri;Niet gebruikte bedragen die zijn vrijgevallen;rj-i_ProvisionsRelease;jenv-bw2-dm:CommercialMember;jenv-bw2-dm:SeparateMember;rj-dm:ProvisionDisposalObligationMember
BVrzOvzVza*;Voorziening voor verplichtingen uit hoofde van ziekte of arbeidsongeschiktheid;rj-i_ProvisionDisabilityRisks;jenv-bw2-dm:CommercialMember;jenv-bw2-dm:ConsolidatedMember
BVrzOvzVza*;Voorzieningen;jenv-bw2-i_Provisions;jenv-bw2-dm:CommercialMember;jenv-bw2-dm:ConsolidatedMember;rj-dm:ProvisionDisabilityRisksMember
BVrzOvzVza*;Voorziening voor verplichtingen uit hoofde van ziekte of arbeidsongeschiktheid;rj-i_ProvisionDisabilityRisks;jenv-bw2-dm:CommercialMember;jenv-bw2-dm:SeparateMember
BVrzOvzVza*;Voorzieningen;jenv-bw2-i_Provisions;jenv-bw2-dm:CommercialMember;jenv-bw2-dm:SeparateMember;rj-dm:ProvisionDisabilityRisksMember
BVrzOvzVzaOev;Oprenting van voorzieningen en veranderingen van de disconteringsvoet;rj-i_ProvisionsYieldedInterest;jenv-bw2-dm:CommercialMember;jenv-bw2-dm:ConsolidatedMember;rj-dm:ProvisionDisabilityRisksMember
BVrzOvzVzaOev;Oprenting van voorzieningen en veranderingen van de disconteringsvoet;rj-i_ProvisionsYieldedInterest;jenv-bw2-dm:CommercialMember;jenv-bw2-dm:SeparateMember;rj-dm:ProvisionDisabilityRisksMember
BVrzOvzVzaOmv;Wijzigingen van voorzieningen als gevolg van valuta-omrekeningsverschillen;rj-i_ProvisionsExchangeDifferences;jenv-bw2-dm:CommercialMember;jenv-bw2-dm:ConsolidatedMember;rj-dm:ProvisionDisabilityRisksMember
BVrzOvzVzaOmv;Wijzigingen van voorzieningen als gevolg van valuta-omrekeningsverschillen;rj-i_ProvisionsExchangeDifferences;jenv-bw2-dm:CommercialMember;jenv-bw2-dm:SeparateMember;rj-dm:ProvisionDisabilityRisksMember
BVrzOvzVzaOnt;Uitgaven ten laste van de voorziening gebracht;rj-i_ProvisionsUsage;jenv-bw2-dm:CommercialMember;jenv-bw2-dm:ConsolidatedMember;rj-dm:ProvisionDisabilityRisksMember
BVrzOvzVzaOnt;Uitgaven ten laste van de voorziening gebracht;rj-i_ProvisionsUsage;jenv-bw2-dm:CommercialMember;jenv-bw2-dm:SeparateMember;rj-dm:ProvisionDisabilityRisksMember
BVrzOvzVzaToe;Nieuw gevormde voorzieningen;rj-i_ProvisionsAdditions;jenv-bw2-dm:CommercialMember;jenv-bw2-dm:ConsolidatedMember;rj-dm:ProvisionDisabilityRisksMember
BVrzOvzVzaToe;Nieuw gevormde voorzieningen;rj-i_ProvisionsAdditions;jenv-bw2-dm:CommercialMember;jenv-bw2-dm:SeparateMember;rj-dm:ProvisionDisabilityRisksMember
BVrzOvzVzaVri;Niet gebruikte bedragen die zijn vrijgevallen;rj-i_ProvisionsRelease;jenv-bw2-dm:CommercialMember;jenv-bw2-dm:ConsolidatedMember;rj-dm:ProvisionDisabilityRisksMember
BVrzOvzVzaVri;Niet gebruikte bedragen die zijn vrijgevallen;rj-i_ProvisionsRelease;jenv-bw2-dm:CommercialMember;jenv-bw2-dm:SeparateMember;rj-dm:ProvisionDisabilityRisksMember
BVrzOvzZoa*;Voorziening voor verzekering van ziekte of arbeidsongeschiktheid;rj-i_ProvisionInsuranceIllnessDisability;jenv-bw2-dm:CommercialMember;jenv-bw2-dm:ConsolidatedMember
BVrzOvzZoa*;Voorzieningen;jenv-bw2-i_Provisions;jenv-bw2-dm:CommercialMember;jenv-bw2-dm:ConsolidatedMember;rj-dm:ProvisionInsuranceIllnessDisabilityMember
BVrzOvzZoa*;Voorziening voor verzekering van ziekte of arbeidsongeschiktheid;rj-i_ProvisionInsuranceIllnessDisability;jenv-bw2-dm:CommercialMember;jenv-bw2-dm:SeparateMember
BVrzOvzZoa*;Voorzieningen;jenv-bw2-i_Provisions;jenv-bw2-dm:CommercialMember;jenv-bw2-dm:SeparateMember;rj-dm:ProvisionInsuranceIllnessDisabilityMember
BVrzOvzZoaOev;Oprenting van voorzieningen en veranderingen van de disconteringsvoet;rj-i_ProvisionsYieldedInterest;jenv-bw2-dm:CommercialMember;jenv-bw2-dm:ConsolidatedMember;rj-dm:ProvisionInsuranceIllnessDisabilityMember
BVrzOvzZoaOev;Oprenting van voorzieningen en veranderingen van de disconteringsvoet;rj-i_ProvisionsYieldedInterest;jenv-bw2-dm:CommercialMember;jenv-bw2-dm:SeparateMember;rj-dm:ProvisionInsuranceIllnessDisabilityMember
BVrzOvzZoaOmv;Wijzigingen van voorzieningen als gevolg van valuta-omrekeningsverschillen;rj-i_ProvisionsExchangeDifferences;jenv-bw2-dm:CommercialMember;jenv-bw2-dm:ConsolidatedMember;rj-dm:ProvisionInsuranceIllnessDisabilityMember
BVrzOvzZoaOmv;Wijzigingen van voorzieningen als gevolg van valuta-omrekeningsverschillen;rj-i_ProvisionsExchangeDifferences;jenv-bw2-dm:CommercialMember;jenv-bw2-dm:SeparateMember;rj-dm:ProvisionInsuranceIllnessDisabilityMember
BVrzOvzZoaOnt;Uitgaven ten laste van de voorziening gebracht;rj-i_ProvisionsUsage;jenv-bw2-dm:CommercialMember;jenv-bw2-dm:ConsolidatedMember;rj-dm:ProvisionInsuranceIllnessDisabilityMember
BVrzOvzZoaOnt;Uitgaven ten laste van de voorziening gebracht;rj-i_ProvisionsUsage;jenv-bw2-dm:CommercialMember;jenv-bw2-dm:SeparateMember;rj-dm:ProvisionInsuranceIllnessDisabilityMember
BVrzOvzZoaToe;Nieuw gevormde voorzieningen;rj-i_ProvisionsAdditions;jenv-bw2-dm:CommercialMember;jenv-bw2-dm:ConsolidatedMember;rj-dm:ProvisionInsuranceIllnessDisabilityMember
BVrzOvzZoaToe;Nieuw gevormde voorzieningen;rj-i_ProvisionsAdditions;jenv-bw2-dm:CommercialMember;jenv-bw2-dm:SeparateMember;rj-dm:ProvisionInsuranceIllnessDisabilityMember
BVrzOvzZoaVri;Niet gebruikte bedragen die zijn vrijgevallen;rj-i_ProvisionsRelease;jenv-bw2-dm:CommercialMember;jenv-bw2-dm:ConsolidatedMember;rj-dm:ProvisionInsuranceIllnessDisabilityMember
BVrzOvzZoaVri;Niet gebruikte bedragen die zijn vrijgevallen;rj-i_ProvisionsRelease;jenv-bw2-dm:CommercialMember;jenv-bw2-dm:SeparateMember;rj-dm:ProvisionInsuranceIllnessDisabilityMember
BVrzVvbVlb*;Latente belastingverplichtingen;rj-i_DeferredTaxLiabilities;jenv-bw2-dm:CommercialMember;jenv-bw2-dm:ConsolidatedMember
BVrzVvbVlb*;Voorzieningen;jenv-bw2-i_Provisions;jenv-bw2-dm:CommercialMember;jenv-bw2-dm:ConsolidatedMember;rj-dm:DeferredTaxLiabilitiesMember
BVrzVvbVlb*;Latente belastingverplichtingen;rj-i_DeferredTaxLiabilities;jenv-bw2-dm:CommercialMember;jenv-bw2-dm:SeparateMember
BVrzVvbVlb*;Voorzieningen;jenv-bw2-i_Provisions;jenv-bw2-dm:CommercialMember;jenv-bw2-dm:SeparateMember;rj-dm:DeferredTaxLiabilitiesMember
BVrzVvbVlbOev;Oprenting van voorzieningen en veranderingen van de disconteringsvoet;rj-i_ProvisionsYieldedInterest;jenv-bw2-dm:CommercialMember;jenv-bw2-dm:ConsolidatedMember;rj-dm:DeferredTaxLiabilitiesMember
BVrzVvbVlbOev;Oprenting van voorzieningen en veranderingen van de disconteringsvoet;rj-i_ProvisionsYieldedInterest;jenv-bw2-dm:CommercialMember;jenv-bw2-dm:SeparateMember;rj-dm:DeferredTaxLiabilitiesMember
BVrzVvbVlbOmv;Wijzigingen van voorzieningen als gevolg van valuta-omrekeningsverschillen;rj-i_ProvisionsExchangeDifferences;jenv-bw2-dm:CommercialMember;jenv-bw2-dm:ConsolidatedMember;rj-dm:DeferredTaxLiabilitiesMember
BVrzVvbVlbOmv;Wijzigingen van voorzieningen als gevolg van valuta-omrekeningsverschillen;rj-i_ProvisionsExchangeDifferences;jenv-bw2-dm:CommercialMember;jenv-bw2-dm:SeparateMember;rj-dm:DeferredTaxLiabilitiesMember
BVrzVvbVlbToe;Nieuw gevormde voorzieningen;rj-i_ProvisionsAdditions;jenv-bw2-dm:CommercialMember;jenv-bw2-dm:ConsolidatedMember;rj-dm:DeferredTaxLiabilitiesMember
BVrzVvbVlbToe;Nieuw gevormde voorzieningen;rj-i_ProvisionsAdditions;jenv-bw2-dm:CommercialMember;jenv-bw2-dm:SeparateMember;rj-dm:DeferredTaxLiabilitiesMember
BVrzVvbVlbVri;Niet gebruikte bedragen die zijn vrijgevallen;rj-i_ProvisionsRelease;jenv-bw2-dm:CommercialMember;jenv-bw2-dm:ConsolidatedMember;rj-dm:DeferredTaxLiabilitiesMember
BVrzVvbVlbVri;Niet gebruikte bedragen die zijn vrijgevallen;rj-i_ProvisionsRelease;jenv-bw2-dm:CommercialMember;jenv-bw2-dm:SeparateMember;rj-dm:DeferredTaxLiabilitiesMember
BVrzVvbVvb*;Voorziening voor belastingverplichtingen;jenv-bw2-i_ProvisionTaxLiabilities;jenv-bw2-dm:CommercialMember;jenv-bw2-dm:ConsolidatedMember
BVrzVvbVvb*;Voorzieningen;jenv-bw2-i_Provisions;jenv-bw2-dm:CommercialMember;jenv-bw2-dm:ConsolidatedMember;jenv-bw2-dm:ProvisionTaxLiabilitiesMember
BVrzVvbVvb*;Voorziening voor belastingverplichtingen;jenv-bw2-i_ProvisionTaxLiabilities;jenv-bw2-dm:CommercialMember;jenv-bw2-dm:SeparateMember
BVrzVvbVvb*;Voorzieningen;jenv-bw2-i_Provisions;jenv-bw2-dm:CommercialMember;jenv-bw2-dm:SeparateMember;jenv-bw2-dm:ProvisionTaxLiabilitiesMember
BVrzVvbVvbOev;Oprenting van voorzieningen en veranderingen van de disconteringsvoet;rj-i_ProvisionsYieldedInterest;jenv-bw2-dm:CommercialMember;jenv-bw2-dm:ConsolidatedMember;jenv-bw2-dm:ProvisionTaxLiabilitiesMember
BVrzVvbVvbOev;Oprenting van voorzieningen en veranderingen van de disconteringsvoet;rj-i_ProvisionsYieldedInterest;jenv-bw2-dm:CommercialMember;jenv-bw2-dm:SeparateMember;jenv-bw2-dm:ProvisionTaxLiabilitiesMember
BVrzVvbVvbOmv;Wijzigingen van voorzieningen als gevolg van valuta-omrekeningsverschillen;rj-i_ProvisionsExchangeDifferences;jenv-bw2-dm:CommercialMember;jenv-bw2-dm:ConsolidatedMember;jenv-bw2-dm:ProvisionTaxLiabilitiesMember
BVrzVvbVvbOmv;Wijzigingen van voorzieningen als gevolg van valuta-omrekeningsverschillen;rj-i_ProvisionsExchangeDifferences;jenv-bw2-dm:CommercialMember;jenv-bw2-dm:SeparateMember;jenv-bw2-dm:ProvisionTaxLiabilitiesMember
BVrzVvbVvbOnt;Uitgaven ten laste van de voorziening gebracht;rj-i_ProvisionsUsage;jenv-bw2-dm:CommercialMember;jenv-bw2-dm:ConsolidatedMember;jenv-bw2-dm:ProvisionTaxLiabilitiesMember
BVrzVvbVvbOnt;Uitgaven ten laste van de voorziening gebracht;rj-i_ProvisionsUsage;jenv-bw2-dm:CommercialMember;jenv-bw2-dm:SeparateMember;jenv-bw2-dm:ProvisionTaxLiabilitiesMember
BVrzVvbVvbToe;Nieuw gevormde voorzieningen;rj-i_ProvisionsAdditions;jenv-bw2-dm:CommercialMember;jenv-bw2-dm:ConsolidatedMember;jenv-bw2-dm:ProvisionTaxLiabilitiesMember
BVrzVvbVvbToe;Nieuw gevormde voorzieningen;rj-i_ProvisionsAdditions;jenv-bw2-dm:CommercialMember;jenv-bw2-dm:SeparateMember;jenv-bw2-dm:ProvisionTaxLiabilitiesMember
BVrzVvbVvbVri;Niet gebruikte bedragen die zijn vrijgevallen;rj-i_ProvisionsRelease;jenv-bw2-dm:CommercialMember;jenv-bw2-dm:ConsolidatedMember;jenv-bw2-dm:ProvisionTaxLiabilitiesMember
BVrzVvbVvbVri;Niet gebruikte bedragen die zijn vrijgevallen;rj-i_ProvisionsRelease;jenv-bw2-dm:CommercialMember;jenv-bw2-dm:SeparateMember;jenv-bw2-dm:ProvisionTaxLiabilitiesMember
BVrzVvp*;Voorzieningen voor pensioenverplichtingen;jenv-bw2-i_ProvisionPensionObligations;jenv-bw2-dm:CommercialMember;jenv-bw2-dm:ConsolidatedMember
BVrzVvp*;Voorzieningen;jenv-bw2-i_Provisions;jenv-bw2-dm:CommercialMember;jenv-bw2-dm:ConsolidatedMember;jenv-bw2-dm:ProvisionPensionObligationsMember
BVrzVvp*;Voorzieningen voor pensioenverplichtingen;jenv-bw2-i_ProvisionPensionObligations;jenv-bw2-dm:CommercialMember;jenv-bw2-dm:SeparateMember
BVrzVvp*;Voorzieningen;jenv-bw2-i_Provisions;jenv-bw2-dm:CommercialMember;jenv-bw2-dm:SeparateMember;jenv-bw2-dm:ProvisionPensionObligationsMember
BVrzVvp???Oev;Oprenting van voorzieningen en veranderingen van de disconteringsvoet;rj-i_ProvisionsYieldedInterest;jenv-bw2-dm:CommercialMember;jenv-bw2-dm:ConsolidatedMember;jenv-bw2-dm:ProvisionPensionObligationsMember
BVrzVvp???Oev;Oprenting van voorzieningen en veranderingen van de disconteringsvoet;rj-i_ProvisionsYieldedInterest;jenv-bw2-dm:CommercialMember;jenv-bw2-dm:SeparateMember;jenv-bw2-dm:ProvisionPensionObligationsMember
BVrzVvp???Omv;Wijzigingen van voorzieningen als gevolg van valuta-omrekeningsverschillen;rj-i_ProvisionsExchangeDifferences;jenv-bw2-dm:CommercialMember;jenv-bw2-dm:ConsolidatedMember;jenv-bw2-dm:ProvisionPensionObligationsMember
BVrzVvp???Omv;Wijzigingen van voorzieningen als gevolg van valuta-omrekeningsverschillen;rj-i_ProvisionsExchangeDifferences;jenv-bw2-dm:CommercialMember;jenv-bw2-dm:SeparateMember;jenv-bw2-dm:ProvisionPensionObligationsMember
BVrzVvp???Ont;Uitgaven ten laste van de voorziening gebracht;rj-i_ProvisionsUsage;jenv-bw2-dm:CommercialMember;jenv-bw2-dm:ConsolidatedMember;jenv-bw2-dm:ProvisionPensionObligationsMember
BVrzVvp???Ont;Uitgaven ten laste van de voorziening gebracht;rj-i_ProvisionsUsage;jenv-bw2-dm:CommercialMember;jenv-bw2-dm:SeparateMember;jenv-bw2-dm:ProvisionPensionObligationsMember
BVrzVvp???Toe;Nieuw gevormde voorzieningen;rj-i_ProvisionsAdditions;jenv-bw2-dm:CommercialMember;jenv-bw2-dm:ConsolidatedMember;jenv-bw2-dm:ProvisionPensionObligationsMember
BVrzVvp???Toe;Nieuw gevormde voorzieningen;rj-i_ProvisionsAdditions;jenv-bw2-dm:CommercialMember;jenv-bw2-dm:SeparateMember;jenv-bw2-dm:ProvisionPensionObligationsMember
BVrzVvp???Vri;Niet gebruikte bedragen die zijn vrijgevallen;rj-i_ProvisionsRelease;jenv-bw2-dm:CommercialMember;jenv-bw2-dm:ConsolidatedMember;jenv-bw2-dm:ProvisionPensionObligationsMember
BVrzVvp???Vri;Niet gebruikte bedragen die zijn vrijgevallen;rj-i_ProvisionsRelease;jenv-bw2-dm:CommercialMember;jenv-bw2-dm:SeparateMember;jenv-bw2-dm:ProvisionPensionObligationsMember
Beff*;Kortlopende effecten;jenv-bw2-i_SecuritiesCurrent;jenv-bw2-dm:CommercialMember;jenv-bw2-dm:ConsolidatedMember
Beff*;Kortlopende effecten;jenv-bw2-i_SecuritiesCurrent;jenv-bw2-dm:CommercialMember;jenv-bw2-dm:SeparateMember
EUR;Rapporteringsvaluta van het document;nl-cd_DocumentPresentationCurrency
WAad*;Aandeel van derden in het geconsolideerd resultaat na belastingen;jenv-bw2-i_ResultAttributableNoncontrollingInterest;jenv-bw2-dm:CommercialMember;jenv-bw2-dm:ConsolidatedMember
WAfs*;Afschrijvingen op immateriële en materiële vaste activa;jenv-bw2-i_DepreciationPropertyPlantEquipmentAmortisationIntangibleAssets;jenv-bw2-dm:CommercialMember;jenv-bw2-dm:ConsolidatedMember
WAfs*;Afschrijvingen op immateriële en materiële vaste activa;jenv-bw2-i_DepreciationPropertyPlantEquipmentAmortisationIntangibleAssetsBreakdown;jenv-bw2-dm:CommercialMember;jenv-bw2-dm:ConsolidatedMember
WAfs*;Afschrijvingen op immateriële en materiële vaste activa;jenv-bw2-i_DepreciationPropertyPlantEquipmentAmortisationIntangibleAssets;jenv-bw2-dm:CommercialMember;jenv-bw2-dm:SeparateMember
WAfs*;Afschrijvingen op immateriële en materiële vaste activa;jenv-bw2-i_DepreciationPropertyPlantEquipmentAmortisationIntangibleAssetsBreakdown;jenv-bw2-dm:CommercialMember;jenv-bw2-dm:SeparateMember
WAfsAiv*;Afschrijvingen op immateriële vaste activa;jenv-bw2-i_AmortisationIntangibleAssets;jenv-bw2-dm:CommercialMember;jenv-bw2-dm:ConsolidatedMember
WAfsAiv*;Afschrijvingen op immateriële vaste activa;jenv-bw2-i_AmortisationIntangibleAssets;jenv-bw2-dm:CommercialMember;jenv-bw2-dm:SeparateMember
WAfsRvi*;Winsten of verliezen die ontstaan als gevolg van de buitengebruikstelling of afstoting van een immaterieel vast actief;rj-i_ResultSaleIntangibleAssets;jenv-bw2-dm:CommercialMember;jenv-bw2-dm:ConsolidatedMember
WAfsRvi*;Winsten of verliezen die ontstaan als gevolg van de buitengebruikstelling of afstoting van een immaterieel vast actief;rj-i_ResultSaleIntangibleAssets;jenv-bw2-dm:CommercialMember;jenv-bw2-dm:SeparateMember
WAkf*;Algemene beheerskosten;jenv-bw2-i_GeneralAdministrativeExpenses;jenv-bw2-dm:CommercialMember;jenv-bw2-dm:ConsolidatedMember
WAkf*;Algemene beheerskosten;jenv-bw2-i_GeneralAdministrativeExpenses;jenv-bw2-dm:CommercialMember;jenv-bw2-dm:SeparateMember
WBed*;Overige bedrijfskosten;jenv-bw2-i_OperatingExpensesOther;jenv-bw2-dm:CommercialMember;jenv-bw2-dm:ConsolidatedMember
WBed*;Overige bedrijfskosten;jenv-bw2-i_OperatingExpensesOtherBreakdown;jenv-bw2-dm:CommercialMember;jenv-bw2-dm:ConsolidatedMember
WBed*;Overige bedrijfskosten;jenv-bw2-i_OperatingExpensesOther;jenv-bw2-dm:CommercialMember;jenv-bw2-dm:SeparateMember
WBed*;Overige bedrijfskosten;jenv-bw2-i_OperatingExpensesOtherBreakdown;jenv-bw2-dm:CommercialMember;jenv-bw2-dm:SeparateMember
WBel*;Belastingen over de winst of het verlies;jenv-bw2-i_IncomeTaxExpense;jenv-bw2-dm:CommercialMember;jenv-bw2-dm:ConsolidatedMember
WBel*;Belastingen over de winst of het verlies;jenv-bw2-i_IncomeTaxExpense;jenv-bw2-dm:CommercialMember;jenv-bw2-dm:SeparateMember
WBelBgrBgr;Belastingen uit huidig boekjaar;rj-i_IncomeTaxExpenseCurrent;jenv-bw2-dm:CommercialMember;jenv-bw2-dm:ConsolidatedMember
WBelBgrBgr;Belastingen uit huidig boekjaar;rj-i_IncomeTaxExpenseCurrent;jenv-bw2-dm:CommercialMember;jenv-bw2-dm:SeparateMember
WBelBgrBuv;Belastingen uit voorgaande boekjaren;rj-i_IncomeTaxExpensePrevious;jenv-bw2-dm:CommercialMember;jenv-bw2-dm:ConsolidatedMember
WBelBgrBuv;Belastingen uit voorgaande boekjaren;rj-i_IncomeTaxExpensePrevious;jenv-bw2-dm:CommercialMember;jenv-bw2-dm:SeparateMember
WBelBgrOvb;Overige belastingen;jenv-bw2-i_IncomeTaxExpenseOther;jenv-bw2-dm:CommercialMember;jenv-bw2-dm:ConsolidatedMember
WBelBgrOvb;Overige belastingen;jenv-bw2-i_IncomeTaxExpenseOther;jenv-bw2-dm:CommercialMember;jenv-bw2-dm:SeparateMember
WBelBgrWlb;Waardeverminderingen van latente belastingvorderingen;rj-i_DecreaseInValueDeferredTaxAssets;jenv-bw2-dm:CommercialMember;jenv-bw2-dm:ConsolidatedMember
WBelBgrWlb;Waardeverminderingen van latente belastingvorderingen;rj-i_DecreaseInValueDeferredTaxAssets;jenv-bw2-dm:CommercialMember;jenv-bw2-dm:SeparateMember
WBwvGwb*;Gerealiseerde waardeveranderingen van beleggingen;jenv-bw2-i_RealisedChangesInValueOfInvestments;jenv-bw2-dm:CommercialMember;jenv-bw2-dm:ConsolidatedMember
WBwvGwb*;Gerealiseerde waardeveranderingen van beleggingen;jenv-bw2-i_RealisedChangesInValueOfInvestments;jenv-bw2-dm:CommercialMember;jenv-bw2-dm:SeparateMember
WBwvGwbGwbGwa;Gerealiseerde waardeveranderingen van beleggingen in andere beleggingen;jenv-bw2-i_RealisedChangesInValueOfInvestmentsInInvestmentsOther;jenv-bw2-dm:CommercialMember;jenv-bw2-dm:ConsolidatedMember
WBwvGwbGwbGwa;Gerealiseerde waardeveranderingen van beleggingen in andere beleggingen;jenv-bw2-i_RealisedChangesInValueOfInvestmentsInInvestmentsOther;jenv-bw2-dm:CommercialMember;jenv-bw2-dm:SeparateMember
WBwvGwbGwbGwd;Gerealiseerde waardeveranderingen van beleggingen in andere deelnemingen;jenv-bw2-i_RealisedChangesInValueOfInvestmentsInParticipatingInterestsOther;jenv-bw2-dm:CommercialMember;jenv-bw2-dm:ConsolidatedMember
WBwvGwbGwbGwd;Gerealiseerde waardeveranderingen van beleggingen in andere deelnemingen;jenv-bw2-i_RealisedChangesInValueOfInvestmentsInParticipatingInterestsOther;jenv-bw2-dm:CommercialMember;jenv-bw2-dm:SeparateMember
WBwvGwbGwbGwg;Gerealiseerde waardeveranderingen van beleggingen in groepsmaatschappijen;jenv-bw2-i_RealisedChangesInValueOfInvestmentsInGroupCompanies;jenv-bw2-dm:CommercialMember;jenv-bw2-dm:ConsolidatedMember
WBwvGwbGwbGwg;Gerealiseerde waardeveranderingen van beleggingen in groepsmaatschappijen;jenv-bw2-i_RealisedChangesInValueOfInvestmentsInGroupCompanies;jenv-bw2-dm:CommercialMember;jenv-bw2-dm:SeparateMember
WBwvGwbGwbGwt;Gerealiseerde waardeveranderingen van beleggingen in terreinen en gebouwen;jenv-bw2-i_RealisedChangesInValueOfInvestmentsInLandAndBuildings;jenv-bw2-dm:CommercialMember;jenv-bw2-dm:ConsolidatedMember
WBwvGwbGwbGwt;Gerealiseerde waardeveranderingen van beleggingen in terreinen en gebouwen;jenv-bw2-i_RealisedChangesInValueOfInvestmentsInLandAndBuildings;jenv-bw2-dm:CommercialMember;jenv-bw2-dm:SeparateMember
WBwvNwb*;Niet-gerealiseerde waardeveranderingen van beleggingen;jenv-bw2-i_UnrealisedChangesInValueOfInvestments;jenv-bw2-dm:CommercialMember;jenv-bw2-dm:ConsolidatedMember
WBwvNwb*;Niet-gerealiseerde waardeveranderingen van beleggingen;jenv-bw2-i_UnrealisedChangesInValueOfInvestments;jenv-bw2-dm:CommercialMember;jenv-bw2-dm:SeparateMember
WBwvNwbNwbGwa;Niet-gerealiseerde waardeveranderingen van beleggingen in andere beleggingen;jenv-bw2-i_UnrealisedChangesInValueOfInvestmentsInOther;jenv-bw2-dm:CommercialMember;jenv-bw2-dm:ConsolidatedMember
WBwvNwbNwbGwa;Niet-gerealiseerde waardeveranderingen van beleggingen in andere beleggingen;jenv-bw2-i_UnrealisedChangesInValueOfInvestmentsInOther;jenv-bw2-dm:CommercialMember;jenv-bw2-dm:SeparateMember
WBwvNwbNwbGwd;Niet-gerealiseerde waardeveranderingen van beleggingen in andere deelnemingen;jenv-bw2-i_UnrealisedChangesInValueOfInvestmentsInParticipatingInterestsOther;jenv-bw2-dm:CommercialMember;jenv-bw2-dm:ConsolidatedMember
WBwvNwbNwbGwd;Niet-gerealiseerde waardeveranderingen van beleggingen in andere deelnemingen;jenv-bw2-i_UnrealisedChangesInValueOfInvestmentsInParticipatingInterestsOther;jenv-bw2-dm:CommercialMember;jenv-bw2-dm:SeparateMember
WBwvNwbNwbGwg;Niet-gerealiseerde waardeveranderingen van beleggingen in groepsmaatschappijen;jenv-bw2-i_UnrealisedChangesInValueOfInvestmentsInGroupCompanies;jenv-bw2-dm:CommercialMember;jenv-bw2-dm:ConsolidatedMember
WBwvNwbNwbGwg;Niet-gerealiseerde waardeveranderingen van beleggingen in groepsmaatschappijen;jenv-bw2-i_UnrealisedChangesInValueOfInvestmentsInGroupCompanies;jenv-bw2-dm:CommercialMember;jenv-bw2-dm:SeparateMember
WBwvNwbNwbGwt;Niet-gerealiseerde waardeveranderingen van beleggingen in terreinen en gebouwen;jenv-bw2-i_UnrealisedChangesInValueOfInvestmentsInLandAndBuildings;jenv-bw2-dm:CommercialMember;jenv-bw2-dm:ConsolidatedMember
WBwvNwbNwbGwt;Niet-gerealiseerde waardeveranderingen van beleggingen in terreinen en gebouwen;jenv-bw2-i_UnrealisedChangesInValueOfInvestmentsInLandAndBuildings;jenv-bw2-dm:CommercialMember;jenv-bw2-dm:SeparateMember
WBwvObw*;Waardeverminderingen van vlottende activa;jenv-bw2-i_ImpairmentCurrentAssets;jenv-bw2-dm:CommercialMember;jenv-bw2-dm:ConsolidatedMember
WBwvObw*;Waardeverminderingen van vlottende activa;jenv-bw2-i_ImpairmentCurrentAssets;jenv-bw2-dm:CommercialMember;jenv-bw2-dm:SeparateMember
WFbeAad*;(Amortisatie van) agio en disagio;rj-i_AmortisationSharePremiumDiscounts;jenv-bw2-dm:CommercialMember;jenv-bw2-dm:ConsolidatedMember
WFbeAad*;(Amortisatie van) agio en disagio;rj-i_AmortisationSharePremiumDiscounts;jenv-bw2-dm:CommercialMember;jenv-bw2-dm:SeparateMember
WFbeAlp*;Aflossingspremies;rj-i_RedemptionPremiums;jenv-bw2-dm:CommercialMember;jenv-bw2-dm:ConsolidatedMember
WFbeAlp*;Aflossingspremies;rj-i_RedemptionPremiums;jenv-bw2-dm:CommercialMember;jenv-bw2-dm:SeparateMember
WFbeBkf*;Bijkomende kosten ter afsluiting van een financiering;rj-i_AdditionalCostsFinancing;jenv-bw2-dm:CommercialMember;jenv-bw2-dm:ConsolidatedMember
WFbeBkf*;Bijkomende kosten ter afsluiting van een financiering;rj-i_AdditionalCostsFinancing;jenv-bw2-dm:CommercialMember;jenv-bw2-dm:SeparateMember
WFbeEmk*;Emissiekosten;rj-i_EmissionCosts;jenv-bw2-dm:CommercialMember;jenv-bw2-dm:ConsolidatedMember
WFbeEmk*;Emissiekosten;rj-i_EmissionCosts;jenv-bw2-dm:CommercialMember;jenv-bw2-dm:SeparateMember
WFbeKva*;Kosten bij vervroegde aflossing (eenmalig);rj-i_EarlyRedemptionCosts;jenv-bw2-dm:CommercialMember;jenv-bw2-dm:ConsolidatedMember
WFbeKva*;Kosten bij vervroegde aflossing (eenmalig);rj-i_EarlyRedemptionCosts;jenv-bw2-dm:CommercialMember;jenv-bw2-dm:SeparateMember
WFbeNhp*;Negatieve herwaarderingen van puttable financiële instrumenten;rj-i_NegativeRevaluationsOfPuttableFinancialInstruments;jenv-bw2-dm:CommercialMember;jenv-bw2-dm:ConsolidatedMember
WFbeNhp*;Negatieve herwaarderingen van puttable financiële instrumenten;rj-i_NegativeRevaluationsOfPuttableFinancialInstruments;jenv-bw2-dm:CommercialMember;jenv-bw2-dm:SeparateMember
WFbeNol*;Negatieve verschil tussen het ontvangen bedrag en de bij het aangaan van de lening als schuld erkende hoofdsom;rj-i_UnfavourableDifferenceReceivedAmountPrincipalAmount;jenv-bw2-dm:CommercialMember;jenv-bw2-dm:ConsolidatedMember
WFbeNol*;Negatieve verschil tussen het ontvangen bedrag en de bij het aangaan van de lening als schuld erkende hoofdsom;rj-i_UnfavourableDifferenceReceivedAmountPrincipalAmount;jenv-bw2-dm:CommercialMember;jenv-bw2-dm:SeparateMember
WFbeOnn*;Uitkeringen uit niet op netto-vermogenswaarde e.d. gewaardeerde deelnemingen;jenv-bw2-i_IncomeFromInvestmentsInParticipatingInterestsNotValuedAtNetAssetValue;jenv-bw2-dm:CommercialMember;jenv-bw2-dm:ConsolidatedMember
WFbeOnn*;Uitkeringen uit niet op netto-vermogenswaarde e.d. gewaardeerde deelnemingen;jenv-bw2-i_IncomeFromInvestmentsInParticipatingInterestsNotValuedAtNetAssetValue;jenv-bw2-dm:CommercialMember;jenv-bw2-dm:SeparateMember
WFbePhp*;Positieve herwaarderingen van puttable financiële instrumenten;rj-i_PositiveRevaluationsOfPuttableFinancialInstruments;jenv-bw2-dm:CommercialMember;jenv-bw2-dm:ConsolidatedMember
WFbePhp*;Positieve herwaarderingen van puttable financiële instrumenten;rj-i_PositiveRevaluationsOfPuttableFinancialInstruments;jenv-bw2-dm:CommercialMember;jenv-bw2-dm:SeparateMember
WFbePol*;Positieve verschil tussen het ontvangen bedrag en de bij het aangaan van de lening als schuld erkende hoofdsom;rj-i_FavourableDifferenceReceivedAmountPrincipalAmount;jenv-bw2-dm:CommercialMember;jenv-bw2-dm:ConsolidatedMember
WFbePol*;Positieve verschil tussen het ontvangen bedrag en de bij het aangaan van de lening als schuld erkende hoofdsom;rj-i_FavourableDifferenceReceivedAmountPrincipalAmount;jenv-bw2-dm:CommercialMember;jenv-bw2-dm:SeparateMember
WFbeRfl*;Rentekosten begrepen in de leasetermijn in geval van financiële leasing;rj-i_InterestExpensesIncludedLeaseTermFinancialLeasing;jenv-bw2-dm:CommercialMember;jenv-bw2-dm:ConsolidatedMember
WFbeRfl*;Rentekosten begrepen in de leasetermijn in geval van financiële leasing;rj-i_InterestExpensesIncludedLeaseTermFinancialLeasing;jenv-bw2-dm:CommercialMember;jenv-bw2-dm:SeparateMember
WFbeRlm*;Overige rentebaten en soortgelijke opbrengsten;jenv-bw2-i_InterestIncomeRelatedIncome;jenv-bw2-dm:CommercialMember;jenv-bw2-dm:ConsolidatedMember
WFbeRlm*;Overige rentebaten en soortgelijke opbrengsten;jenv-bw2-i_InterestIncomeRelatedIncome;jenv-bw2-dm:CommercialMember;jenv-bw2-dm:SeparateMember
WFbeVlr*;Valutaverschillen op leningen voor zover zij als een correctie van de verschuldigde rentekosten kunnen worden aangemerkt;rj-i_CurrencyDifferencesLoansConsideredAsCorrectionInterestChargesDue;jenv-bw2-dm:CommercialMember;jenv-bw2-dm:ConsolidatedMember
WFbeVlr*;Valutaverschillen op leningen voor zover zij als een correctie van de verschuldigde rentekosten kunnen worden aangemerkt;rj-i_CurrencyDifferencesLoansConsideredAsCorrectionInterestChargesDue;jenv-bw2-dm:CommercialMember;jenv-bw2-dm:SeparateMember
WFbeWis*;Valutakoersverschillen;rj-i_ForeignCurrencyExchangeRateResults;jenv-bw2-dm:CommercialMember;jenv-bw2-dm:ConsolidatedMember
WFbeWis*;Valutakoersverschillen;rj-i_ForeignCurrencyExchangeRateResults;jenv-bw2-dm:CommercialMember;jenv-bw2-dm:SeparateMember
WFbeWnn*;Waardeveranderingen van niet op netto-vermogenswaarde e.d. gewaardeerde deelnemingen;jenv-bw2-i_ChangesValueParticipatingInterestsNotValuedAtNetAssetValue;jenv-bw2-dm:CommercialMember;jenv-bw2-dm:ConsolidatedMember
WFbeWnn*;Waardeveranderingen van niet op netto-vermogenswaarde e.d. gewaardeerde deelnemingen;jenv-bw2-i_ChangesValueParticipatingInterestsNotValuedAtNetAssetValue;jenv-bw2-dm:CommercialMember;jenv-bw2-dm:SeparateMember
WOvt*;Opbrengsten van andere effecten en vorderingen, die tot de vaste activa behoren;jenv-bw2-i_IncomeReceivablesNoncurrentSecurities;jenv-bw2-dm:CommercialMember;jenv-bw2-dm:ConsolidatedMember
WOvt*;Opbrengsten van andere effecten en vorderingen, die tot de vaste activa behoren;jenv-bw2-i_IncomeReceivablesNoncurrentSecurities;jenv-bw2-dm:CommercialMember;jenv-bw2-dm:SeparateMember
WPer*;Lasten uit hoofde van personeelsbeloningen;jenv-bw2-i_EmployeeBenefitsExpenses;jenv-bw2-dm:CommercialMember;jenv-bw2-dm:ConsolidatedMember
WPer*;Lasten uit hoofde van personeelsbeloningen;jenv-bw2-i_EmployeeBenefitsExpensesBreakdown;jenv-bw2-dm:CommercialMember;jenv-bw2-dm:ConsolidatedMember
WPer*;Lasten uit hoofde van personeelsbeloningen;jenv-bw2-i_EmployeeBenefitsExpenses;jenv-bw2-dm:CommercialMember;jenv-bw2-dm:SeparateMember
WPer*;Lasten uit hoofde van personeelsbeloningen;jenv-bw2-i_EmployeeBenefitsExpensesBreakdown;jenv-bw2-dm:CommercialMember;jenv-bw2-dm:SeparateMember
WPerLesBvc*;Bezoldiging van commissarissen en gewezen commissarissen;jenv-bw2-i_RemunerationSupervisoryDirectorsFormerSupervisoryDirectors;jenv-bw2-dm:CommercialMember;jenv-bw2-dm:ConsolidatedMember
WPerLesBvc*;Bezoldiging van commissarissen en gewezen commissarissen;jenv-bw2-i_RemunerationSupervisoryDirectorsFormerSupervisoryDirectors;jenv-bw2-dm:CommercialMember;jenv-bw2-dm:SeparateMember
WPerLesLiv;Lasten in verband met op aandelen gebaseerde betalingen;rj-i_ShareBasedPaymentsExpenses;jenv-bw2-dm:CommercialMember;jenv-bw2-dm:ConsolidatedMember
WPerLesLiv;Op aandelen gebaseerde betalingen opgenomen onder lonen en salarissen;rj-i_ShareBasedPaymentsIncludedWagesSalaries;jenv-bw2-dm:CommercialMember;jenv-bw2-dm:ConsolidatedMember
WPerLesLiv;Lasten in verband met op aandelen gebaseerde betalingen;rj-i_ShareBasedPaymentsExpenses;jenv-bw2-dm:CommercialMember;jenv-bw2-dm:SeparateMember
WPerLesLiv;Op aandelen gebaseerde betalingen opgenomen onder lonen en salarissen;rj-i_ShareBasedPaymentsIncludedWagesSalaries;jenv-bw2-dm:CommercialMember;jenv-bw2-dm:SeparateMember
WPerLesOnu;Ontslagvergoedingen;rj-i_SeverancePayments;jenv-bw2-dm:CommercialMember;jenv-bw2-dm:ConsolidatedMember
WPerLesOnu;Ontslagvergoedingen;rj-i_SeverancePayments;jenv-bw2-dm:CommercialMember;jenv-bw2-dm:SeparateMember
WPerLesSld*;Bezoldiging van bestuurders en gewezen bestuurders;jenv-bw2-i_RemunerationManagingDirectorsFormerManagingDirectors;jenv-bw2-dm:CommercialMember;jenv-bw2-dm:ConsolidatedMember
WPerLesSld*;Bezoldiging van bestuurders en gewezen bestuurders;jenv-bw2-i_RemunerationManagingDirectorsFormerManagingDirectors;jenv-bw2-dm:CommercialMember;jenv-bw2-dm:SeparateMember
WPerOlu*;Overige lasten uit hoofde van personeelsbeloningen;rj-i_EmployeeBenefitsExpensesOther;jenv-bw2-dm:CommercialMember;jenv-bw2-dm:ConsolidatedMember
WPerOlu*;Overige lasten uit hoofde van personeelsbeloningen;rj-i_EmployeeBenefitsExpensesOther;jenv-bw2-dm:CommercialMember;jenv-bw2-dm:SeparateMember
WPerPen*;Pensioenlasten;jenv-bw2-i_PensionCosts;jenv-bw2-dm:CommercialMember;jenv-bw2-dm:ConsolidatedMember
WPerPen*;Pensioenlasten;jenv-bw2-i_PensionCosts;jenv-bw2-dm:CommercialMember;jenv-bw2-dm:SeparateMember
WPerPenAap;Aanvullende pensioenlasten;rj-i_PensionExpensesAdditional;jenv-bw2-dm:CommercialMember;jenv-bw2-dm:ConsolidatedMember
WPerPenAap;Aanvullende pensioenlasten;rj-i_PensionExpensesAdditional;jenv-bw2-dm:CommercialMember;jenv-bw2-dm:SeparateMember
WPerSol*;Sociale lasten;jenv-bw2-i_SocialSecurityContributions;jenv-bw2-dm:CommercialMember;jenv-bw2-dm:ConsolidatedMember
WPerSol*;Sociale lasten;jenv-bw2-i_SocialSecurityContributions;jenv-bw2-dm:CommercialMember;jenv-bw2-dm:SeparateMember
WRed*;Aandeel in resultaat van ondernemingen waarin wordt deelgenomen;jenv-bw2-i_ShareInResultsParticipatingInterests;jenv-bw2-dm:CommercialMember;jenv-bw2-dm:ConsolidatedMember
WRed*;Aandeel in resultaat van ondernemingen waarin wordt deelgenomen;jenv-bw2-i_ShareInResultsParticipatingInterests;jenv-bw2-dm:CommercialMember;jenv-bw2-dm:SeparateMember
WRedAirGrp*;Resultaat uit deelnemingen in groepsmaatschappijen;jenv-bw2-i_ShareInResultsParticipatingInterestsInGroupCompanies;jenv-bw2-dm:CommercialMember;jenv-bw2-dm:ConsolidatedMember
WRedAirGrp*;Resultaat uit deelnemingen in groepsmaatschappijen;jenv-bw2-i_ShareInResultsParticipatingInterestsInGroupCompanies;jenv-bw2-dm:CommercialMember;jenv-bw2-dm:SeparateMember
WRedAirOvd;Resultaat uit deelnemingen in overige verbonden maatschappijen;jenv-bw2-i_ShareInResultsParticipatingInterestsInOtherAffiliatedCompanies;jenv-bw2-dm:CommercialMember;jenv-bw2-dm:ConsolidatedMember
WRedAirOvd;Resultaat uit deelnemingen in overige verbonden maatschappijen;jenv-bw2-i_ShareInResultsParticipatingInterestsInOtherAffiliatedCompanies;jenv-bw2-dm:CommercialMember;jenv-bw2-dm:SeparateMember
WVhe*;Vrijval uit herwaarderingsreserve;jenv-bw2-i_RevaluationReserveRelease;jenv-bw2-dm:CommercialMember;jenv-bw2-dm:ConsolidatedMember
WVhe*;Vrijval uit herwaarderingsreserve;jenv-bw2-i_RevaluationReserveRelease;jenv-bw2-dm:CommercialMember;jenv-bw2-dm:SeparateMember
WVkf*;Verkoopkosten;jenv-bw2-i_SellingExpenses;jenv-bw2-dm:CommercialMember;jenv-bw2-dm:ConsolidatedMember
WVkf*;Verkoopkosten;jenv-bw2-i_SellingExpenses;jenv-bw2-dm:CommercialMember;jenv-bw2-dm:SeparateMember
WWfa*;Wijzigingen in de waarde van financiële vaste activa en van de effecten die tot de vlottende activa behoren;jenv-bw2-i_ChangesValueFinancialAssetsSecurities;jenv-bw2-dm:CommercialMember;jenv-bw2-dm:ConsolidatedMember
WWfa*;Wijzigingen in de waarde van financiële vaste activa en van de effecten die tot de vlottende activa behoren;jenv-bw2-i_ChangesValueFinancialAssetsSecurities;jenv-bw2-dm:CommercialMember;jenv-bw2-dm:SeparateMember
WWfaBwvFva;Bijzondere waardeverminderingen van financiële vaste activa verantwoord in de winst-en-verliesrekening;rj-i_ImpairmentFinancialAssetsRecordedInIncomeStatement;jenv-bw2-dm:CommercialMember;jenv-bw2-dm:ConsolidatedMember
WWfaBwvFva;Bijzondere waardeverminderingen van financiële vaste activa verantwoord in de winst-en-verliesrekening;rj-i_ImpairmentFinancialAssetsRecordedInIncomeStatement;jenv-bw2-dm:CommercialMember;jenv-bw2-dm:SeparateMember
WWfaBwvFvaDee;Wijzigingen in de waarde van de financiële vaste activa en van de effecten die tot de vlottende activa behoren op overige verbonden maatschappijen;jenv-bw2-i_ChangesValueFinancialAssetsSecuritiesOtherAffiliatedCompanies;jenv-bw2-dm:CommercialMember;jenv-bw2-dm:ConsolidatedMember
WWfaBwvFvaDee;Wijzigingen in de waarde van de financiële vaste activa en van de effecten die tot de vlottende activa behoren op overige verbonden maatschappijen;jenv-bw2-i_ChangesValueFinancialAssetsSecuritiesOtherAffiliatedCompanies;jenv-bw2-dm:CommercialMember;jenv-bw2-dm:SeparateMember
WWfaBwvFvaDgr;Wijzigingen in de waarde van de financiële vaste activa en van de effecten die tot de vlottende activa behoren op groepsmaatschappijen;jenv-bw2-i_ChangesValueFinancialAssetsSecuritiesGroupCompanies;jenv-bw2-dm:CommercialMember;jenv-bw2-dm:ConsolidatedMember
WWfaBwvFvaDgr;Wijzigingen in de waarde van de financiële vaste activa en van de effecten die tot de vlottende activa behoren op groepsmaatschappijen;jenv-bw2-i_ChangesValueFinancialAssetsSecuritiesGroupCompanies;jenv-bw2-dm:CommercialMember;jenv-bw2-dm:SeparateMember
WWfaBwvTwe;Terugneming van bijzondere waardeverminderingen van effecten verantwoord in de winst-en-verliesrekening;rj-i_ImpairmentSecuritiesReversalRecordedInIncomeStatement;jenv-bw2-dm:CommercialMember;jenv-bw2-dm:ConsolidatedMember
WWfaBwvTwe;Terugneming van bijzondere waardeverminderingen van effecten verantwoord in de winst-en-verliesrekening;rj-i_ImpairmentSecuritiesReversalRecordedInIncomeStatement;jenv-bw2-dm:CommercialMember;jenv-bw2-dm:SeparateMember
WWfaBwvTwf;Terugneming van bijzondere waardeverminderingen van financiële vaste activa verantwoord in de winst-en-verliesrekening;rj-i_ImpairmentFinancialAssetsReversalRecordedInIncomeStatement;jenv-bw2-dm:CommercialMember;jenv-bw2-dm:ConsolidatedMember
WWfaBwvTwf;Terugneming van bijzondere waardeverminderingen van financiële vaste activa verantwoord in de winst-en-verliesrekening;rj-i_ImpairmentFinancialAssetsReversalRecordedInIncomeStatement;jenv-bw2-dm:CommercialMember;jenv-bw2-dm:SeparateMember
WWivWva*;Bedrag van waardeveranderingen van agrarische voorraden gewaardeerd tegen actuele waarde onmiddellijk verwerkt in de winst-en-verliesrekening;rj-i_AmountChangeValueAgriculturalStocksAtCurrentValueProfitLossAccount;jenv-bw2-dm:CommercialMember;jenv-bw2-dm:ConsolidatedMember
WWivWva*;Waardeveranderingen van agrarische voorraden;rj-i_ChangeValueAgriculturalStocks;jenv-bw2-dm:CommercialMember;jenv-bw2-dm:ConsolidatedMember
WWivWva*;Bedrag van waardeveranderingen van agrarische voorraden gewaardeerd tegen actuele waarde onmiddellijk verwerkt in de winst-en-verliesrekening;rj-i_AmountChangeValueAgriculturalStocksAtCurrentValueProfitLossAccount;jenv-bw2-dm:CommercialMember;jenv-bw2-dm:SeparateMember
WWivWva*;Waardeveranderingen van agrarische voorraden;rj-i_ChangeValueAgriculturalStocks;jenv-bw2-dm:CommercialMember;jenv-bw2-dm:SeparateMember
WWviWvb*;Wijziging in de reële waarde van vastgoedbeleggingen;rj-i_ChangesValueInvestmentProperties;jenv-bw2-dm:CommercialMember;jenv-bw2-dm:ConsolidatedMember
WWviWvb*;Wijziging in de reële waarde van vastgoedbeleggingen;rj-i_ChangesValueInvestmentProperties;jenv-bw2-dm:CommercialMember;jenv-bw2-dm:ConsolidatedMember;;;;rj-dm:InvestmentPropertiesMember
WWviWvb*;Wijziging in de reële waarde van vastgoedbeleggingen;rj-i_ChangesValueInvestmentProperties;jenv-bw2-dm:CommercialMember;jenv-bw2-dm:SeparateMember
WWviWvb*;Wijziging in de reële waarde van vastgoedbeleggingen;rj-i_ChangesValueInvestmentProperties;jenv-bw2-dm:CommercialMember;jenv-bw2-dm:SeparateMember;;;;rj-dm:InvestmentPropertiesMember
WWviWvb???Vie;Wijziging in de reële waarde van vastgoedbeleggingen;rj-i_ChangesValueInvestmentProperties;jenv-bw2-dm:CommercialMember;jenv-bw2-dm:ConsolidatedMember;;;;rj-cp-dm:InvestmentPropertiesInExploitationMember
WWviWvb???Vie;Wijziging in de reële waarde van vastgoedbeleggingen;rj-i_ChangesValueInvestmentProperties;jenv-bw2-dm:CommercialMember;jenv-bw2-dm:SeparateMember;;;;rj-cp-dm:InvestmentPropertiesInExploitationMember
WWviWvb???Vio;Wijziging in de reële waarde van vastgoedbeleggingen;rj-i_ChangesValueInvestmentProperties;jenv-bw2-dm:CommercialMember;jenv-bw2-dm:ConsolidatedMember;;;;rj-dm:InvestmentPropertiesInDevelopmentMember
WWviWvb???Vio;Wijziging in de reële waarde van vastgoedbeleggingen;rj-i_ChangesValueInvestmentProperties;jenv-bw2-dm:CommercialMember;jenv-bw2-dm:SeparateMember;;;;rj-dm:InvestmentPropertiesInDevelopmentMember
WWviWvbTbw;Terugneming van bijzondere waardeverminderingen van vastgoedbeleggingen verantwoord in de winst-en-verliesrekening;rj-i_ImpairmentInvestmentPropertiesReversalRecordedInIncomeStatement;jenv-bw2-dm:CommercialMember;jenv-bw2-dm:ConsolidatedMember
WWviWvbTbw;Terugneming van bijzondere waardeverminderingen van vastgoedbeleggingen verantwoord in de winst-en-verliesrekening;rj-i_ImpairmentInvestmentPropertiesReversalRecordedInIncomeStatement;jenv-bw2-dm:CommercialMember;jenv-bw2-dm:SeparateMember
WWviWvbTbw*;Terugneming van bijzondere waardeverminderingen van vastgoedbeleggingen verantwoord in de winst-en-verliesrekening;rj-i_ImpairmentInvestmentPropertiesReversalRecordedInIncomeStatement;jenv-bw2-dm:CommercialMember;jenv-bw2-dm:ConsolidatedMember;;;;rj-dm:InvestmentPropertiesMember
WWviWvbTbw*;Terugneming van bijzondere waardeverminderingen van vastgoedbeleggingen verantwoord in de winst-en-verliesrekening;rj-i_ImpairmentInvestmentPropertiesReversalRecordedInIncomeStatement;jenv-bw2-dm:CommercialMember;jenv-bw2-dm:SeparateMember;;;;rj-dm:InvestmentPropertiesMember
WWviWvbTbwVie;Terugneming van bijzondere waardeverminderingen van vastgoedbeleggingen verantwoord in de winst-en-verliesrekening;rj-i_ImpairmentInvestmentPropertiesReversalRecordedInIncomeStatement;jenv-bw2-dm:CommercialMember;jenv-bw2-dm:ConsolidatedMember;;;;rj-cp-dm:InvestmentPropertiesInExploitationMember
WWviWvbTbwVie;Terugneming van bijzondere waardeverminderingen van vastgoedbeleggingen verantwoord in de winst-en-verliesrekening;rj-i_ImpairmentInvestmentPropertiesReversalRecordedInIncomeStatement;jenv-bw2-dm:CommercialMember;jenv-bw2-dm:SeparateMember;;;;rj-cp-dm:InvestmentPropertiesInExploitationMember
WWviWvbTbwVio;Terugneming van bijzondere waardeverminderingen van vastgoedbeleggingen verantwoord in de winst-en-verliesrekening;rj-i_ImpairmentInvestmentPropertiesReversalRecordedInIncomeStatement;jenv-bw2-dm:CommercialMember;jenv-bw2-dm:ConsolidatedMember;;;;rj-dm:InvestmentPropertiesInDevelopmentMember
WWviWvbTbwVio;Terugneming van bijzondere waardeverminderingen van vastgoedbeleggingen verantwoord in de winst-en-verliesrekening;rj-i_ImpairmentInvestmentPropertiesReversalRecordedInIncomeStatement;jenv-bw2-dm:CommercialMember;jenv-bw2-dm:SeparateMember;;;;rj-dm:InvestmentPropertiesInDevelopmentMember
WWviWvi*;Waardeveranderingen van immateriële vaste activa;jenv-bw2-i_ChangesInValueIntangibleAssets;jenv-bw2-dm:CommercialMember;jenv-bw2-dm:ConsolidatedMember
WWviWvi*;Waardeveranderingen van immateriële vaste activa;jenv-bw2-i_ChangesInValueIntangibleAssets;jenv-bw2-dm:CommercialMember;jenv-bw2-dm:SeparateMember
WWviWviTbi;Terugneming van bijzondere waardeverminderingen van immateriële vaste activa verantwoord in de winst-en-verliesrekening;rj-i_ImpairmentIntangibleAssetsReversalRecordedInIncomeStatement;jenv-bw2-dm:CommercialMember;jenv-bw2-dm:ConsolidatedMember
WWviWviTbi;Terugneming van bijzondere waardeverminderingen van immateriële vaste activa verantwoord in de winst-en-verliesrekening;rj-i_ImpairmentIntangibleAssetsReversalRecordedInIncomeStatement;jenv-bw2-dm:CommercialMember;jenv-bw2-dm:SeparateMember
WWviWvm*;Waardeveranderingen van materiële vaste activa;jenv-bw2-i_ChangesInValuePropertyPlantEquipment;jenv-bw2-dm:CommercialMember;jenv-bw2-dm:ConsolidatedMember
WWviWvm*;Waardeveranderingen van materiële vaste activa;jenv-bw2-i_ChangesInValuePropertyPlantEquipment;jenv-bw2-dm:CommercialMember;jenv-bw2-dm:SeparateMember
WWviWvmTbm;Terugneming van bijzondere waardeverminderingen van materiële vaste activa verantwoord in de winst-en-verliesrekening;rj-i_ImpairmentPropertyPlantEquipmentReversalRecordedInIncomeStatement;jenv-bw2-dm:CommercialMember;jenv-bw2-dm:ConsolidatedMember
WWviWvmTbm;Terugneming van bijzondere waardeverminderingen van materiële vaste activa verantwoord in de winst-en-verliesrekening;rj-i_ImpairmentPropertyPlantEquipmentReversalRecordedInIncomeStatement;jenv-bw2-dm:CommercialMember;jenv-bw2-dm:SeparateMember