SBR_ENTRYPOINT;http://www.nltaxonomie.nl/nt20/kvk/20251210/entrypoints/kvk-rpt-jaarverantwoording-2025-nlgaap-middelgroot-publicatiestukken.xsd
SBR_CONNECT;SBR_LABEL;SBR_CONCEPT;SBR_AXIS[jenv-bw2-dim:BasisOfPreparationAxis];SBR_AXIS[jenv-bw2-dim:FinancialStatementsTypeAxis];SBR_AXIS[rj-dim:ClassesOfProvisionsAxis];SBR_AXIS[rj-dim:ClassesOfInvestmentPropertiesAxis];SBR_AXIS[jenv-bw2-dim:ClassesOfPropertyPlantEquipmentAxis];SBR_AXIS[rj-dim:LiabilitiesNoncurrentAxis];SBR_AXIS[rj-dim:NegativeGoodwillAxis];SBR_AXIS[jenv-bw2-dim:ClassesOfIntangibleAssetsAxis];SBR_AXIS[jenv-bw2-dim:ClassesOfEquityAxis];SBR_AXIS[rj-dim:ClassesOfRevaluationReserveAxis]
1-1-2020;Startdatum van de voorgaande periode waarop de jaarrekening betrekking heeft;jenv-bw2-i_FinancialReportingPeriodPreviousStartDate
1-1-2021;Startdatum van de periode waarop de jaarrekening betrekking heeft;jenv-bw2-i_FinancialReportingPeriodCurrentStartDate
31-12-2020;Einddatum van de voorgaande periode waarop de jaarrekening betrekking heeft;jenv-bw2-i_FinancialReportingPeriodPreviousEndDate
31-12-2021;Einddatum van de periode waarop de jaarrekening betrekking heeft;jenv-bw2-i_FinancialReportingPeriodCurrentEndDate
=GROUP(BEiv*+BEga*);Groepsvermogen;jenv-bw2-i_EquityGroup;jenv-bw2-dm:CommercialMember;jenv-bw2-dm:ConsolidatedMember
=GROUP(BEiv*+BEga*+BVrz*+BLas*+BSch*);Passiva;jenv-bw2-i_EquityAndLiabilities;jenv-bw2-dm:CommercialMember;jenv-bw2-dm:ConsolidatedMember
=GROUP(BEiv*+BEga*+BVrz*+BLas*+BSch*);Passiva;jenv-bw2-i_EquityAndLiabilities;jenv-bw2-dm:CommercialMember;jenv-bw2-dm:SeparateMember
=GROUP(BEiv*+BEga*-BEivAvd*);Eigen vermogen;jenv-bw2-i_Equity;jenv-bw2-dm:CommercialMember;jenv-bw2-dm:ConsolidatedMember
=GROUP(BEiv*-BEiv??????Beg)-GROUP(BEivHerHewOhe+BEivHerHewSte+BEivHerHewBvs+BEivWer???Rsw+BEivOvr???Slw+BEivOvr???Rsw+BEivOre???Rms)-GROUP(BEiv??????Rfh+BEivOre???Rmf);Mutatie in het eigen vermogen gedurende de periode;jenv-bw2-i_EquityMovement;jenv-bw2-dm:CommercialMember;jenv-bw2-dm:SeparateMember;;;;;;;jenv-bw2-dm:EquityMember
=GROUP(BEiv??????Avh+BEivOre???All);Mutatie in het eigen vermogen als gevolg van bestemming van het nettoresultaat;rj-cp-i_EquityResultAllocation;jenv-bw2-dm:CommercialMember;jenv-bw2-dm:SeparateMember;;;;;;;jenv-bw2-dm:EquityMember
=GROUP(BEiv??????Beg+BEivHerHewOhe+BEivHerHewSte+BEivHerHewBvs+BEiv??????Rsw+BEiv??????Slw+BEivOre???Rms+BEiv??????Rfh+BEivOre???Rmf);Aangepaste eigen vermogen na herrekening;rj-i_AdjustedEquityAfterRecalculation;jenv-bw2-dm:CommercialMember;jenv-bw2-dm:SeparateMember;;;;;;;jenv-bw2-dm:EquityMember
=GROUP(BEiv??????Div+BEiv??????Idi);Mutatie in het eigen vermogen als gevolg van dividenduitkeringen;rj-cp-i_EquityDividendDistribution;jenv-bw2-dm:CommercialMember;jenv-bw2-dm:SeparateMember;;;;;;;jenv-bw2-dm:EquityMember
=GROUP(BEiv??????Her+BEivHerHewVrh)+GROUP(BEivHerHewG??+BEivHerHewBrh+BEivHerHewBvh);Mutatie in het eigen vermogen als gevolg van herwaarderingen;rj-cp-i_EquityRevaluations;jenv-bw2-dm:CommercialMember;jenv-bw2-dm:SeparateMember;;;;;;;jenv-bw2-dm:EquityMember
=GROUP(BEiv??????Ove+BEivFir???Aaw+BEivFir???Dot+BEivFir???Ktl);Mutatie in het eigen vermogen als gevolg van overboekingen;rj-cp-i_EquityTransfers;jenv-bw2-dm:CommercialMember;jenv-bw2-dm:SeparateMember;;;;;;;jenv-bw2-dm:EquityMember
=GROUP(BEiv??????Ovm+BEiv??????Dot+BEiv??????Ont);Mutatie in het eigen vermogen als gevolg van overige mutaties;rj-cp-i_EquityMovementOther;jenv-bw2-dm:CommercialMember;jenv-bw2-dm:SeparateMember;;;;;;;jenv-bw2-dm:EquityMember
=GROUP(BEiv??????Raf+BEivOre???Rma);Rechtstreekse mutatie in het eigen vermogen als gevolg van afstotingen;rj-cp-i_EquityDirectlyBusinessDivestitures;jenv-bw2-dm:CommercialMember;jenv-bw2-dm:SeparateMember;;;;;;;jenv-bw2-dm:EquityMember
=GROUP(BEiv??????Rbw+BEivOre???Rmw);Rechtstreekse mutatie in het eigen vermogen als gevolg van bijzondere waardeverminderingen;rj-cp-i_EquityDirectlyImpairment;jenv-bw2-dm:CommercialMember;jenv-bw2-dm:SeparateMember;;;;;;;jenv-bw2-dm:EquityMember
=GROUP(BEiv??????Rfh+BEivOre???Rmf);Rechtstreekse mutatie in het eigen vermogen als gevolg van foutherstel;rj-cp-i_EquityDirectlyMaterialErrors;jenv-bw2-dm:CommercialMember;jenv-bw2-dm:SeparateMember;;;;;;;jenv-bw2-dm:EquityMember
=GROUP(BEiv??????Rfi+BEivOre???Rmd);Rechtstreekse mutatie in het eigen vermogen als gevolg van financiële instrumenten;rj-i_EquityDirectlyFinancialInstruments;jenv-bw2-dm:CommercialMember;jenv-bw2-dm:SeparateMember;;;;;;;jenv-bw2-dm:EquityMember
=GROUP(BEiv??????Rom+BEivFir???Val+BEivOre???Rmv);Rechtstreekse mutatie in het eigen vermogen als gevolg van omrekeningsverschillen;rj-cp-i_EquityDirectlyExchangeDifferences;jenv-bw2-dm:CommercialMember;jenv-bw2-dm:SeparateMember;;;;;;;jenv-bw2-dm:EquityMember
=GROUP(BEiv??????Rov+BEivOre???Rmo);Rechtstreekse mutatie in het eigen vermogen als gevolg van overnames;rj-cp-i_EquityDirectlyBusinessAcquisitions;jenv-bw2-dm:CommercialMember;jenv-bw2-dm:SeparateMember;;;;;;;jenv-bw2-dm:EquityMember
=GROUP(BEiv??????Rtw+BEivOre???Rmt);Rechtstreekse mutatie in het eigen vermogen als gevolg van terugneming van bijzondere waardeverminderingen;rj-cp-i_EquityDirectlyImpairmentReversal;jenv-bw2-dm:CommercialMember;jenv-bw2-dm:SeparateMember;;;;;;;jenv-bw2-dm:EquityMember
=GROUP(BEivAgi*-BEivAgiAgiRfh-BEivAgiAgiBeg);Mutatie in het eigen vermogen gedurende de periode;jenv-bw2-i_EquityMovement;jenv-bw2-dm:CommercialMember;jenv-bw2-dm:SeparateMember;;;;;;;jenv-bw2-dm:SharePremiumMember
=GROUP(BEivAgiAgiBeg+BEivAgiAgiRfh);Aangepaste eigen vermogen na herrekening;rj-i_AdjustedEquityAfterRecalculation;jenv-bw2-dm:CommercialMember;jenv-bw2-dm:SeparateMember;;;;;;;jenv-bw2-dm:SharePremiumMember
=GROUP(BEivFij*-BEivFijFijBeg);Mutatie in het eigen vermogen gedurende de periode;jenv-bw2-i_EquityMovement;jenv-bw2-dm:CommercialMember;jenv-bw2-dm:SeparateMember;;;;;;;rj-dm:FinancialInstrumentsLegalFormClassifiedAsEquityMember
=GROUP(BEivGok*-BEivGok???Beg);Mutatie in het eigen vermogen gedurende de periode;jenv-bw2-i_EquityMovement;jenv-bw2-dm:CommercialMember;jenv-bw2-dm:SeparateMember;;;;;;;jenv-bw2-dm:ShareCapitalPaidCalledUpMember
=GROUP(BEivGok???Div+BEivGok???Idi);Mutatie in het eigen vermogen als gevolg van dividenduitkeringen;rj-cp-i_EquityDividendDistribution;jenv-bw2-dm:CommercialMember;jenv-bw2-dm:SeparateMember;;;;;;;jenv-bw2-dm:ShareCapitalPaidCalledUpMember
=GROUP(BEivGok???Ink+BEiv??????Ive);Mutatie in het eigen vermogen als gevolg van de inkoop van eigen aandelen;rj-cp-i_EquityTreasurySharesPurchase;jenv-bw2-dm:CommercialMember;jenv-bw2-dm:SeparateMember;;;;;;;jenv-bw2-dm:EquityMember
=GROUP(BEivGok???Int+BEiv??????Iva);Mutatie in het eigen vermogen als gevolg van de intrekking van aandelen;rj-cp-i_EquitySharesWithdrawal;jenv-bw2-dm:CommercialMember;jenv-bw2-dm:SeparateMember;;;;;;;jenv-bw2-dm:EquityMember
=GROUP(BEivGok???Uit+BEiv??????Uva);Mutatie in het eigen vermogen als gevolg van de uitgifte van aandelen;rj-cp-i_EquityShareIssue;jenv-bw2-dm:CommercialMember;jenv-bw2-dm:SeparateMember;;;;;;;jenv-bw2-dm:EquityMember
=GROUP(BEivGok???Vrk+BEiv??????Vve);Mutatie in het eigen vermogen als gevolg van de verkoop van eigen aandelen;rj-cp-i_EquityTreasurySharesSale;jenv-bw2-dm:CommercialMember;jenv-bw2-dm:SeparateMember;;;;;;;jenv-bw2-dm:EquityMember
=GROUP(BEivHer*)-GROUP(BEivHerHewBeg+BEivHerHewOhe+BEivHerHewSte+BEivHerHewBvs);Mutatie in de herwaarderingsreserve gedurende de periode;jenv-bw2-i_RevaluationReserveMovement;jenv-bw2-dm:CommercialMember;jenv-bw2-dm:SeparateMember;;;;;;;;jenv-bw2-dm:RevaluationReserveMember
=GROUP(BEivHer*)-GROUP(BEivHerHewBeg+BEivHerHewOhe+BEivHerHewSte+BEivHerHewBvs);Mutatie in de herwaarderingsreserve gedurende de periode;jenv-bw2-i_RevaluationReserveMovement;jenv-bw2-dm:CommercialMember;jenv-bw2-dm:SeparateMember;;;;;;;;rj-dm:HedgedMember
=GROUP(BEivHer*-BEivHerHewBeg-BEivHerHewOhe-BEivHerHewSte-BEivHerHewBvs);Mutatie in het eigen vermogen gedurende de periode;jenv-bw2-i_EquityMovement;jenv-bw2-dm:CommercialMember;jenv-bw2-dm:SeparateMember;;;;;;;jenv-bw2-dm:RevaluationReserveMember
=GROUP(BEivHerHewBeg+BEivHerHewOhe+BEivHerHewSte+BEivHerHewBvs);Aangepaste eigen vermogen na herrekening;rj-i_AdjustedEquityAfterRecalculation;jenv-bw2-dm:CommercialMember;jenv-bw2-dm:SeparateMember;;;;;;;jenv-bw2-dm:RevaluationReserveMember
=GROUP(BEivHerHewBeg+BEivHerHewOhe+BEivHerHewSte+BEivHerHewBvs);Aangepaste herwaarderingsreserve na herrekening als gevolg van stelselwijziging;rj-i_AdjustedRevaluationReserveAfterRecalculationChangeAccountingPolicies;jenv-bw2-dm:CommercialMember;jenv-bw2-dm:SeparateMember;;;;;;;;jenv-bw2-dm:RevaluationReserveMember
=GROUP(BEivHerHewBeg+BEivHerHewOhe+BEivHerHewSte+BEivHerHewBvs);Aangepaste herwaarderingsreserve na herrekening als gevolg van stelselwijziging;rj-i_AdjustedRevaluationReserveAfterRecalculationChangeAccountingPolicies;jenv-bw2-dm:CommercialMember;jenv-bw2-dm:SeparateMember;;;;;;;;rj-dm:HedgedMember
=GROUP(BEivHerHewGhw+BEivHerHewOve+BEivHerHewHer+BEivHerHewVrh+BEivHerHewOvm);Mutatie in herwaarderingsreserve als gevolg van gerealiseerde herwaarderingen via winst-en-verliesrekening;rj-i_RevaluationReserveRealisedRevaluationsThroughIncomeStatement;jenv-bw2-dm:CommercialMember;jenv-bw2-dm:SeparateMember;;;;;;;;jenv-bw2-dm:RevaluationReserveMember
=GROUP(BEivHerHewGhw+BEivHerHewOve+BEivHerHewHer+BEivHerHewVrh+BEivHerHewOvm);Mutatie in herwaarderingsreserve als gevolg van gerealiseerde herwaarderingen via winst-en-verliesrekening;rj-i_RevaluationReserveRealisedRevaluationsThroughIncomeStatement;jenv-bw2-dm:CommercialMember;jenv-bw2-dm:SeparateMember;;;;;;;;rj-dm:HedgedMember
=GROUP(BEivHerHewHer+BEivHerHewVrh)+GROUP(BEivHerHewG??+BEivHerHewBrh+BEivHerHewBvh);Mutatie in het eigen vermogen als gevolg van herwaarderingen;rj-cp-i_EquityRevaluations;jenv-bw2-dm:CommercialMember;jenv-bw2-dm:SeparateMember;;;;;;;jenv-bw2-dm:RevaluationReserveMember
=GROUP(BEivHerHewOhe+BEivHerHewSte);Mutatie in herwaarderingsreserve als gevolg van stelselwijzigingen;rj-i_RevaluationReserveChangeAccountingPolicies;jenv-bw2-dm:CommercialMember;jenv-bw2-dm:SeparateMember;;;;;;;;jenv-bw2-dm:RevaluationReserveMember
=GROUP(BEivHerHewOhe+BEivHerHewSte);Mutatie in herwaarderingsreserve als gevolg van stelselwijzigingen;rj-i_RevaluationReserveChangeAccountingPolicies;jenv-bw2-dm:CommercialMember;jenv-bw2-dm:SeparateMember;;;;;;;;rj-dm:HedgedMember
=GROUP(BEivHerHewOhe+BEivHerHewSte+BEivHerHewBvs);Rechtstreekse mutatie in het eigen vermogen als gevolg van stelselwijzigingen;rj-cp-i_EquityDirectlyChangeAccountingPolicies;jenv-bw2-dm:CommercialMember;jenv-bw2-dm:SeparateMember;;;;;;;jenv-bw2-dm:RevaluationReserveMember
=GROUP(BEivHerHewOhe+BEivHerHewSte+BEivHerHewBvs+BEiv??????Rsw+BEiv??????Slw+BEivOre???Rms);Rechtstreekse mutatie in het eigen vermogen als gevolg van stelselwijzigingen;rj-cp-i_EquityDirectlyChangeAccountingPolicies;jenv-bw2-dm:CommercialMember;jenv-bw2-dm:SeparateMember;;;;;;;jenv-bw2-dm:EquityMember
=GROUP(BEivOreOvw*-BEivOreOvwRmf-BEivOreOvwBeg-BEivOreOvwRms-BEivOreOvwSlw);Mutatie in het eigen vermogen gedurende de periode;jenv-bw2-i_EquityMovement;jenv-bw2-dm:CommercialMember;jenv-bw2-dm:SeparateMember;;;;;;;jenv-bw2-dm:RetainedEarningsMember
=GROUP(BEivOreOvwBeg+BEivOreOvwRms+BEivOreOvwSlw+BEivOreOvwRmf);Aangepaste eigen vermogen na herrekening;rj-i_AdjustedEquityAfterRecalculation;jenv-bw2-dm:CommercialMember;jenv-bw2-dm:SeparateMember;;;;;;;jenv-bw2-dm:RetainedEarningsMember
=GROUP(BEivOreOvwRms+BEivOreOvwSlw);Rechtstreekse mutatie in het eigen vermogen als gevolg van stelselwijzigingen;rj-cp-i_EquityDirectlyChangeAccountingPolicies;jenv-bw2-dm:CommercialMember;jenv-bw2-dm:SeparateMember;;;;;;;jenv-bw2-dm:RetainedEarningsMember
=GROUP(BEivOreRvh*-BEivOreRvhRmf-BEivOreRvhBeg-BEivOreRvhRms);Mutatie in het eigen vermogen gedurende de periode;jenv-bw2-i_EquityMovement;jenv-bw2-dm:CommercialMember;jenv-bw2-dm:SeparateMember;;;;;;;jenv-bw2-dm:ResultForTheYearMember
=GROUP(BEivOreRvhBeg+BEivOreRvhRms+BEivOreRvhRmf);Aangepaste eigen vermogen na herrekening;rj-i_AdjustedEquityAfterRecalculation;jenv-bw2-dm:CommercialMember;jenv-bw2-dm:SeparateMember;;;;;;;jenv-bw2-dm:ResultForTheYearMember
=GROUP(BEivOreUpd*-BEivOreUpdBeg);Mutatie in het eigen vermogen gedurende de periode;jenv-bw2-i_EquityMovement;jenv-bw2-dm:CommercialMember;jenv-bw2-dm:SeparateMember;;;;;;;rj-dm:PreferredDividendDeductedFromResultForTheYearMember
=GROUP(BEivOreVde*-BEivOreVdeBeg);Mutatie in het eigen vermogen gedurende de periode;jenv-bw2-i_EquityMovement;jenv-bw2-dm:CommercialMember;jenv-bw2-dm:SeparateMember;;;;;;;rj-dm:DividendPayableHoldersSharesRecordedAsEquityMember
=GROUP(BEivOvr*-BEivOvr???Rfh-BEivOvr???Beg-BEivOvr???Slw-BEivOvr???Rsw);Mutatie in het eigen vermogen gedurende de periode;jenv-bw2-i_EquityMovement;jenv-bw2-dm:CommercialMember;jenv-bw2-dm:SeparateMember;;;;;;;jenv-bw2-dm:ReservesOtherMember
=GROUP(BEivOvr???Beg+BEivOvr???Slw+BEivOvr???Rsw+BEivOvr???Rfh);Aangepaste eigen vermogen na herrekening;rj-i_AdjustedEquityAfterRecalculation;jenv-bw2-dm:CommercialMember;jenv-bw2-dm:SeparateMember;;;;;;;jenv-bw2-dm:ReservesOtherMember
=GROUP(BEivOvr???Rgo+BEivOre???Rmg);Rechtstreekse mutatie in het eigen vermogen als gevolg van goodwill;rj-cp-i_EquityDirectlyGoodwill;jenv-bw2-dm:CommercialMember;jenv-bw2-dm:SeparateMember;;;;;;;jenv-bw2-dm:EquityMember
=GROUP(BEivOvr???Slw+BEivOvr???Rsw);Rechtstreekse mutatie in het eigen vermogen als gevolg van stelselwijzigingen;rj-cp-i_EquityDirectlyChangeAccountingPolicies;jenv-bw2-dm:CommercialMember;jenv-bw2-dm:SeparateMember;;;;;;;jenv-bw2-dm:ReservesOtherMember
=GROUP(BEivStr*-BEivStrStrRfh-BEivStrStrBeg);Mutatie in het eigen vermogen gedurende de periode;jenv-bw2-i_EquityMovement;jenv-bw2-dm:CommercialMember;jenv-bw2-dm:SeparateMember;;;;;;;jenv-bw2-dm:StatutoryReservesMember
=GROUP(BEivStrStrBeg+BEivStrStrRfh);Aangepaste eigen vermogen na herrekening;rj-i_AdjustedEquityAfterRecalculation;jenv-bw2-dm:CommercialMember;jenv-bw2-dm:SeparateMember;;;;;;;jenv-bw2-dm:StatutoryReservesMember
=GROUP(BEivWer*-BEivWer???Rfh-BEivWer???Beg-BEivWer???Rsw);Mutatie in het eigen vermogen gedurende de periode;jenv-bw2-i_EquityMovement;jenv-bw2-dm:CommercialMember;jenv-bw2-dm:SeparateMember;;;;;;;jenv-bw2-dm:LegalReservesMember
=GROUP(BEivWer???Beg+BEivWer???Rsw+BEivWer???Rfh);Aangepaste eigen vermogen na herrekening;rj-i_AdjustedEquityAfterRecalculation;jenv-bw2-dm:CommercialMember;jenv-bw2-dm:SeparateMember;;;;;;;jenv-bw2-dm:LegalReservesMember
=GROUP(BEivWer???Ovm+BEivWer???Dot+BEivWer???Ont);Mutatie in het eigen vermogen als gevolg van overige mutaties;rj-cp-i_EquityMovementOther;jenv-bw2-dm:CommercialMember;jenv-bw2-dm:SeparateMember;;;;;;;jenv-bw2-dm:LegalReservesMember
=GROUP(BFvaDig*+BFvaNvm*);Aandelen, certificaten van aandelen en andere vormen van deelneming in groepsmaatschappijen;jenv-bw2-i_InvestmentsInParticipatingInterestsInGroupCompanies;jenv-bw2-dm:CommercialMember;jenv-bw2-dm:ConsolidatedMember
=GROUP(BFvaDig*+BFvaNvm*);Aandelen, certificaten van aandelen en andere vormen van deelneming in groepsmaatschappijen;jenv-bw2-i_InvestmentsInParticipatingInterestsInGroupCompanies;jenv-bw2-dm:CommercialMember;jenv-bw2-dm:SeparateMember
=GROUP(BFvaOvr*-BFvaOvrHva*-BFvaOvrHvc*);Langlopende overige vorderingen;jenv-bw2-i_ReceivablesOtherNoncurrent;jenv-bw2-dm:CommercialMember;jenv-bw2-dm:ConsolidatedMember
=GROUP(BFvaOvr*-BFvaOvrHva*-BFvaOvrHvc*);Langlopende overige vorderingen;jenv-bw2-i_ReceivablesOtherNoncurrent;jenv-bw2-dm:CommercialMember;jenv-bw2-dm:SeparateMember
=GROUP(BFvaOvrVob*+BFvaOvrVoa*+BFvaOvrVgb*+BFvaOvrVga*);Langlopende leningen, voorschotten en garanties ten behoeve van bestuurders;rj-i_LoansAdvancesGuaranteesOnBehalfOfManagingDirectorsFormerManagingDirectorsNoncurrent;jenv-bw2-dm:CommercialMember;jenv-bw2-dm:ConsolidatedMember
=GROUP(BFvaOvrVob*+BFvaOvrVoa*+BFvaOvrVgb*+BFvaOvrVga*);Langlopende leningen, voorschotten en garanties ten behoeve van bestuurders;rj-i_LoansAdvancesGuaranteesOnBehalfOfManagingDirectorsFormerManagingDirectorsNoncurrent;jenv-bw2-dm:CommercialMember;jenv-bw2-dm:SeparateMember
=GROUP(BFvaOvrVoc*+BFvaOvrVca*+BFvaOvrVgc*+BFvaOvrVaw*);Langlopende leningen, voorschotten en garanties ten behoeve van commissarissen;rj-i_LoansAdvancesGuaranteesOnBehalfOfSupervisoryDirectorsFormerSupervisoryDirectorsNoncurrent;jenv-bw2-dm:CommercialMember;jenv-bw2-dm:ConsolidatedMember
=GROUP(BFvaOvrVoc*+BFvaOvrVca*+BFvaOvrVgc*+BFvaOvrVaw*);Langlopende leningen, voorschotten en garanties ten behoeve van commissarissen;rj-i_LoansAdvancesGuaranteesOnBehalfOfSupervisoryDirectorsFormerSupervisoryDirectorsNoncurrent;jenv-bw2-dm:CommercialMember;jenv-bw2-dm:SeparateMember
=GROUP(BFvaSub*+BFvaLen*+BFvaIlg*);Overige financiële vaste activa;rj-i_FinancialAssetsOther;jenv-bw2-dm:CommercialMember;jenv-bw2-dm:ConsolidatedMember
=GROUP(BFvaSub*+BFvaLen*+BFvaIlg*);Overige financiële vaste activa;rj-i_FinancialAssetsOther;jenv-bw2-dm:CommercialMember;jenv-bw2-dm:SeparateMember
=GROUP(BIva*+BMva*+BVas*+BFva*);Vaste activa;jenv-bw2-i_AssetsNoncurrent;jenv-bw2-dm:CommercialMember;jenv-bw2-dm:ConsolidatedMember
=GROUP(BIva*+BMva*+BVas*+BFva*);Vaste activa;jenv-bw2-i_AssetsNoncurrent;jenv-bw2-dm:CommercialMember;jenv-bw2-dm:SeparateMember
=GROUP(BIva*+BMva*+BVas*+BFva*+BVrd*+BPro*+BVor*+Beff*+BLim*);Activa;jenv-bw2-i_Assets;jenv-bw2-dm:CommercialMember;jenv-bw2-dm:ConsolidatedMember
=GROUP(BIva*+BMva*+BVas*+BFva*+BVrd*+BPro*+BVor*+Beff*+BLim*);Activa;jenv-bw2-i_Assets;jenv-bw2-dm:CommercialMember;jenv-bw2-dm:SeparateMember
=GROUP(BIvaOiv*+BIvaBou*);Overige immateriële vaste activa;rj-i_IntangibleAssetsOther;jenv-bw2-dm:CommercialMember;jenv-bw2-dm:ConsolidatedMember
=GROUP(BIvaOiv*+BIvaBou*);Overige immateriële vaste activa;rj-i_IntangibleAssetsOther;jenv-bw2-dm:CommercialMember;jenv-bw2-dm:SeparateMember
=GROUP(BIvaOivCuh*+BIvaBouCuh*);Som der herwaarderingen die betrekking hebben op de immateriële vaste activa;jenv-bw2-i_IntangibleAssetsAccumulatedRevaluations;jenv-bw2-dm:CommercialMember;jenv-bw2-dm:SeparateMember;;;;;;rj-dm:IntangibleAssetsOtherMember
=GROUP(BIvaOivCuh*+BIvaBouCuh*);Som der herwaarderingen die betrekking hebben op de immateriële vaste activa;jenv-bw2-i_IntangibleAssetsAccumulatedRevaluations;jenv-bw2-dm:CommercialMember;jenv-bw2-dm:ConsolidatedMember;;;;;;rj-dm:IntangibleAssetsOtherMember
=GROUP(BLas*-BLas??????Avp);Tussentelling langlopende schulden;rj-cp-i_SubtotalLiabilitiesNoncurrent;jenv-bw2-dm:CommercialMember;jenv-bw2-dm:ConsolidatedMember;;;;jenv-bw2-dm:LiabilitiesNoncurrentMember
=GROUP(BLas*-BLas??????Beg);Mutatie van langlopende schulden gedurende de periode;rj-i_LiabilitiesNoncurrentMovement;jenv-bw2-dm:CommercialMember;jenv-bw2-dm:ConsolidatedMember;;;;jenv-bw2-dm:LiabilitiesNoncurrentMember
=GROUP(BLas*-BLas??????Beg);Mutatie van langlopende schulden gedurende de periode;rj-i_LiabilitiesNoncurrentMovement;jenv-bw2-dm:CommercialMember;jenv-bw2-dm:SeparateMember;;;;jenv-bw2-dm:LiabilitiesNoncurrentMember
=GROUP(BLas??????Afl+BLas??????Ter+Blas??????Mvl+BLasOdvOdvAvs+BLasNegCbdTgv+BLasNegCbdVtg+BLasVhzVhzVer);Aflossingen van langlopende schulden;rj-i_LiabilitiesNoncurrentRepayments;jenv-bw2-dm:CommercialMember;jenv-bw2-dm:ConsolidatedMember;;;;jenv-bw2-dm:LiabilitiesNoncurrentMember
=GROUP(BLas??????Afl+BLas??????Ter+Blas??????Mvl+BLasOdvOdvAvs+BLasNegCbdTgv+BLasNegCbdVtg+BLasVhzVhzVer);Aflossingen van langlopende schulden;rj-i_LiabilitiesNoncurrentRepayments;jenv-bw2-dm:CommercialMember;jenv-bw2-dm:SeparateMember;;;;jenv-bw2-dm:LiabilitiesNoncurrentMember
=GROUP(BLas??????Avs+BLasNegBrwAga);Bij afstoting vervreemde langlopende schulden;rj-i_LiabilitiesNoncurrentDebtsDisposedOnDisposal;jenv-bw2-dm:CommercialMember;jenv-bw2-dm:ConsolidatedMember;;;;jenv-bw2-dm:LiabilitiesNoncurrentMember
=GROUP(BLas??????Avs+BLasNegBrwAga);Bij afstoting vervreemde langlopende schulden;rj-i_LiabilitiesNoncurrentDebtsDisposedOnDisposal;jenv-bw2-dm:CommercialMember;jenv-bw2-dm:SeparateMember;;;;jenv-bw2-dm:LiabilitiesNoncurrentMember
=GROUP(BLas??????Omv+BLas??????Omr);Verschillen uit omrekening vreemde valuta van langlopende schulden;rj-i_LiabilitiesNoncurrentExchangeRateChanges;jenv-bw2-dm:CommercialMember;jenv-bw2-dm:ConsolidatedMember;;;;jenv-bw2-dm:LiabilitiesNoncurrentMember
=GROUP(BLas??????Omv+BLas??????Omr);Verschillen uit omrekening vreemde valuta van langlopende schulden;rj-i_LiabilitiesNoncurrentExchangeRateChanges;jenv-bw2-dm:CommercialMember;jenv-bw2-dm:SeparateMember;;;;jenv-bw2-dm:LiabilitiesNoncurrentMember
=GROUP(BLas??????Owv+BLas??????Ovm+BLasNegBrwAag+BLasVhzVhzWaa+BLasVhzVhzAfw+BLasVhzVhzOve);Overige waardeveranderingen van langlopende schulden;rj-i_LiabilitiesNoncurrentMovementOther;jenv-bw2-dm:CommercialMember;jenv-bw2-dm:ConsolidatedMember;;;;jenv-bw2-dm:LiabilitiesNoncurrentMember
=GROUP(BLas??????Owv+BLas??????Ovm+BLasNegBrwAag+BLasVhzVhzWaa+BLasVhzVhzAfw+BLasVhzVhzOve);Overige waardeveranderingen van langlopende schulden;rj-i_LiabilitiesNoncurrentMovementOther;jenv-bw2-dm:CommercialMember;jenv-bw2-dm:SeparateMember;;;;jenv-bw2-dm:LiabilitiesNoncurrentMember
=GROUP(BLas??????Toe+BLas??????Aao+BLas??????Aan);Nieuwe financiering van langlopende schulden;rj-i_LiabilitiesNoncurrentNewFinancing;jenv-bw2-dm:CommercialMember;jenv-bw2-dm:ConsolidatedMember;;;;jenv-bw2-dm:LiabilitiesNoncurrentMember
=GROUP(BLas??????Toe+BLas??????Aao+BLas??????Aan);Nieuwe financiering van langlopende schulden;rj-i_LiabilitiesNoncurrentNewFinancing;jenv-bw2-dm:CommercialMember;jenv-bw2-dm:SeparateMember;;;;jenv-bw2-dm:LiabilitiesNoncurrentMember
=GROUP(BLasAoe*+BLasAcl*);Langlopende obligatieleningen, pandbrieven en andere leningen;jenv-bw2-i_DebenturesOtherPrivateLoansNoncurrent;jenv-bw2-dm:CommercialMember;jenv-bw2-dm:ConsolidatedMember
=GROUP(BLasAoe*+BLasAcl*);Langlopende schulden;jenv-bw2-i_LiabilitiesNoncurrent;jenv-bw2-dm:CommercialMember;jenv-bw2-dm:ConsolidatedMember;;;;jenv-bw2-dm:DebenturesOtherPrivateLoansNoncurrentMember
=GROUP(BLasAoe*+BLasAcl*);Langlopende obligatieleningen, pandbrieven en andere leningen;jenv-bw2-i_DebenturesOtherPrivateLoansNoncurrent;jenv-bw2-dm:CommercialMember;jenv-bw2-dm:SeparateMember
=GROUP(BLasAoe*+BLasAcl*);Langlopende schulden;jenv-bw2-i_LiabilitiesNoncurrent;jenv-bw2-dm:CommercialMember;jenv-bw2-dm:SeparateMember;;;;jenv-bw2-dm:DebenturesOtherPrivateLoansNoncurrentMember
=GROUP(BLasAoe*+BLasAcl*)-GROUP(BLasAoeClaAvp+BLasAclClaAvp);Tussentelling langlopende schulden;rj-cp-i_SubtotalLiabilitiesNoncurrent;jenv-bw2-dm:CommercialMember;jenv-bw2-dm:ConsolidatedMember;;;;jenv-bw2-dm:DebenturesOtherPrivateLoansNoncurrentMember
=GROUP(BLasAoe*+BLasAcl*)-GROUP(BLasAoeClaAvp+BLasAclClaAvp);Tussentelling langlopende schulden;rj-cp-i_SubtotalLiabilitiesNoncurrent;jenv-bw2-dm:CommercialMember;jenv-bw2-dm:ConsolidatedMember;;;;jenv-bw2-dm:DebenturesOtherPrivateLoansNoncurrentMember
=GROUP(BLasAoe*-BLasAoe???Beg+BLasAcl*-BLasAcl???Beg);Mutatie van langlopende schulden gedurende de periode;rj-i_LiabilitiesNoncurrentMovement;jenv-bw2-dm:CommercialMember;jenv-bw2-dm:ConsolidatedMember;;;;jenv-bw2-dm:DebenturesOtherPrivateLoansNoncurrentMember
=GROUP(BLasAoe*-BLasAoe???Beg+BLasAcl*-BLasAcl???Beg);Mutatie van langlopende schulden gedurende de periode;rj-i_LiabilitiesNoncurrentMovement;jenv-bw2-dm:CommercialMember;jenv-bw2-dm:SeparateMember;;;;jenv-bw2-dm:DebenturesOtherPrivateLoansNoncurrentMember
=GROUP(BLasAoeAolAvs+BLasAclAllAvs);Bij afstoting vervreemde langlopende schulden;rj-i_LiabilitiesNoncurrentDebtsDisposedOnDisposal;jenv-bw2-dm:CommercialMember;jenv-bw2-dm:ConsolidatedMember;;;;jenv-bw2-dm:DebenturesOtherPrivateLoansNoncurrentMember
=GROUP(BLasAoeAolAvs+BLasAclAllAvs);Bij afstoting vervreemde langlopende schulden;rj-i_LiabilitiesNoncurrentDebtsDisposedOnDisposal;jenv-bw2-dm:CommercialMember;jenv-bw2-dm:SeparateMember;;;;jenv-bw2-dm:DebenturesOtherPrivateLoansNoncurrentMember
=GROUP(BLasAoeAolBir+BLasAclAllBir);Oprenting/amortisatie van langlopende schulden;rj-i_LiabilitiesNoncurrentImpositionAmortization;jenv-bw2-dm:CommercialMember;jenv-bw2-dm:ConsolidatedMember;;;;jenv-bw2-dm:DebenturesOtherPrivateLoansNoncurrentMember
=GROUP(BLasAoeAolBir+BLasAclAllBir);Oprenting/amortisatie van langlopende schulden;rj-i_LiabilitiesNoncurrentImpositionAmortization;jenv-bw2-dm:CommercialMember;jenv-bw2-dm:SeparateMember;;;;jenv-bw2-dm:DebenturesOtherPrivateLoansNoncurrentMember
=GROUP(BLasAoeAolOmv+BLasAclAllOmv);Verschillen uit omrekening vreemde valuta van langlopende schulden;rj-i_LiabilitiesNoncurrentExchangeRateChanges;jenv-bw2-dm:CommercialMember;jenv-bw2-dm:ConsolidatedMember;;;;jenv-bw2-dm:DebenturesOtherPrivateLoansNoncurrentMember
=GROUP(BLasAoeAolOmv+BLasAclAllOmv);Verschillen uit omrekening vreemde valuta van langlopende schulden;rj-i_LiabilitiesNoncurrentExchangeRateChanges;jenv-bw2-dm:CommercialMember;jenv-bw2-dm:SeparateMember;;;;jenv-bw2-dm:DebenturesOtherPrivateLoansNoncurrentMember
=GROUP(BLasAoeAolOvs+BLasAclAllOvs);Bij overname verkregen langlopende schulden;rj-i_LiabilitiesNoncurrentDebtsAcquiredOnTakeover;jenv-bw2-dm:CommercialMember;jenv-bw2-dm:ConsolidatedMember;;;;jenv-bw2-dm:DebenturesOtherPrivateLoansNoncurrentMember
=GROUP(BLasAoeAolOvs+BLasAclAllOvs);Bij overname verkregen langlopende schulden;rj-i_LiabilitiesNoncurrentDebtsAcquiredOnTakeover;jenv-bw2-dm:CommercialMember;jenv-bw2-dm:SeparateMember;;;;jenv-bw2-dm:DebenturesOtherPrivateLoansNoncurrentMember
=GROUP(BLasAoeAolOwv+BLasAoeAolOvm+BLasAclAllOwv+BLasAclAllOvm);Overige waardeveranderingen van langlopende schulden;rj-i_LiabilitiesNoncurrentMovementOther;jenv-bw2-dm:CommercialMember;jenv-bw2-dm:ConsolidatedMember;;;;jenv-bw2-dm:DebenturesOtherPrivateLoansNoncurrentMember
=GROUP(BLasAoeAolOwv+BLasAoeAolOvm+BLasAclAllOwv+BLasAclAllOvm);Overige waardeveranderingen van langlopende schulden;rj-i_LiabilitiesNoncurrentMovementOther;jenv-bw2-dm:CommercialMember;jenv-bw2-dm:SeparateMember;;;;jenv-bw2-dm:DebenturesOtherPrivateLoansNoncurrentMember
=GROUP(BLasAoeAolToe+BLasAclAllToe);Nieuwe financiering van langlopende schulden;rj-i_LiabilitiesNoncurrentNewFinancing;jenv-bw2-dm:CommercialMember;jenv-bw2-dm:ConsolidatedMember;;;;jenv-bw2-dm:DebenturesOtherPrivateLoansNoncurrentMember
=GROUP(BLasAoeAolToe+BLasAclAllToe);Nieuwe financiering van langlopende schulden;rj-i_LiabilitiesNoncurrentNewFinancing;jenv-bw2-dm:CommercialMember;jenv-bw2-dm:SeparateMember;;;;jenv-bw2-dm:DebenturesOtherPrivateLoansNoncurrentMember
=GROUP(BLasAoeClaAfl+BLasAclClaAfl);Aflossingen van langlopende schulden;rj-i_LiabilitiesNoncurrentRepayments;jenv-bw2-dm:CommercialMember;jenv-bw2-dm:ConsolidatedMember;;;;jenv-bw2-dm:DebenturesOtherPrivateLoansNoncurrentMember
=GROUP(BLasAoeClaAfl+BLasAclClaAfl);Aflossingen van langlopende schulden;rj-i_LiabilitiesNoncurrentRepayments;jenv-bw2-dm:CommercialMember;jenv-bw2-dm:SeparateMember;;;;jenv-bw2-dm:DebenturesOtherPrivateLoansNoncurrentMember
=GROUP(BLasAoeClaAvp+BLasAclClaAvp);Overboeking naar kortlopende schulden;rj-cp-i_LiabilitiesNoncurrentTransferToLiabilitiesCurrent;jenv-bw2-dm:CommercialMember;jenv-bw2-dm:ConsolidatedMember;;;;jenv-bw2-dm:DebenturesOtherPrivateLoansNoncurrentMember
=GROUP(BLasAoeClaAvp+BLasAclClaAvp);Overboeking naar kortlopende schulden;rj-cp-i_LiabilitiesNoncurrentTransferToLiabilitiesCurrent;jenv-bw2-dm:CommercialMember;jenv-bw2-dm:SeparateMember;;;;jenv-bw2-dm:DebenturesOtherPrivateLoansNoncurrentMember
=GROUP(BLasCol*-BLasCol???Beg);Mutatie van langlopende schulden gedurende de periode;rj-i_LiabilitiesNoncurrentMovement;jenv-bw2-dm:CommercialMember;jenv-bw2-dm:ConsolidatedMember;;;;jenv-bw2-dm:ConvertibleBorrowingsNoncurrentMember
=GROUP(BLasCol*-BLasCol???Beg);Mutatie van langlopende schulden gedurende de periode;rj-i_LiabilitiesNoncurrentMovement;jenv-bw2-dm:CommercialMember;jenv-bw2-dm:SeparateMember;;;;jenv-bw2-dm:ConvertibleBorrowingsNoncurrentMember
=GROUP(BLasCol*-BLasColClaAvp);Tussentelling langlopende schulden;rj-cp-i_SubtotalLiabilitiesNoncurrent;jenv-bw2-dm:CommercialMember;jenv-bw2-dm:ConsolidatedMember;;;;jenv-bw2-dm:ConvertibleBorrowingsNoncurrentMember
=GROUP(BLasColCllOwv+BLasColCllOvm);Overige waardeveranderingen van langlopende schulden;rj-i_LiabilitiesNoncurrentMovementOther;jenv-bw2-dm:CommercialMember;jenv-bw2-dm:ConsolidatedMember;;;;jenv-bw2-dm:ConvertibleBorrowingsNoncurrentMember
=GROUP(BLasColCllOwv+BLasColCllOvm);Overige waardeveranderingen van langlopende schulden;rj-i_LiabilitiesNoncurrentMovementOther;jenv-bw2-dm:CommercialMember;jenv-bw2-dm:SeparateMember;;;;jenv-bw2-dm:ConvertibleBorrowingsNoncurrentMember
=GROUP(BLasFlv*+BLasVob*+BLasSal*+BLasTbw*+BLasBep*+BLasSuh*+BLasStz*+BLasPar*+BLasOls*+BLasSoh*+BLasVhz*);Langlopende schulden;jenv-bw2-i_LiabilitiesNoncurrent;jenv-bw2-dm:CommercialMember;jenv-bw2-dm:ConsolidatedMember;;;;jenv-bw2-dm:PayablesOtherNoncurrentMember
=GROUP(BLasFlv*+BLasVob*+BLasSal*+BLasTbw*+BLasBep*+BLasSuh*+BLasStz*+BLasPar*+BLasOls*+BLasSoh*+BLasVhz*);Langlopende schulden;jenv-bw2-i_LiabilitiesNoncurrent;jenv-bw2-dm:CommercialMember;jenv-bw2-dm:SeparateMember;;;;jenv-bw2-dm:PayablesOtherNoncurrentMember
=GROUP(BLasFlv*+BLasVob*+BLasSal*+BLasTbw*+BLasBep*+BLasSuh*+BLasStz*+BLasPar*+BLasOls*+BLasSoh*+BLasVhz*)-GROUP(BLasFlv???Avp+BLasVob???Avp+BLasSal???Avp+BLasTbw???Avp+BLasBep???Avp+BLasSuh???Avp+BLasStz???Avp+BLasPar???Avp+BLasOls???Avp+BLasSoh???Avp);Tussentelling langlopende schulden;rj-cp-i_SubtotalLiabilitiesNoncurrent;jenv-bw2-dm:CommercialMember;jenv-bw2-dm:ConsolidatedMember;;;;jenv-bw2-dm:PayablesOtherNoncurrentMember
=GROUP(BLasFlv*+BLasVob*+BLasSal*+BLasTbw*+BLasBep*+BLasSuh*+BLasStz*+BLasPar*+BLasOls*+BLasSoh*+BLasVhz*)-GROUP(BLasFlv???Avp+BLasVob???Avp+BLasSal???Avp+BLasTbw???Avp+BLasBep???Avp+BLasSuh???Avp+BLasStz???Avp+BLasPar???Avp+BLasOls???Avp+BLasSoh???Avp);Tussentelling langlopende schulden;rj-cp-i_SubtotalLiabilitiesNoncurrent;jenv-bw2-dm:CommercialMember;jenv-bw2-dm:ConsolidatedMember;;;;jenv-bw2-dm:PayablesOtherNoncurrentMember
=GROUP(BLasFlv???Avp+BLasVob???Avp+BLasSal???Avp+BLasTbw???Avp+BLasBep???Avp+BLasSuh???Avp+BLasStz???Avp+BLasPar???Avp+BLasOls???Avp+BLasSoh???Avp);Overboeking naar kortlopende schulden;rj-cp-i_LiabilitiesNoncurrentTransferToLiabilitiesCurrent;jenv-bw2-dm:CommercialMember;jenv-bw2-dm:ConsolidatedMember;;;;jenv-bw2-dm:PayablesOtherNoncurrentMember
=GROUP(BLasFlv???Avp+BLasVob???Avp+BLasSal???Avp+BLasTbw???Avp+BLasBep???Avp+BLasSuh???Avp+BLasStz???Avp+BLasPar???Avp+BLasOls???Avp+BLasSoh???Avp);Overboeking naar kortlopende schulden;rj-cp-i_LiabilitiesNoncurrentTransferToLiabilitiesCurrent;jenv-bw2-dm:CommercialMember;jenv-bw2-dm:SeparateMember;;;;jenv-bw2-dm:PayablesOtherNoncurrentMember
=GROUP(BLasFlv???Avs+BLasPar???Avs+BLasSoh???Avs);Bij afstoting vervreemde langlopende schulden;rj-i_LiabilitiesNoncurrentDebtsDisposedOnDisposal;jenv-bw2-dm:CommercialMember;jenv-bw2-dm:ConsolidatedMember;;;;jenv-bw2-dm:PayablesOtherNoncurrentMember
=GROUP(BLasFlv???Avs+BLasPar???Avs+BLasSoh???Avs);Bij afstoting vervreemde langlopende schulden;rj-i_LiabilitiesNoncurrentDebtsDisposedOnDisposal;jenv-bw2-dm:CommercialMember;jenv-bw2-dm:SeparateMember;;;;jenv-bw2-dm:PayablesOtherNoncurrentMember
=GROUP(BLasFlv???Bir+BLasVob???Bir+BLasSal???Bir+BLasTbw???Bir+BLasBep???Bir+BLasSuh???Bir+BLasStz???Bir+BLasPar???Bir+BLasSoh???Bir);Oprenting/amortisatie van langlopende schulden;rj-i_LiabilitiesNoncurrentImpositionAmortization;jenv-bw2-dm:CommercialMember;jenv-bw2-dm:ConsolidatedMember;;;;jenv-bw2-dm:PayablesOtherNoncurrentMember
=GROUP(BLasFlv???Bir+BLasVob???Bir+BLasSal???Bir+BLasTbw???Bir+BLasBep???Bir+BLasSuh???Bir+BLasStz???Bir+BLasPar???Bir+BLasSoh???Bir);Oprenting/amortisatie van langlopende schulden;rj-i_LiabilitiesNoncurrentImpositionAmortization;jenv-bw2-dm:CommercialMember;jenv-bw2-dm:SeparateMember;;;;jenv-bw2-dm:PayablesOtherNoncurrentMember
=GROUP(BLasFlv???Omv+BLasPar???Omv+BLasSoh???Omv);Verschillen uit omrekening vreemde valuta van langlopende schulden;rj-i_LiabilitiesNoncurrentExchangeRateChanges;jenv-bw2-dm:CommercialMember;jenv-bw2-dm:ConsolidatedMember;;;;jenv-bw2-dm:PayablesOtherNoncurrentMember
=GROUP(BLasFlv???Omv+BLasPar???Omv+BLasSoh???Omv);Verschillen uit omrekening vreemde valuta van langlopende schulden;rj-i_LiabilitiesNoncurrentExchangeRateChanges;jenv-bw2-dm:CommercialMember;jenv-bw2-dm:SeparateMember;;;;jenv-bw2-dm:PayablesOtherNoncurrentMember
=GROUP(BLasFlv???Ovs+BLasPar???Ovs+BLasSoh???Ovs);Bij overname verkregen langlopende schulden;rj-i_LiabilitiesNoncurrentDebtsAcquiredOnTakeover;jenv-bw2-dm:CommercialMember;jenv-bw2-dm:ConsolidatedMember;;;;jenv-bw2-dm:PayablesOtherNoncurrentMember
=GROUP(BLasFlv???Ovs+BLasPar???Ovs+BLasSoh???Ovs);Bij overname verkregen langlopende schulden;rj-i_LiabilitiesNoncurrentDebtsAcquiredOnTakeover;jenv-bw2-dm:CommercialMember;jenv-bw2-dm:SeparateMember;;;;jenv-bw2-dm:PayablesOtherNoncurrentMember
=GROUP(BLasNeg*-BLasNeg???Beg);Mutatie van langlopende schulden gedurende de periode;rj-i_LiabilitiesNoncurrentMovement;jenv-bw2-dm:CommercialMember;jenv-bw2-dm:ConsolidatedMember;;;;rj-dm:NegativeGoodwillMember
=GROUP(BLasNeg*-BLasNeg???Beg);Mutatie van negatieve goodwill gedurende de periode;rj-i_NegativeGoodwillMovement;jenv-bw2-dm:CommercialMember;jenv-bw2-dm:ConsolidatedMember;;;;;rj-dm:NegativeGoodwillMember
=GROUP(BLasNeg*-BLasNeg???Beg);Mutatie van langlopende schulden gedurende de periode;rj-i_LiabilitiesNoncurrentMovement;jenv-bw2-dm:CommercialMember;jenv-bw2-dm:SeparateMember;;;;rj-dm:NegativeGoodwillMember
=GROUP(BLasNeg*-BLasNeg???Beg);Mutatie van negatieve goodwill gedurende de periode;rj-i_NegativeGoodwillMovement;jenv-bw2-dm:CommercialMember;jenv-bw2-dm:SeparateMember;;;;;rj-dm:NegativeGoodwillMember
=GROUP(BLasNegBrwAag+BLasNegBrwOvm);Overige waardeveranderingen van langlopende schulden;rj-i_LiabilitiesNoncurrentMovementOther;jenv-bw2-dm:CommercialMember;jenv-bw2-dm:ConsolidatedMember;;;;rj-dm:NegativeGoodwillMember
=GROUP(BLasNegBrwAag+BLasNegBrwOvm);Overige waardeveranderingen van langlopende schulden;rj-i_LiabilitiesNoncurrentMovementOther;jenv-bw2-dm:CommercialMember;jenv-bw2-dm:SeparateMember;;;;rj-dm:NegativeGoodwillMember
=GROUP(BLasNegCbdTgv+BLasNegCbdVtg);Aflossingen van langlopende schulden;rj-i_LiabilitiesNoncurrentRepayments;jenv-bw2-dm:CommercialMember;jenv-bw2-dm:ConsolidatedMember;;;;rj-dm:NegativeGoodwillMember
=GROUP(BLasNegCbdTgv+BLasNegCbdVtg);Aflossingen van langlopende schulden;rj-i_LiabilitiesNoncurrentRepayments;jenv-bw2-dm:CommercialMember;jenv-bw2-dm:SeparateMember;;;;rj-dm:NegativeGoodwillMember
=GROUP(BLasOdv*-BLasOdv???Beg);Mutatie van langlopende schulden gedurende de periode;rj-i_LiabilitiesNoncurrentMovement;jenv-bw2-dm:CommercialMember;jenv-bw2-dm:ConsolidatedMember;;;;rj-dm:OldAgeObligationMember
=GROUP(BLasOdv*-BLasOdv???Beg);Mutatie van langlopende schulden gedurende de periode;rj-i_LiabilitiesNoncurrentMovement;jenv-bw2-dm:CommercialMember;jenv-bw2-dm:SeparateMember;;;;rj-dm:OldAgeObligationMember
=GROUP(BLasOdv*-BLasOdvOdvAvp);Tussentelling langlopende schulden;rj-cp-i_SubtotalLiabilitiesNoncurrent;jenv-bw2-dm:CommercialMember;jenv-bw2-dm:ConsolidatedMember;;;;rj-dm:OldAgeObligationMember
=GROUP(BLasOdv*-BLasOdvOdvAvp);Tussentelling langlopende schulden;rj-cp-i_SubtotalLiabilitiesNoncurrent;jenv-bw2-dm:CommercialMember;jenv-bw2-dm:SeparateMember;;;;rj-dm:OldAgeObligationMember
=GROUP(BLasOls*+BLasFlv*+BLasVob*+BLasSal*+BLasTbw*+BLasBep*+BLasSuh*+BLasStz*+BLasPar*+BLasSoh*+BLasVhz*);Langlopende overige schulden;jenv-bw2-i_PayablesOtherNoncurrent;jenv-bw2-dm:CommercialMember;jenv-bw2-dm:ConsolidatedMember
=GROUP(BLasOls*+BLasFlv*+BLasVob*+BLasSal*+BLasTbw*+BLasBep*+BLasSuh*+BLasStz*+BLasPar*+BLasSoh*+BLasVhz*);Langlopende overige schulden;jenv-bw2-i_PayablesOtherNoncurrent;jenv-bw2-dm:CommercialMember;jenv-bw2-dm:SeparateMember
=GROUP(BLasOls*-BLasOls???Beg+BLasFlv*-BLasFlv???Beg+BLasVob*-BLasVob???Beg+BLasSal*-BLasSal???Beg+BLasTbw*-BLasTbw???Beg+BLasBep*-BLasBep???Beg+BLasSuh*-BLasSuh???Beg+BLasStz*-BLasStz???Beg+BLasPar*-BLasPar???Beg+BLasSoh*-BLasSoh???Beg+BLasVhz*-BLasVhz???Beg);Mutatie van langlopende schulden gedurende de periode;rj-i_LiabilitiesNoncurrentMovement;jenv-bw2-dm:CommercialMember;jenv-bw2-dm:ConsolidatedMember;;;;jenv-bw2-dm:PayablesOtherNoncurrentMember
=GROUP(BLasOls*-BLasOls???Beg+BLasFlv*-BLasFlv???Beg+BLasVob*-BLasVob???Beg+BLasSal*-BLasSal???Beg+BLasTbw*-BLasTbw???Beg+BLasBep*-BLasBep???Beg+BLasSuh*-BLasSuh???Beg+BLasStz*-BLasStz???Beg+BLasPar*-BLasPar???Beg+BLasSoh*-BLasSoh???Beg+BLasVhz*-BLasVhz???Beg);Mutatie van langlopende schulden gedurende de periode;rj-i_LiabilitiesNoncurrentMovement;jenv-bw2-dm:CommercialMember;jenv-bw2-dm:SeparateMember;;;;jenv-bw2-dm:PayablesOtherNoncurrentMember
=GROUP(BLasOls???Afl+BLasFlv???Afl+BLasVob???Afl+BLasSal???Afl+BLasTbw???Afl+BLasBep???Afl+BLasSuh???Afl+BLasStz???Afl+BLasPar???Afl+BLasSoh???Afl+BLasVhzVhzVer);Aflossingen van langlopende schulden;rj-i_LiabilitiesNoncurrentRepayments;jenv-bw2-dm:CommercialMember;jenv-bw2-dm:ConsolidatedMember;;;;jenv-bw2-dm:PayablesOtherNoncurrentMember
=GROUP(BLasOls???Afl+BLasFlv???Afl+BLasVob???Afl+BLasSal???Afl+BLasTbw???Afl+BLasBep???Afl+BLasSuh???Afl+BLasStz???Afl+BLasPar???Afl+BLasSoh???Afl+BLasVhzVhzVer);Aflossingen van langlopende schulden;rj-i_LiabilitiesNoncurrentRepayments;jenv-bw2-dm:CommercialMember;jenv-bw2-dm:SeparateMember;;;;jenv-bw2-dm:PayablesOtherNoncurrentMember
=GROUP(BLasOls???Bet+BLasVob???Bet+BLasTbw???Bet+BLasPar???Bet+BLasSoh???Bet);Betalingen;rj-cp-i_LiabilitiesNoncurrentPayments;jenv-bw2-dm:CommercialMember;jenv-bw2-dm:ConsolidatedMember;;;;jenv-bw2-dm:PayablesOtherNoncurrentMember
=GROUP(BLasOls???Bet+BLasVob???Bet+BLasTbw???Bet+BLasPar???Bet+BLasSoh???Bet);Betalingen;rj-cp-i_LiabilitiesNoncurrentPayments;jenv-bw2-dm:CommercialMember;jenv-bw2-dm:SeparateMember;;;;jenv-bw2-dm:PayablesOtherNoncurrentMember
=GROUP(BLasOls???Ovm++BLasFlv???Ovm+BLasFlv???Owv+BLasVob???Owv+BLasSal???Owv+BLasTbw???Owv+BLasBep???Owv+BLasSuh???Owv+BLasStz???Owv+BLasPar???Ovm+BLasPar???Owv+BLasSoh???Owv+BLasSoh???Ovm+BLasVhzVhzWaa+BLasVhzVhzAfw+BLasVhzVhzOve);Overige waardeveranderingen van langlopende schulden;rj-i_LiabilitiesNoncurrentMovementOther;jenv-bw2-dm:CommercialMember;jenv-bw2-dm:ConsolidatedMember;;;;jenv-bw2-dm:PayablesOtherNoncurrentMember
=GROUP(BLasOls???Ovm++BLasFlv???Ovm+BLasFlv???Owv+BLasVob???Owv+BLasSal???Owv+BLasTbw???Owv+BLasBep???Owv+BLasSuh???Owv+BLasStz???Owv+BLasPar???Ovm+BLasPar???Owv+BLasSoh???Owv+BLasSoh???Ovm+BLasVhzVhzWaa+BLasVhzVhzAfw+BLasVhzVhzOve);Overige waardeveranderingen van langlopende schulden;rj-i_LiabilitiesNoncurrentMovementOther;jenv-bw2-dm:CommercialMember;jenv-bw2-dm:SeparateMember;;;;jenv-bw2-dm:PayablesOtherNoncurrentMember
=GROUP(BLasOls???Sto+BLasVobVobSto+BLasTbwTbwSto+BLasParParSto+BLasSoh???Sto);Stortingen / ontvangsten;rj-cp-i_LiabilitiesNoncurrentReceiptsDeposits;jenv-bw2-dm:CommercialMember;jenv-bw2-dm:ConsolidatedMember;;;;jenv-bw2-dm:PayablesOtherNoncurrentMember
=GROUP(BLasOls???Sto+BLasVobVobSto+BLasTbwTbwSto+BLasParParSto+BLasSoh???Sto);Stortingen / ontvangsten;rj-cp-i_LiabilitiesNoncurrentReceiptsDeposits;jenv-bw2-dm:CommercialMember;jenv-bw2-dm:SeparateMember;;;;jenv-bw2-dm:PayablesOtherNoncurrentMember
=GROUP(BLasOls???Toe+BLasFlv???Toe+BLasVob???Toe+BLasSal???Toe+BLasTbw???Toe+BLasBep???Toe+BLasStz???Toe+BLasSuh???Toe+BLasPar???Toe+BLasSoh???Toe+BLasVhzVhzAan);Nieuwe financiering van langlopende schulden;rj-i_LiabilitiesNoncurrentNewFinancing;jenv-bw2-dm:CommercialMember;jenv-bw2-dm:ConsolidatedMember;;;;jenv-bw2-dm:PayablesOtherNoncurrentMember
=GROUP(BLasOls???Toe+BLasFlv???Toe+BLasVob???Toe+BLasSal???Toe+BLasTbw???Toe+BLasBep???Toe+BLasStz???Toe+BLasSuh???Toe+BLasPar???Toe+BLasSoh???Toe+BLasVhzVhzAan);Nieuwe financiering van langlopende schulden;rj-i_LiabilitiesNoncurrentNewFinancing;jenv-bw2-dm:CommercialMember;jenv-bw2-dm:SeparateMember;;;;jenv-bw2-dm:PayablesOtherNoncurrentMember
=GROUP(BLasOvp*-BLasOvp???Beg);Mutatie van langlopende schulden gedurende de periode;rj-i_LiabilitiesNoncurrentMovement;jenv-bw2-dm:CommercialMember;jenv-bw2-dm:ConsolidatedMember;;;;jenv-bw2-dm:AccrualsAndDeferredIncomeMember
=GROUP(BLasOvp*-BLasOvp???Beg);Mutatie van langlopende schulden gedurende de periode;rj-i_LiabilitiesNoncurrentMovement;jenv-bw2-dm:CommercialMember;jenv-bw2-dm:SeparateMember;;;;jenv-bw2-dm:AccrualsAndDeferredIncomeMember
=GROUP(BLasOvp*-BLasOvpOvaAvp);Tussentelling langlopende schulden;rj-cp-i_SubtotalLiabilitiesNoncurrent;jenv-bw2-dm:CommercialMember;jenv-bw2-dm:ConsolidatedMember;;;;jenv-bw2-dm:AccrualsAndDeferredIncomeMember
=GROUP(BLasOvp*-BLasOvpOvaAvp);Tussentelling langlopende schulden;rj-cp-i_SubtotalLiabilitiesNoncurrent;jenv-bw2-dm:CommercialMember;jenv-bw2-dm:SeparateMember;;;;jenv-bw2-dm:AccrualsAndDeferredIncomeMember
=GROUP(BLasSag*+BLasSap*);Langlopende schulden aan deelnemingen waarin de rechtspersoon invloed van betekenis kan uitoefenen;rj-i_LiabilitiesNoncurrentToParticipatingInterestsExerciseSignificantInfluence;jenv-bw2-dm:CommercialMember;jenv-bw2-dm:ConsolidatedMember
=GROUP(BLasSag*+BLasSap*);Langlopende schulden aan deelnemingen waarin de rechtspersoon invloed van betekenis kan uitoefenen;rj-i_LiabilitiesNoncurrentToParticipatingInterestsExerciseSignificantInfluence;jenv-bw2-dm:CommercialMember;jenv-bw2-dm:SeparateMember
=GROUP(BLasSag*-BLasSag???Beg);Mutatie van langlopende schulden gedurende de periode;rj-i_LiabilitiesNoncurrentMovement;jenv-bw2-dm:CommercialMember;jenv-bw2-dm:ConsolidatedMember;;;;jenv-bw2-dm:PayablesGroupCompaniesNoncurrentMember
=GROUP(BLasSag*-BLasSag???Beg);Mutatie van langlopende schulden gedurende de periode;rj-i_LiabilitiesNoncurrentMovement;jenv-bw2-dm:CommercialMember;jenv-bw2-dm:SeparateMember;;;;jenv-bw2-dm:PayablesGroupCompaniesNoncurrentMember
=GROUP(BLasSag*-BLasSagAflAvp);Tussentelling langlopende schulden;rj-cp-i_SubtotalLiabilitiesNoncurrent;jenv-bw2-dm:CommercialMember;jenv-bw2-dm:ConsolidatedMember;;;;jenv-bw2-dm:PayablesGroupCompaniesNoncurrentMember
=GROUP(BLasSag*-BLasSagAflAvp);Tussentelling langlopende schulden;rj-cp-i_SubtotalLiabilitiesNoncurrent;jenv-bw2-dm:CommercialMember;jenv-bw2-dm:SeparateMember;;;;jenv-bw2-dm:PayablesGroupCompaniesNoncurrentMember
=GROUP(BLasSagAflAfl+BLasSagAflTer);Aflossingen van langlopende schulden;rj-i_LiabilitiesNoncurrentRepayments;jenv-bw2-dm:CommercialMember;jenv-bw2-dm:ConsolidatedMember;;;;jenv-bw2-dm:PayablesGroupCompaniesNoncurrentMember
=GROUP(BLasSagAflAfl+BLasSagAflTer);Aflossingen van langlopende schulden;rj-i_LiabilitiesNoncurrentRepayments;jenv-bw2-dm:CommercialMember;jenv-bw2-dm:SeparateMember;;;;jenv-bw2-dm:PayablesGroupCompaniesNoncurrentMember
=GROUP(BLasSak*-BLasSak???Avp);Tussentelling langlopende schulden;rj-cp-i_SubtotalLiabilitiesNoncurrent;jenv-bw2-dm:CommercialMember;jenv-bw2-dm:ConsolidatedMember;;;;jenv-bw2-dm:PayablesCreditInstitutionsNoncurrentMember
=GROUP(BLasSak*-BLasSak???Avp);Tussentelling langlopende schulden;rj-cp-i_SubtotalLiabilitiesNoncurrent;jenv-bw2-dm:CommercialMember;jenv-bw2-dm:SeparateMember;;;;jenv-bw2-dm:PayablesCreditInstitutionsNoncurrentMember
=GROUP(BLasSak*-BLasSak???Beg);Mutatie van langlopende schulden gedurende de periode;rj-i_LiabilitiesNoncurrentMovement;jenv-bw2-dm:CommercialMember;jenv-bw2-dm:ConsolidatedMember;;;;jenv-bw2-dm:PayablesCreditInstitutionsNoncurrentMember
=GROUP(BLasSak*-BLasSak???Beg);Mutatie van langlopende schulden gedurende de periode;rj-i_LiabilitiesNoncurrentMovement;jenv-bw2-dm:CommercialMember;jenv-bw2-dm:SeparateMember;;;;jenv-bw2-dm:PayablesCreditInstitutionsNoncurrentMember
=GROUP(BLasSak???Afl+BLasSak???Mvl);Aflossingen van langlopende schulden;rj-i_LiabilitiesNoncurrentRepayments;jenv-bw2-dm:CommercialMember;jenv-bw2-dm:ConsolidatedMember;;;;jenv-bw2-dm:PayablesCreditInstitutionsNoncurrentMember
=GROUP(BLasSak???Afl+BLasSak???Mvl);Aflossingen van langlopende schulden;rj-i_LiabilitiesNoncurrentRepayments;jenv-bw2-dm:CommercialMember;jenv-bw2-dm:SeparateMember;;;;jenv-bw2-dm:PayablesCreditInstitutionsNoncurrentMember
=GROUP(BLasSak???Owv+BLasSak???Ovm);Overige waardeveranderingen van langlopende schulden;rj-i_LiabilitiesNoncurrentMovementOther;jenv-bw2-dm:CommercialMember;jenv-bw2-dm:ConsolidatedMember;;;;jenv-bw2-dm:PayablesCreditInstitutionsNoncurrentMember
=GROUP(BLasSak???Owv+BLasSak???Ovm);Overige waardeveranderingen van langlopende schulden;rj-i_LiabilitiesNoncurrentMovementOther;jenv-bw2-dm:CommercialMember;jenv-bw2-dm:SeparateMember;;;;jenv-bw2-dm:PayablesCreditInstitutionsNoncurrentMember
=GROUP(BLasSao*-BLasSao???Beg);Mutatie van langlopende schulden gedurende de periode;rj-i_LiabilitiesNoncurrentMovement;jenv-bw2-dm:CommercialMember;jenv-bw2-dm:ConsolidatedMember;;;;jenv-bw2-dm:PayablesOtherAffiliatedCompaniesNoncurrentMember
=GROUP(BLasSao*-BLasSao???Beg);Mutatie van langlopende schulden gedurende de periode;rj-i_LiabilitiesNoncurrentMovement;jenv-bw2-dm:CommercialMember;jenv-bw2-dm:SeparateMember;;;;jenv-bw2-dm:PayablesOtherAffiliatedCompaniesNoncurrentMember
=GROUP(BLasSao*-BLasSaoAflAvp);Tussentelling langlopende schulden;rj-cp-i_SubtotalLiabilitiesNoncurrent;jenv-bw2-dm:CommercialMember;jenv-bw2-dm:ConsolidatedMember;;;;jenv-bw2-dm:PayablesOtherAffiliatedCompaniesNoncurrentMember
=GROUP(BLasSaoAflAfl+BLasSaoAflTer);Aflossingen van langlopende schulden;rj-i_LiabilitiesNoncurrentRepayments;jenv-bw2-dm:CommercialMember;jenv-bw2-dm:ConsolidatedMember;;;;jenv-bw2-dm:PayablesOtherAffiliatedCompaniesNoncurrentMember
=GROUP(BLasSaoAflAfl+BLasSaoAflTer);Aflossingen van langlopende schulden;rj-i_LiabilitiesNoncurrentRepayments;jenv-bw2-dm:CommercialMember;jenv-bw2-dm:SeparateMember;;;;jenv-bw2-dm:PayablesOtherAffiliatedCompaniesNoncurrentMember
=GROUP(BLasSap*-BLasSap???Beg);Mutatie van langlopende schulden gedurende de periode;rj-i_LiabilitiesNoncurrentMovement;jenv-bw2-dm:CommercialMember;jenv-bw2-dm:ConsolidatedMember;;;;jenv-bw2-dm:PayablesShareholdersParticipatingInterestsNoncurrentMember
=GROUP(BLasSap*-BLasSap???Beg);Mutatie van langlopende schulden gedurende de periode;rj-i_LiabilitiesNoncurrentMovement;jenv-bw2-dm:CommercialMember;jenv-bw2-dm:SeparateMember;;;;jenv-bw2-dm:PayablesShareholdersParticipatingInterestsNoncurrentMember
=GROUP(BLasSap*-BLasSapAflAvp);Tussentelling langlopende schulden;rj-cp-i_SubtotalLiabilitiesNoncurrent;jenv-bw2-dm:CommercialMember;jenv-bw2-dm:ConsolidatedMember;;;;jenv-bw2-dm:PayablesShareholdersParticipatingInterestsNoncurrentMember
=GROUP(BLasSap*-BLasSapAflAvp);Tussentelling langlopende schulden;rj-cp-i_SubtotalLiabilitiesNoncurrent;jenv-bw2-dm:CommercialMember;jenv-bw2-dm:SeparateMember;;;;jenv-bw2-dm:PayablesShareholdersParticipatingInterestsNoncurrentMember
=GROUP(BLasSapAflAfl+BLasSapAflTer);Aflossingen van langlopende schulden;rj-i_LiabilitiesNoncurrentRepayments;jenv-bw2-dm:CommercialMember;jenv-bw2-dm:ConsolidatedMember;;;;jenv-bw2-dm:PayablesShareholdersParticipatingInterestsNoncurrentMember
=GROUP(BLasSapAflAfl+BLasSapAflTer);Aflossingen van langlopende schulden;rj-i_LiabilitiesNoncurrentRepayments;jenv-bw2-dm:CommercialMember;jenv-bw2-dm:SeparateMember;;;;jenv-bw2-dm:PayablesShareholdersParticipatingInterestsNoncurrentMember
=GROUP(BMvaObe*+BMvaBei*+BMvaTev*+BMvaHuu*+BMvaVli*+BMvaSch*+BMvaMep*+BMvaGeb*+BMvaOrz*);Andere vaste bedrijfsmiddelen;jenv-bw2-i_TangibleAssetsOther;jenv-bw2-dm:CommercialMember;jenv-bw2-dm:ConsolidatedMember
=GROUP(BMvaObe*+BMvaBei*+BMvaTev*+BMvaHuu*+BMvaVli*+BMvaSch*+BMvaMep*+BMvaGeb*+BMvaOrz*);Andere vaste bedrijfsmiddelen;jenv-bw2-i_TangibleAssetsOther;jenv-bw2-dm:CommercialMember;jenv-bw2-dm:SeparateMember
=GROUP(BMvaObeCuh*+BMvaBeiCuh*+BMvaTevCuh*+BMvaHuuCuh*+BMvaVliCuh*+BMvaSchCuh*+BMvaMepCuh*+BMvaGebCuh*);Som der herwaarderingen die betrekking hebben op de materiële vaste activa;jenv-bw2-i_PropertyPlantEquipmentAccumulatedRevaluations;jenv-bw2-dm:CommercialMember;jenv-bw2-dm:SeparateMember;;;jenv-bw2-dm:TangibleAssetsOtherMember
=GROUP(BMvaObeCuh*+BMvaBeiCuh*+BMvaTevCuh*+BMvaHuuCuh*+BMvaVliCuh*+BMvaSchCuh*+BMvaMepCuh*+BMvaGebCuh*+BMvaOrzCuh*);Som der herwaarderingen die betrekking hebben op de materiële vaste activa;jenv-bw2-i_PropertyPlantEquipmentAccumulatedRevaluations;jenv-bw2-dm:CommercialMember;jenv-bw2-dm:ConsolidatedMember;;;jenv-bw2-dm:TangibleAssetsOtherMember
=GROUP(BMvaTer*+BMvaBeg*+BMvaVer*);Bedrijfsgebouwen en -terreinen;jenv-bw2-i_LandAndBuildings;jenv-bw2-dm:CommercialMember;jenv-bw2-dm:ConsolidatedMember
=GROUP(BMvaTer*+BMvaBeg*+BMvaVer*);Bedrijfsgebouwen en -terreinen;jenv-bw2-i_LandAndBuildings;jenv-bw2-dm:CommercialMember;jenv-bw2-dm:SeparateMember
=GROUP(BMvaTerCuh*+BMvaBegCuh*+BMvaVerCuh*);Som der herwaarderingen die betrekking hebben op de materiële vaste activa;jenv-bw2-i_PropertyPlantEquipmentAccumulatedRevaluations;jenv-bw2-dm:CommercialMember;jenv-bw2-dm:ConsolidatedMember;;;jenv-bw2-dm:LandAndBuildingsMember
=GROUP(BMvaTerCuh*+BMvaBegCuh*+BMvaVerCuh*);Som der herwaarderingen die betrekking hebben op de materiële vaste activa;jenv-bw2-i_PropertyPlantEquipmentAccumulatedRevaluations;jenv-bw2-dm:CommercialMember;jenv-bw2-dm:SeparateMember;;;jenv-bw2-dm:LandAndBuildingsMember
=GROUP(BMvaVbi*+BMvaVmv*);Materiële vaste bedrijfsactiva in uitvoering en vooruitbetalingen op materiële vaste activa;jenv-bw2-i_ConstructionInProgressPrepaymentsPropertyPlantEquipment;jenv-bw2-dm:CommercialMember;jenv-bw2-dm:ConsolidatedMember
=GROUP(BMvaVbi*+BMvaVmv*);Materiële vaste bedrijfsactiva in uitvoering en vooruitbetalingen op materiële vaste activa;jenv-bw2-i_ConstructionInProgressPrepaymentsPropertyPlantEquipment;jenv-bw2-dm:CommercialMember;jenv-bw2-dm:SeparateMember
=GROUP(BMvaVbiCuh*+BMvaVmvCuh*);Som der herwaarderingen die betrekking hebben op de materiële vaste activa;jenv-bw2-i_PropertyPlantEquipmentAccumulatedRevaluations;jenv-bw2-dm:CommercialMember;jenv-bw2-dm:ConsolidatedMember;;;jenv-bw2-dm:ConstructionInProgressPrepaymentsPropertyPlantEquipmentMember
=GROUP(BMvaVbiCuh*+BMvaVmvCuh*);Som der herwaarderingen die betrekking hebben op de materiële vaste activa;jenv-bw2-i_PropertyPlantEquipmentAccumulatedRevaluations;jenv-bw2-dm:CommercialMember;jenv-bw2-dm:SeparateMember;;;jenv-bw2-dm:ConstructionInProgressPrepaymentsPropertyPlantEquipmentMember
=GROUP(BProOnpGkn*+BProOnpKvp*+BProOnpOpo*+BProOnpVzv*+BProOnpWin*);Cumulatieve projectopbrengsten van onderhanden projecten;rj-i_ConstructionContractsAccumulatedProjectRevenues;jenv-bw2-dm:CommercialMember;jenv-bw2-dm:ConsolidatedMember
=GROUP(BProOnpGkn*+BProOnpKvp*+BProOnpOpo*+BProOnpVzv*+BProOnpWin*);Cumulatieve projectopbrengsten van onderhanden projecten;rj-i_ConstructionContractsAccumulatedProjectRevenues;jenv-bw2-dm:CommercialMember;jenv-bw2-dm:SeparateMember
=GROUP(BProOnpOpv*+BProOnpGet*+BProOnpOpi*);In rekening gebrachte termijnen;rj-i_ConstructionContractsProgressBillings;jenv-bw2-dm:CommercialMember;jenv-bw2-dm:ConsolidatedMember
=GROUP(BProOnpOpv*+BProOnpGet*+BProOnpOpi*);In rekening gebrachte termijnen;rj-i_ConstructionContractsProgressBillings;jenv-bw2-dm:CommercialMember;jenv-bw2-dm:SeparateMember
=GROUP(BSchKolAlk*+BSchKolClk*);Kortlopende converteerbare leningen;jenv-bw2-i_ConvertibleBorrowingsCurrent;jenv-bw2-dm:CommercialMember;jenv-bw2-dm:ConsolidatedMember
=GROUP(BSchKolAlk*+BSchKolClk*);Kortlopende converteerbare leningen;jenv-bw2-i_ConvertibleBorrowingsCurrent;jenv-bw2-dm:CommercialMember;jenv-bw2-dm:SeparateMember
=GROUP(BSchOpa*+BSchTus*);Kortlopende overlopende passiva;jenv-bw2-i_AccrualsAndDeferredIncomeCurrent;jenv-bw2-dm:CommercialMember;jenv-bw2-dm:ConsolidatedMember
=GROUP(BSchOpa*+BSchTus*);Kortlopende overlopende passiva;jenv-bw2-i_AccrualsAndDeferredIncomeCurrent;jenv-bw2-dm:CommercialMember;jenv-bw2-dm:SeparateMember
=GROUP(BSchOppOppGkn*+BSchOppOppKvp*+BSchOppOppOpo*+BSchOppOppVzv*+BSchOppOppWin*);Cumulatieve projectopbrengsten van onderhanden projecten;rj-i_ConstructionContractsAccumulatedProjectRevenuesRecordedAsLiability;jenv-bw2-dm:CommercialMember;jenv-bw2-dm:ConsolidatedMember
=GROUP(BSchOppOppGkn*+BSchOppOppKvp*+BSchOppOppOpo*+BSchOppOppVzv*+BSchOppOppWin*);Cumulatieve projectopbrengsten van onderhanden projecten;rj-i_ConstructionContractsAccumulatedProjectRevenuesRecordedAsLiability;jenv-bw2-dm:CommercialMember;jenv-bw2-dm:SeparateMember
=GROUP(BSchOppOppOpv*+BSchOppOppGet*+BSchOppOppOpi*);In rekening gebrachte termijnen;rj-i_ConstructionContractsProgressBillingsRecordedAsLiability;jenv-bw2-dm:CommercialMember;jenv-bw2-dm:ConsolidatedMember
=GROUP(BSchOppOppOpv*+BSchOppOppGet*+BSchOppOppOpi*);In rekening gebrachte termijnen;rj-i_ConstructionContractsProgressBillingsRecordedAsLiability;jenv-bw2-dm:CommercialMember;jenv-bw2-dm:SeparateMember
=GROUP(BSchOvs*+BSchSoh*+BSchOdv*+BSchVob*+BSchCre*+BSchTbw*+BSchBep*+BSchStz*+BSchSdn*+BSchSlc*+BSchKolAov*+BSchKolDer*);Kortlopende overige schulden;jenv-bw2-i_PayablesOtherCurrent;jenv-bw2-dm:CommercialMember;jenv-bw2-dm:ConsolidatedMember
=GROUP(BSchOvs*+BSchSoh*+BSchOdv*+BSchVob*+BSchCre*+BSchTbw*+BSchBep*+BSchStz*+BSchSdn*+BSchSlc*+BSchKolAov*+BSchKolDer*);Kortlopende overige schulden;jenv-bw2-i_PayablesOtherCurrent;jenv-bw2-dm:CommercialMember;jenv-bw2-dm:SeparateMember
=GROUP(BSchSal*-BSchSalTbv-BSchSalTvg-BSchSalVab);Schulden uit hoofde van personeelsbeloningen;rj-i_PayablesEmployeeBenefitsExpenses;jenv-bw2-dm:CommercialMember;jenv-bw2-dm:ConsolidatedMember
=GROUP(BSchSal*-BSchSalTbv-BSchSalTvg-BSchSalVab);Schulden uit hoofde van personeelsbeloningen;rj-i_PayablesEmployeeBenefitsExpenses;jenv-bw2-dm:CommercialMember;jenv-bw2-dm:SeparateMember
=GROUP(BSchSalTvg+BSchSalVab);Schulden uit hoofde van vakantiegeld;rj-i_PayablesHolidayPay;jenv-bw2-dm:CommercialMember;jenv-bw2-dm:ConsolidatedMember
=GROUP(BSchSalTvg+BSchSalVab);Schulden uit hoofde van vakantiegeld;rj-i_PayablesHolidayPay;jenv-bw2-dm:CommercialMember;jenv-bw2-dm:SeparateMember
=GROUP(BSchShb*+BSchBepVpb*);Schulden uit hoofde van belasting naar de winst;rj-i_PayablesIncomeTaxCurrent;jenv-bw2-dm:CommercialMember;jenv-bw2-dm:ConsolidatedMember
=GROUP(BSchShb*+BSchBepVpb*);Schulden uit hoofde van belasting naar de winst;rj-i_PayablesIncomeTaxCurrent;jenv-bw2-dm:CommercialMember;jenv-bw2-dm:SeparateMember
=GROUP(BVasSvi*+BVasCvi*+BVasOzv*);Vastgoedbeleggingen in exploitatie;rj-cp-i_InvestmentPropertiesInExploitation;jenv-bw2-dm:CommercialMember;jenv-bw2-dm:ConsolidatedMember
=GROUP(BVasSvi*+BVasCvi*+BVasOzv*);Vastgoedbeleggingen in exploitatie;rj-cp-i_InvestmentPropertiesInExploitation;jenv-bw2-dm:CommercialMember;jenv-bw2-dm:SeparateMember
=GROUP(BVasSviCuh*+BVasCviCuh*+BVasOzvCuh*);Reële waarde van vastgoedbeleggingen;rj-i_InvestmentPropertiesFairValue;jenv-bw2-dm:CommercialMember;jenv-bw2-dm:ConsolidatedMember;;rj-cp-dm:InvestmentPropertiesInExploitationMember
=GROUP(BVasSviCuh*+BVasCviCuh*+BVasOzvCuh*);Reële waarde van vastgoedbeleggingen;rj-i_InvestmentPropertiesFairValue;jenv-bw2-dm:CommercialMember;jenv-bw2-dm:SeparateMember;;rj-cp-dm:InvestmentPropertiesInExploitationMember
=GROUP(BVorDeb*-BVorDebVdd-BVorDebVhd);Bruto vorderingen op handelsdebiteuren;rj-i_TradeReceivablesGross;jenv-bw2-dm:CommercialMember;jenv-bw2-dm:ConsolidatedMember
=GROUP(BVorDeb*-BVorDebVdd-BVorDebVhd);Bruto vorderingen op handelsdebiteuren;rj-i_TradeReceivablesGross;jenv-bw2-dm:CommercialMember;jenv-bw2-dm:SeparateMember
=GROUP(BVorDebVdd+BVorDebVhd);Voorziening voor oninbaarheid op vorderingen op handelsdebiteuren;rj-i_TradeReceivablesProvisionBadDebts;jenv-bw2-dm:CommercialMember;jenv-bw2-dm:ConsolidatedMember
=GROUP(BVorDebVdd+BVorDebVhd);Voorziening voor oninbaarheid op vorderingen op handelsdebiteuren;rj-i_TradeReceivablesProvisionBadDebts;jenv-bw2-dm:CommercialMember;jenv-bw2-dm:SeparateMember
=GROUP(BVorOva*+BVorTus*);Overlopende activa;jenv-bw2-i_AccruedIncome;jenv-bw2-dm:CommercialMember;jenv-bw2-dm:ConsolidatedMember
=GROUP(BVorOva*+BVorTus*);Overlopende activa;jenv-bw2-i_AccruedIncome;jenv-bw2-dm:CommercialMember;jenv-bw2-dm:SeparateMember
=GROUP(BVorOva*-BVorOvaPen*+BVorTus*);Overige overlopende activa;jenv-bw2-i_AccruedIncomeOther;jenv-bw2-dm:CommercialMember;jenv-bw2-dm:ConsolidatedMember
=GROUP(BVorOva*-BVorOvaPen*+BVorTus*);Overige overlopende activa;jenv-bw2-i_AccruedIncomeOther;jenv-bw2-dm:CommercialMember;jenv-bw2-dm:SeparateMember
=GROUP(BVorOvr*+BVorOvh*+BVorVlc*+BVorTsk*)-BVorOvrRcb*-BVorOvrRcc*-BVorOvrRca*-BVorOvrLvb-BVorOvrLvc;Andere overige vorderingen;jenv-bw2-i_OtherReceivablesOtherCurrent;jenv-bw2-dm:CommercialMember;jenv-bw2-dm:ConsolidatedMember
=GROUP(BVorOvr*+BVorOvh*+BVorVlc*+BVorTsk*)-BVorOvrRcb*-BVorOvrRcc*-BVorOvrRca*-BVorOvrLvb-BVorOvrLvc;Andere overige vorderingen;jenv-bw2-i_OtherReceivablesOtherCurrent;jenv-bw2-dm:CommercialMember;jenv-bw2-dm:SeparateMember
=GROUP(BVorOvr*+BVorOvh*+BVorVlc*+BVorTsk*+BVorVpk*+BVorVaoVuh);Kortlopende overige vorderingen;jenv-bw2-i_ReceivablesOtherCurrent;jenv-bw2-dm:CommercialMember;jenv-bw2-dm:ConsolidatedMember
=GROUP(BVorOvr*+BVorOvh*+BVorVlc*+BVorTsk*+BVorVpk*+BVorVaoVuh);Kortlopende overige vorderingen;jenv-bw2-i_ReceivablesOtherCurrent;jenv-bw2-dm:CommercialMember;jenv-bw2-dm:SeparateMember
=GROUP(BVorOvrLvb+BFvaOvrVob*+BFvaOvrVoa*+BFvaOvrVgb*+BFvaOvrVga*);Leningen, voorschotten en garanties ten behoeve van bestuurders;rj-i_LoansAdvancesGuaranteesOnBehalfOfManagingDirectorsFormerManagingDirectors;jenv-bw2-dm:CommercialMember;jenv-bw2-dm:ConsolidatedMember
=GROUP(BVorOvrLvb+BFvaOvrVob*+BFvaOvrVoa*+BFvaOvrVgb*+BFvaOvrVga*);Leningen, voorschotten en garanties ten behoeve van bestuurders;rj-i_LoansAdvancesGuaranteesOnBehalfOfManagingDirectorsFormerManagingDirectors;jenv-bw2-dm:CommercialMember;jenv-bw2-dm:SeparateMember
=GROUP(BVorOvrLvb+BFvaOvrVob*+BFvaOvrVoa*+BFvaOvrVgb*+BFvaOvrVga*)+GROUP(BVorOvrLvc+BFvaOvrVoc*+BFvaOvrVca*+BFvaOvrVgc*+BFvaOvrVaw*);Leningen, voorschotten en garanties ten behoeve van bestuurders en commissarissen;jenv-bw2-i_LoansAdvancesGuaranteesOnBehalfOfManagingSupervisoryDirectors;jenv-bw2-dm:CommercialMember;jenv-bw2-dm:ConsolidatedMember
=GROUP(BVorOvrLvb+BFvaOvrVob*+BFvaOvrVoa*+BFvaOvrVgb*+BFvaOvrVga*)+GROUP(BVorOvrLvc+BFvaOvrVoc*+BFvaOvrVca*+BFvaOvrVgc*+BFvaOvrVaw*);Leningen, voorschotten en garanties ten behoeve van bestuurders en commissarissen;jenv-bw2-i_LoansAdvancesGuaranteesOnBehalfOfManagingSupervisoryDirectors;jenv-bw2-dm:CommercialMember;jenv-bw2-dm:SeparateMember
=GROUP(BVorOvrLvb+BVorOvrRcb*);Kortlopende leningen, voorschotten en garanties ten behoeve van bestuurders;rj-i_LoansAdvancesGuaranteesOnBehalfOfManagingDirectorsFormerManagingDirectorsCurrent;jenv-bw2-dm:CommercialMember;jenv-bw2-dm:ConsolidatedMember
=GROUP(BVorOvrLvb+BVorOvrRcb*);Kortlopende leningen, voorschotten en garanties ten behoeve van bestuurders;rj-i_LoansAdvancesGuaranteesOnBehalfOfManagingDirectorsFormerManagingDirectorsCurrent;jenv-bw2-dm:CommercialMember;jenv-bw2-dm:SeparateMember
=GROUP(BVorOvrLvc+BFvaOvrVoc*+BFvaOvrVca*+BFvaOvrVgc*+BFvaOvrVaw*);Leningen, voorschotten en garanties ten behoeve van commissarissen;rj-i_LoansAdvancesGuaranteesOnBehalfOfSupervisoryDirectorsFormerSupervisoryDirectors;jenv-bw2-dm:CommercialMember;jenv-bw2-dm:ConsolidatedMember
=GROUP(BVorOvrLvc+BFvaOvrVoc*+BFvaOvrVca*+BFvaOvrVgc*+BFvaOvrVaw*);Leningen, voorschotten en garanties ten behoeve van commissarissen;rj-i_LoansAdvancesGuaranteesOnBehalfOfSupervisoryDirectorsFormerSupervisoryDirectors;jenv-bw2-dm:CommercialMember;jenv-bw2-dm:SeparateMember
=GROUP(BVorOvrLvc+BVorOvrRcc*);Kortlopende leningen, voorschotten en garanties ten behoeve van commissarissen;rj-i_LoansAdvancesGuaranteesOnBehalfOfSupervisoryDirectorsFormerSupervisoryDirectorsCurrent;jenv-bw2-dm:CommercialMember;jenv-bw2-dm:ConsolidatedMember
=GROUP(BVorOvrLvc+BVorOvrRcc*);Kortlopende leningen, voorschotten en garanties ten behoeve van commissarissen;rj-i_LoansAdvancesGuaranteesOnBehalfOfSupervisoryDirectorsFormerSupervisoryDirectorsCurrent;jenv-bw2-dm:CommercialMember;jenv-bw2-dm:SeparateMember
=GROUP(BVorVao*-BVorVaoVuh);Opgevraagde stortingen van geplaatst kapitaal;jenv-bw2-i_CalledUpShareCapital;jenv-bw2-dm:CommercialMember;jenv-bw2-dm:ConsolidatedMember
=GROUP(BVorVao*-BVorVaoVuh);Opgevraagde stortingen van geplaatst kapitaal;jenv-bw2-i_CalledUpShareCapital;jenv-bw2-dm:CommercialMember;jenv-bw2-dm:SeparateMember
=GROUP(BVorVbk*-BVorVbkTvv);Belastingvorderingen;rj-i_TaxReceivables;jenv-bw2-dm:CommercialMember;jenv-bw2-dm:ConsolidatedMember
=GROUP(BVorVbk*-BVorVbkTvv);Belastingvorderingen;rj-i_TaxReceivables;jenv-bw2-dm:CommercialMember;jenv-bw2-dm:SeparateMember
=GROUP(BVrd*+BPro*+BVor*+Beff*+BLim*);Vlottende activa;jenv-bw2-i_AssetsCurrent;jenv-bw2-dm:CommercialMember;jenv-bw2-dm:ConsolidatedMember
=GROUP(BVrd*+BPro*+BVor*+Beff*+BLim*);Vlottende activa;jenv-bw2-i_AssetsCurrent;jenv-bw2-dm:CommercialMember;jenv-bw2-dm:SeparateMember
=GROUP(BVrz*-BVrz??????Beg);Mutatie van voorzieningen;rj-i_ProvisionsMovement;jenv-bw2-dm:CommercialMember;jenv-bw2-dm:ConsolidatedMember;jenv-bw2-dm:ProvisionsMember
=GROUP(BVrz*-BVrz??????Beg);Mutatie van voorzieningen;rj-i_ProvisionsMovement;jenv-bw2-dm:CommercialMember;jenv-bw2-dm:SeparateMember;jenv-bw2-dm:ProvisionsMember
=GROUP(BVrz??????Ont+BVrz??????Ovm);Uitgaven ten laste van de voorziening gebracht;rj-i_ProvisionsUsage;jenv-bw2-dm:CommercialMember;jenv-bw2-dm:ConsolidatedMember;jenv-bw2-dm:ProvisionsMember
=GROUP(BVrz??????Ont+BVrz??????Ovm);Uitgaven ten laste van de voorziening gebracht;rj-i_ProvisionsUsage;jenv-bw2-dm:CommercialMember;jenv-bw2-dm:SeparateMember;jenv-bw2-dm:ProvisionsMember
=GROUP(BVrz??????Toe+BVrzOihOrtT??+BVrzOihOrbTre);Nieuw gevormde voorzieningen;rj-i_ProvisionsAdditions;jenv-bw2-dm:CommercialMember;jenv-bw2-dm:ConsolidatedMember;jenv-bw2-dm:ProvisionsMember
=GROUP(BVrz??????Toe+BVrzOihOrtT??+BVrzOihOrbTre);Nieuw gevormde voorzieningen;rj-i_ProvisionsAdditions;jenv-bw2-dm:CommercialMember;jenv-bw2-dm:SeparateMember;jenv-bw2-dm:ProvisionsMember
=GROUP(BVrzOvzAgb*-BVrzOvzAgbBeg);Mutatie van voorzieningen;rj-i_ProvisionsMovement;jenv-bw2-dm:CommercialMember;jenv-bw2-dm:ConsolidatedMember;rj-dm:ProvisionShareBasedPaymentsMember
=GROUP(BVrzOvzAgb*-BVrzOvzAgbBeg);Mutatie van voorzieningen;rj-i_ProvisionsMovement;jenv-bw2-dm:CommercialMember;jenv-bw2-dm:SeparateMember;rj-dm:ProvisionShareBasedPaymentsMember
=GROUP(BVrzOvzArb*-BVrzOvzArbBeg);Mutatie van voorzieningen;rj-i_ProvisionsMovement;jenv-bw2-dm:CommercialMember;jenv-bw2-dm:ConsolidatedMember;rj-dm:ProvisionInsuranceDisabilityRisksMember
=GROUP(BVrzOvzArb*-BVrzOvzArbBeg);Mutatie van voorzieningen;rj-i_ProvisionsMovement;jenv-bw2-dm:CommercialMember;jenv-bw2-dm:SeparateMember;rj-dm:ProvisionInsuranceDisabilityRisksMember
=GROUP(BVrzOvzGar*-BVrzOvzGarBeg);Mutatie van voorzieningen;rj-i_ProvisionsMovement;jenv-bw2-dm:CommercialMember;jenv-bw2-dm:ConsolidatedMember;rj-dm:ProvisionWarrantyMember
=GROUP(BVrzOvzGar*-BVrzOvzGarBeg);Mutatie van voorzieningen;rj-i_ProvisionsMovement;jenv-bw2-dm:CommercialMember;jenv-bw2-dm:SeparateMember;rj-dm:ProvisionWarrantyMember
=GROUP(BVrzOvzJub*-BVrzOvzJubBeg);Mutatie van voorzieningen;rj-i_ProvisionsMovement;jenv-bw2-dm:CommercialMember;jenv-bw2-dm:ConsolidatedMember;rj-dm:ProvisionJubileeBenefitsMember
=GROUP(BVrzOvzJub*-BVrzOvzJubBeg);Mutatie van voorzieningen;rj-i_ProvisionsMovement;jenv-bw2-dm:CommercialMember;jenv-bw2-dm:SeparateMember;rj-dm:ProvisionJubileeBenefitsMember
=GROUP(BVrzOvzOvz*+BVrzOvzOio*+BVrzOvzOiv*+BVrzOvzLob*+BVrzOih*);Overige voorzieningen;jenv-bw2-i_ProvisionsOther;jenv-bw2-dm:CommercialMember;jenv-bw2-dm:ConsolidatedMember
=GROUP(BVrzOvzOvz*+BVrzOvzOio*+BVrzOvzOiv*+BVrzOvzLob*+BVrzOih*);Voorzieningen;jenv-bw2-i_Provisions;jenv-bw2-dm:CommercialMember;jenv-bw2-dm:ConsolidatedMember;jenv-bw2-dm:ProvisionsOtherMember
=GROUP(BVrzOvzOvz*+BVrzOvzOio*+BVrzOvzOiv*+BVrzOvzLob*+BVrzOih*);Overige voorzieningen;jenv-bw2-i_ProvisionsOther;jenv-bw2-dm:CommercialMember;jenv-bw2-dm:SeparateMember
=GROUP(BVrzOvzOvz*+BVrzOvzOio*+BVrzOvzOiv*+BVrzOvzLob*+BVrzOih*);Voorzieningen;jenv-bw2-i_Provisions;jenv-bw2-dm:CommercialMember;jenv-bw2-dm:SeparateMember;jenv-bw2-dm:ProvisionsOtherMember
=GROUP(BVrzOvzOvz*-BVrzOvzOvzBeg+BVrzOvzOio*-BVrzOvzOioBeg+BVrzOvzOiv*-BVrzOvzOivBeg+BVrzOvzLob*-BVrzOvzLobBeg+BVrzOih*-BVrzOihOr?Beg);Mutatie van voorzieningen;rj-i_ProvisionsMovement;jenv-bw2-dm:CommercialMember;jenv-bw2-dm:ConsolidatedMember;jenv-bw2-dm:ProvisionsOtherMember
=GROUP(BVrzOvzOvz*-BVrzOvzOvzBeg+BVrzOvzOio*-BVrzOvzOioBeg+BVrzOvzOiv*-BVrzOvzOivBeg+BVrzOvzLob*-BVrzOvzLobBeg+BVrzOih*-BVrzOihOr?Beg);Mutatie van voorzieningen;rj-i_ProvisionsMovement;jenv-bw2-dm:CommercialMember;jenv-bw2-dm:SeparateMember;jenv-bw2-dm:ProvisionsOtherMember
=GROUP(BVrzOvzOvzOev+BVrzOvzOioOev+BVrzOvzOivOev+BVrzOvzLobOev+BVrzOihOrtOev+BVrzOihOrbOev);Oprenting van voorzieningen en veranderingen van de disconteringsvoet;rj-i_ProvisionsYieldedInterest;jenv-bw2-dm:CommercialMember;jenv-bw2-dm:ConsolidatedMember;jenv-bw2-dm:ProvisionsOtherMember
=GROUP(BVrzOvzOvzOev+BVrzOvzOioOev+BVrzOvzOivOev+BVrzOvzLobOev+BVrzOihOrtOev+BVrzOihOrbOev);Oprenting van voorzieningen en veranderingen van de disconteringsvoet;rj-i_ProvisionsYieldedInterest;jenv-bw2-dm:CommercialMember;jenv-bw2-dm:SeparateMember;jenv-bw2-dm:ProvisionsOtherMember
=GROUP(BVrzOvzOvzOmv+BVrzOvzOioOmv+BVrzOvzOivOmv+BVrzOvzLobOmv+BVrzOihOrtOmv);Wijzigingen van voorzieningen als gevolg van valuta-omrekeningsverschillen;rj-i_ProvisionsExchangeDifferences;jenv-bw2-dm:CommercialMember;jenv-bw2-dm:ConsolidatedMember;jenv-bw2-dm:ProvisionsOtherMember
=GROUP(BVrzOvzOvzOmv+BVrzOvzOioOmv+BVrzOvzOivOmv+BVrzOvzLobOmv+BVrzOihOrtOmv);Wijzigingen van voorzieningen als gevolg van valuta-omrekeningsverschillen;rj-i_ProvisionsExchangeDifferences;jenv-bw2-dm:CommercialMember;jenv-bw2-dm:SeparateMember;jenv-bw2-dm:ProvisionsOtherMember
=GROUP(BVrzOvzOvzOnt+BVrzOvzOioOnt+BVrzOvzOivOnt+BVrzOvzLobOnt+BVrzOihOrtOnt+BVrzOihOrbOnt)+GROUP(BVrzOvzOvzOvm+BVrzOvzOioOvm+BVrzOvzOivOvm);Uitgaven ten laste van de voorziening gebracht;rj-i_ProvisionsUsage;jenv-bw2-dm:CommercialMember;jenv-bw2-dm:ConsolidatedMember;jenv-bw2-dm:ProvisionsOtherMember
=GROUP(BVrzOvzOvzOnt+BVrzOvzOioOnt+BVrzOvzOivOnt+BVrzOvzLobOnt+BVrzOihOrtOnt+BVrzOihOrbOnt)+GROUP(BVrzOvzOvzOvm+BVrzOvzOioOvm+BVrzOvzOivOvm);Uitgaven ten laste van de voorziening gebracht;rj-i_ProvisionsUsage;jenv-bw2-dm:CommercialMember;jenv-bw2-dm:SeparateMember;jenv-bw2-dm:ProvisionsOtherMember
=GROUP(BVrzOvzOvzToe+BVrzOvzOioToe+BVrzOvzOivToe+BVrzOvzLobToe+BVrzOihOrtT??+BVrzOihOrbTre);Nieuw gevormde voorzieningen;rj-i_ProvisionsAdditions;jenv-bw2-dm:CommercialMember;jenv-bw2-dm:ConsolidatedMember;jenv-bw2-dm:ProvisionsOtherMember
=GROUP(BVrzOvzOvzToe+BVrzOvzOioToe+BVrzOvzOivToe+BVrzOvzLobToe+BVrzOihOrtT??+BVrzOihOrbTre);Nieuw gevormde voorzieningen;rj-i_ProvisionsAdditions;jenv-bw2-dm:CommercialMember;jenv-bw2-dm:SeparateMember;jenv-bw2-dm:ProvisionsOtherMember
=GROUP(BVrzOvzOvzVri+BVrzOvzOioVri+BVrzOvzOivVri+BVrzOvzLobVri+BVrzOihOrtVri+BVrzOihOrbVri);Niet gebruikte bedragen die zijn vrijgevallen;rj-i_ProvisionsRelease;jenv-bw2-dm:CommercialMember;jenv-bw2-dm:ConsolidatedMember;jenv-bw2-dm:ProvisionsOtherMember
=GROUP(BVrzOvzOvzVri+BVrzOvzOioVri+BVrzOvzOivVri+BVrzOvzLobVri+BVrzOihOrtVri+BVrzOihOrbVri);Niet gebruikte bedragen die zijn vrijgevallen;rj-i_ProvisionsRelease;jenv-bw2-dm:CommercialMember;jenv-bw2-dm:SeparateMember;jenv-bw2-dm:ProvisionsOtherMember
=GROUP(BVrzOvzUhp*-BVrzOvzUhpBeg);Mutatie van voorzieningen;rj-i_ProvisionsMovement;jenv-bw2-dm:CommercialMember;jenv-bw2-dm:ConsolidatedMember;rj-dm:ProvisionEmployeeBenefitsMember
=GROUP(BVrzOvzUhp*-BVrzOvzUhpBeg);Mutatie van voorzieningen;rj-i_ProvisionsMovement;jenv-bw2-dm:CommercialMember;jenv-bw2-dm:SeparateMember;rj-dm:ProvisionEmployeeBenefitsMember
=GROUP(BVrzOvzVhe*-BVrzOvzVheBeg);Mutatie van voorzieningen;rj-i_ProvisionsMovement;jenv-bw2-dm:CommercialMember;jenv-bw2-dm:ConsolidatedMember;rj-dm:ProvisionRepairCostsMember
=GROUP(BVrzOvzVhe*-BVrzOvzVheBeg);Mutatie van voorzieningen;rj-i_ProvisionsMovement;jenv-bw2-dm:CommercialMember;jenv-bw2-dm:SeparateMember;rj-dm:ProvisionRepairCostsMember
=GROUP(BVrzOvzVid*-BVrzOvzVidBeg);Mutatie van voorzieningen;rj-i_ProvisionsMovement;jenv-bw2-dm:CommercialMember;jenv-bw2-dm:ConsolidatedMember;rj-dm:ProvisionParticipatingInterestsMember
=GROUP(BVrzOvzVid*-BVrzOvzVidBeg);Mutatie van voorzieningen;rj-i_ProvisionsMovement;jenv-bw2-dm:CommercialMember;jenv-bw2-dm:SeparateMember;rj-dm:ProvisionParticipatingInterestsMember
=GROUP(BVrzOvzVidOnt+BVrzOvzVidOvm);Uitgaven ten laste van de voorziening gebracht;rj-i_ProvisionsUsage;jenv-bw2-dm:CommercialMember;jenv-bw2-dm:ConsolidatedMember;rj-dm:ProvisionParticipatingInterestsMember
=GROUP(BVrzOvzVidOnt+BVrzOvzVidOvm);Uitgaven ten laste van de voorziening gebracht;rj-i_ProvisionsUsage;jenv-bw2-dm:CommercialMember;jenv-bw2-dm:SeparateMember;rj-dm:ProvisionParticipatingInterestsMember
=GROUP(BVrzOvzVir*-BVrzOvzVirBeg);Mutatie van voorzieningen;rj-i_ProvisionsMovement;jenv-bw2-dm:CommercialMember;jenv-bw2-dm:ConsolidatedMember;rj-dm:ProvisionRestructuringMember
=GROUP(BVrzOvzVir*-BVrzOvzVirBeg);Mutatie van voorzieningen;rj-i_ProvisionsMovement;jenv-bw2-dm:CommercialMember;jenv-bw2-dm:SeparateMember;rj-dm:ProvisionRestructuringMember
=GROUP(BVrzOvzVlc*-BVrzOvzVlcBeg);Mutatie van voorzieningen;rj-i_ProvisionsMovement;jenv-bw2-dm:CommercialMember;jenv-bw2-dm:ConsolidatedMember;rj-dm:ProvisionOnerousContractsMember
=GROUP(BVrzOvzVlc*-BVrzOvzVlcBeg);Mutatie van voorzieningen;rj-i_ProvisionsMovement;jenv-bw2-dm:CommercialMember;jenv-bw2-dm:SeparateMember;rj-dm:ProvisionOnerousContractsMember
=GROUP(BVrzOvzVuc*-BVrzOvzVucBeg);Mutatie van voorzieningen;rj-i_ProvisionsMovement;jenv-bw2-dm:CommercialMember;jenv-bw2-dm:ConsolidatedMember;rj-dm:ProvisionLegalProceedingsMember
=GROUP(BVrzOvzVuc*-BVrzOvzVucBeg);Mutatie van voorzieningen;rj-i_ProvisionsMovement;jenv-bw2-dm:CommercialMember;jenv-bw2-dm:SeparateMember;rj-dm:ProvisionLegalProceedingsMember
=GROUP(BVrzOvzVvg*-BVrzOvzVvgBeg);Mutatie van voorzieningen;rj-i_ProvisionsMovement;jenv-bw2-dm:CommercialMember;jenv-bw2-dm:ConsolidatedMember;rj-dm:ProvisionMajorMaintenanceMember
=GROUP(BVrzOvzVvg*-BVrzOvzVvgBeg);Mutatie van voorzieningen;rj-i_ProvisionsMovement;jenv-bw2-dm:CommercialMember;jenv-bw2-dm:SeparateMember;rj-dm:ProvisionMajorMaintenanceMember
=GROUP(BVrzOvzVvo*-BVrzOvzVvoBeg);Mutatie van voorzieningen;rj-i_ProvisionsMovement;jenv-bw2-dm:CommercialMember;jenv-bw2-dm:ConsolidatedMember;rj-dm:ProvisionEnvironmentalMember
=GROUP(BVrzOvzVvo*-BVrzOvzVvoBeg);Mutatie van voorzieningen;rj-i_ProvisionsMovement;jenv-bw2-dm:CommercialMember;jenv-bw2-dm:SeparateMember;rj-dm:ProvisionEnvironmentalMember
=GROUP(BVrzOvzVwp*-BVrzOvzVwpBeg);Mutatie van voorzieningen;rj-i_ProvisionsMovement;jenv-bw2-dm:CommercialMember;jenv-bw2-dm:ConsolidatedMember;rj-dm:ProvisionDisposalObligationMember
=GROUP(BVrzOvzVwp*-BVrzOvzVwpBeg);Mutatie van voorzieningen;rj-i_ProvisionsMovement;jenv-bw2-dm:CommercialMember;jenv-bw2-dm:SeparateMember;rj-dm:ProvisionDisposalObligationMember
=GROUP(BVrzOvzVza*-BVrzOvzVzaBeg);Mutatie van voorzieningen;rj-i_ProvisionsMovement;jenv-bw2-dm:CommercialMember;jenv-bw2-dm:ConsolidatedMember;rj-dm:ProvisionDisabilityRisksMember
=GROUP(BVrzOvzVza*-BVrzOvzVzaBeg);Mutatie van voorzieningen;rj-i_ProvisionsMovement;jenv-bw2-dm:CommercialMember;jenv-bw2-dm:SeparateMember;rj-dm:ProvisionDisabilityRisksMember
=GROUP(BVrzOvzZoa*-BVrzOvzZoaBeg);Mutatie van voorzieningen;rj-i_ProvisionsMovement;jenv-bw2-dm:CommercialMember;jenv-bw2-dm:ConsolidatedMember;rj-dm:ProvisionInsuranceIllnessDisabilityMember
=GROUP(BVrzOvzZoa*-BVrzOvzZoaBeg);Mutatie van voorzieningen;rj-i_ProvisionsMovement;jenv-bw2-dm:CommercialMember;jenv-bw2-dm:SeparateMember;rj-dm:ProvisionInsuranceIllnessDisabilityMember
=GROUP(BVrzVvbVlb*-BVrzVvbVlbBeg);Mutatie van voorzieningen;rj-i_ProvisionsMovement;jenv-bw2-dm:CommercialMember;jenv-bw2-dm:ConsolidatedMember;rj-dm:DeferredTaxLiabilitiesMember
=GROUP(BVrzVvbVlb*-BVrzVvbVlbBeg);Mutatie van voorzieningen;rj-i_ProvisionsMovement;jenv-bw2-dm:CommercialMember;jenv-bw2-dm:SeparateMember;rj-dm:DeferredTaxLiabilitiesMember
=GROUP(BVrzVvbVlbOnt+BVrzVvbVlbOvm);Uitgaven ten laste van de voorziening gebracht;rj-i_ProvisionsUsage;jenv-bw2-dm:CommercialMember;jenv-bw2-dm:ConsolidatedMember;rj-dm:DeferredTaxLiabilitiesMember
=GROUP(BVrzVvbVlbOnt+BVrzVvbVlbOvm);Uitgaven ten laste van de voorziening gebracht;rj-i_ProvisionsUsage;jenv-bw2-dm:CommercialMember;jenv-bw2-dm:SeparateMember;rj-dm:DeferredTaxLiabilitiesMember
=GROUP(BVrzVvbVvb*-BVrzVvbVvbBeg);Mutatie van voorzieningen;rj-i_ProvisionsMovement;jenv-bw2-dm:CommercialMember;jenv-bw2-dm:ConsolidatedMember;jenv-bw2-dm:ProvisionTaxLiabilitiesMember
=GROUP(BVrzVvbVvb*-BVrzVvbVvbBeg);Mutatie van voorzieningen;rj-i_ProvisionsMovement;jenv-bw2-dm:CommercialMember;jenv-bw2-dm:SeparateMember;jenv-bw2-dm:ProvisionTaxLiabilitiesMember
=GROUP(BVrzVvp*-BVrzVvp???Beg);Mutatie van voorzieningen;rj-i_ProvisionsMovement;jenv-bw2-dm:CommercialMember;jenv-bw2-dm:ConsolidatedMember;jenv-bw2-dm:ProvisionPensionObligationsMember
=GROUP(BVrzVvp*-BVrzVvp???Beg);Mutatie van voorzieningen;rj-i_ProvisionsMovement;jenv-bw2-dm:CommercialMember;jenv-bw2-dm:SeparateMember;jenv-bw2-dm:ProvisionPensionObligationsMember
=GROUP(WAfsAmv*+WAfsAfv*+WAfsDae*);Afschrijvingen op materiële vaste activa;jenv-bw2-i_DepreciationPropertyPlantEquipment;jenv-bw2-dm:CommercialMember;jenv-bw2-dm:ConsolidatedMember
=GROUP(WAfsAmv*+WAfsAfv*+WAfsDae*);Afschrijvingen op materiële vaste activa;jenv-bw2-i_DepreciationPropertyPlantEquipment;jenv-bw2-dm:CommercialMember;jenv-bw2-dm:SeparateMember
=GROUP(WAfsRvm*+WAfsBov*);Winsten of verliezen die ontstaan als gevolg van de buitengebruikstelling of afstoting van een materieel vast actief;rj-i_ResultSalePropertyPlantEquipment;jenv-bw2-dm:CommercialMember;jenv-bw2-dm:ConsolidatedMember
=GROUP(WAfsRvm*+WAfsBov*);Winsten of verliezen die ontstaan als gevolg van de buitengebruikstelling of afstoting van een materieel vast actief;rj-i_ResultSalePropertyPlantEquipment;jenv-bw2-dm:CommercialMember;jenv-bw2-dm:SeparateMember
=GROUP(WBelBgrLab+WBelBgrDlb+WBelBgrVlb);Latente belastingen;rj-i_DeferredIncomeTaxExpense;jenv-bw2-dm:CommercialMember;jenv-bw2-dm:ConsolidatedMember
=GROUP(WBelBgrLab+WBelBgrDlb+WBelBgrVlb);Latente belastingen;rj-i_DeferredIncomeTaxExpense;jenv-bw2-dm:CommercialMember;jenv-bw2-dm:SeparateMember
=GROUP(WFbe*+WOvt*+WWfa*);Financiële baten en lasten;rj-i_FinancialIncomeExpenses;jenv-bw2-dm:CommercialMember;jenv-bw2-dm:ConsolidatedMember
=GROUP(WFbe*+WOvt*+WWfa*);Financiële baten en lasten;rj-i_FinancialIncomeExpenses;jenv-bw2-dm:CommercialMember;jenv-bw2-dm:SeparateMember
=GROUP(WFbeRlmRgi+WFbeRlmRgu);Overige rentebaten en soortgelijke opbrengsten uit verhoudingen met groepsmaatschappijen;jenv-bw2-i_InterestIncomeRelatedIncomeGroupCompanies;jenv-bw2-dm:CommercialMember;jenv-bw2-dm:ConsolidatedMember
=GROUP(WFbeRlmRgi+WFbeRlmRgu);Overige rentebaten en soortgelijke opbrengsten uit verhoudingen met groepsmaatschappijen;jenv-bw2-i_InterestIncomeRelatedIncomeGroupCompanies;jenv-bw2-dm:CommercialMember;jenv-bw2-dm:SeparateMember
=GROUP(WFbeRlmRmi+WFbeRlmRmu+WFbeRlmRdi+WFbeRlmRdu);Overige rentebaten en soortgelijke opbrengsten uit verhoudingen met overige verbonden maatschappijen;jenv-bw2-i_InterestIncomeRelatedIncomeOtherAffiliatedCompanies;jenv-bw2-dm:CommercialMember;jenv-bw2-dm:ConsolidatedMember
=GROUP(WFbeRlmRmi+WFbeRlmRmu+WFbeRlmRdi+WFbeRlmRdu);Overige rentebaten en soortgelijke opbrengsten uit verhoudingen met overige verbonden maatschappijen;jenv-bw2-i_InterestIncomeRelatedIncomeOtherAffiliatedCompanies;jenv-bw2-dm:CommercialMember;jenv-bw2-dm:SeparateMember
=GROUP(WFbeRls*+WFbeOrl*+WFbeKvb*+WFbeKba*+WFbeDer*+WFbeDfb*);Rentelasten en soortgelijke kosten;jenv-bw2-i_InterestExpensesRelatedExpenses;jenv-bw2-dm:CommercialMember;jenv-bw2-dm:ConsolidatedMember
=GROUP(WFbeRls*+WFbeOrl*+WFbeKvb*+WFbeKba*+WFbeDer*+WFbeDfb*);Rentelasten en soortgelijke kosten;jenv-bw2-i_InterestExpensesRelatedExpenses;jenv-bw2-dm:CommercialMember;jenv-bw2-dm:SeparateMember
=GROUP(WFbeRlsRgi+WFbeRlsRgu);Rentelasten en soortgelijke kosten uit groepsmaatschappijen;jenv-bw2-i_InterestExpensesRelatedExpensesGroupCompanies;jenv-bw2-dm:CommercialMember;jenv-bw2-dm:ConsolidatedMember
=GROUP(WFbeRlsRgi+WFbeRlsRgu);Rentelasten en soortgelijke kosten uit groepsmaatschappijen;jenv-bw2-i_InterestExpensesRelatedExpensesGroupCompanies;jenv-bw2-dm:CommercialMember;jenv-bw2-dm:SeparateMember
=GROUP(WFbeRlsRmi+WFbeRlsRmu+WFbeRlsRdi+WFbeRlsRdu);Rentelasten en soortgelijke kosten uit overige verbonden maatschappijen;jenv-bw2-i_InterestExpensesRelatedExpensesOtherAffiliatedCompanies;jenv-bw2-dm:CommercialMember;jenv-bw2-dm:ConsolidatedMember
=GROUP(WFbeRlsRmi+WFbeRlsRmu+WFbeRlsRdi+WFbeRlsRdu);Rentelasten en soortgelijke kosten uit overige verbonden maatschappijen;jenv-bw2-i_InterestExpensesRelatedExpensesOtherAffiliatedCompanies;jenv-bw2-dm:CommercialMember;jenv-bw2-dm:SeparateMember
=GROUP(WOmz*+WWiv*+WKpr*+WOvb*)+GROUP(WVkf*+WAkf*+WPer*+WAfs*+WWvi*+WBwv*+WBed*);Bedrijfsresultaat;jenv-bw2-i_OperatingResult;jenv-bw2-dm:CommercialMember;jenv-bw2-dm:ConsolidatedMember
=GROUP(WOmz*+WWiv*+WKpr*+WOvb*)+GROUP(WVkf*+WAkf*+WPer*+WAfs*+WWvi*+WBwv*+WBed*);Bedrijfsresultaat;jenv-bw2-i_OperatingResult;jenv-bw2-dm:CommercialMember;jenv-bw2-dm:SeparateMember
=GROUP(WOmz*+WWiv*+WKpr*+WOvb*)+GROUP(WVkf*+WAkf*+WPer*+WAfs*+WWvi*+WBwv*+WBed*)+WVhe*+GROUP(WFbe*+WOvt*+WWfa*);Resultaat voor belastingen;jenv-bw2-i_ResultBeforeTax;jenv-bw2-dm:CommercialMember;jenv-bw2-dm:SeparateMember
=GROUP(WOmz*+WWiv*+WKpr*+WOvb*)+GROUP(WVkf*+WAkf*+WPer*+WAfs*+WWvi*+WBwv*+WBed*)+WVhe*+GROUP(WFbe*+WOvt*+WWfa*)+WBel*+WRed*;Resultaat na belastingen;jenv-bw2-i_ResultAfterTax;jenv-bw2-dm:CommercialMember;jenv-bw2-dm:SeparateMember
=GROUP(WOmz*+WWiv*+WKpr*+WOvb*-WWivWva*);Bruto-bedrijfsresultaat;jenv-bw2-i_GrossMargin;jenv-bw2-dm:CommercialMember;jenv-bw2-dm:ConsolidatedMember
=GROUP(WOmz*+WWiv*+WKpr*+WOvb*-WWivWva*);Bruto-bedrijfsresultaat;jenv-bw2-i_GrossMargin;jenv-bw2-dm:CommercialMember;jenv-bw2-dm:SeparateMember
=GROUP(WOmz*+WWiv*+WOvb*)+GROUP(WKpr*+WVkf*+WAkf*+WPer*+WAfs*+WWvi*+WBwv*+WBed*)+WVhe*+GROUP(WFbe*+WOvt*+WWfa*)+WBel*+WRed*;Resultaat na belastingen;jenv-bw2-i_ResultAfterTax;jenv-bw2-dm:CommercialMember;jenv-bw2-dm:ConsolidatedMember
=GROUP(WOmz*+WWiv*+WOvb*)+GROUP(WKpr*+WVkf*+WAkf*+WPer*+WAfs*+WWvi*+WBwv*+WBed*)+WVhe*+GROUP(WFbe*+WOvt*+WWfa*)+WBel*+WRed*+WAad*;Nettoresultaat na belastingen toekomend aan de rechtspersoon;jenv-bw2-i_NetResultAfterTax;jenv-bw2-dm:CommercialMember;jenv-bw2-dm:ConsolidatedMember
=GROUP(WOmz*+WWiv*+WOvb*)+GROUP(WVkf*+WAkf*+WKpr*+WPer*+WAfs*+WWvi*+WBwv*+WBed*)+WVhe*+GROUP(WFbe*+WOvt*+WWfa*);Resultaat voor belastingen;jenv-bw2-i_ResultBeforeTax;jenv-bw2-dm:CommercialMember;jenv-bw2-dm:ConsolidatedMember
=GROUP(WOvtRofRig+WOvtRofRug);Opbrengst van vorderingen die tot de vaste activa behoren en van effecten op groepsmaatschappijen;jenv-bw2-i_IncomeReceivablesNoncurrentSecuritiesGroupCompanies;jenv-bw2-dm:CommercialMember;jenv-bw2-dm:ConsolidatedMember
=GROUP(WOvtRofRig+WOvtRofRug);Opbrengst van vorderingen die tot de vaste activa behoren en van effecten op groepsmaatschappijen;jenv-bw2-i_IncomeReceivablesNoncurrentSecuritiesGroupCompanies;jenv-bw2-dm:CommercialMember;jenv-bw2-dm:SeparateMember
=GROUP(WOvtRofRvp+WOvtRofRvi+WOvtRofRvu+WOvtRofRid+WOvtRofRud);Opbrengst van vorderingen die tot de vaste activa behoren en van effecten op overige verbonden maatschappijen;jenv-bw2-i_IncomeReceivablesNoncurrentSecuritiesOtherAffiliatedCompanies;jenv-bw2-dm:CommercialMember;jenv-bw2-dm:ConsolidatedMember
=GROUP(WOvtRofRvp+WOvtRofRvi+WOvtRofRvu+WOvtRofRid+WOvtRofRud);Opbrengst van vorderingen die tot de vaste activa behoren en van effecten op overige verbonden maatschappijen;jenv-bw2-i_IncomeReceivablesNoncurrentSecuritiesOtherAffiliatedCompanies;jenv-bw2-dm:CommercialMember;jenv-bw2-dm:SeparateMember
=GROUP(WPerLes*-WPerLesOnu-WPerLesLiv);Lonen;jenv-bw2-i_WagesSalaries;jenv-bw2-dm:CommercialMember;jenv-bw2-dm:ConsolidatedMember
=GROUP(WPerLes*-WPerLesOnu-WPerLesLiv);Lonen;jenv-bw2-i_WagesSalaries;jenv-bw2-dm:CommercialMember;jenv-bw2-dm:SeparateMember
=GROUP(WPerLesSld*+WPerLesBvc*);Bezoldiging van bestuurders en commissarissen;rj-i_RemunerationManagingSupervisoryDirectors;jenv-bw2-dm:CommercialMember;jenv-bw2-dm:ConsolidatedMember
=GROUP(WPerLesSld*+WPerLesBvc*);Bezoldiging van bestuurders en commissarissen;rj-i_RemunerationManagingSupervisoryDirectors;jenv-bw2-dm:CommercialMember;jenv-bw2-dm:SeparateMember
=GROUP(WPerPen*-WPerPenAap);Pensioenpremies;rj-i_PensionPremiums;jenv-bw2-dm:CommercialMember;jenv-bw2-dm:ConsolidatedMember
=GROUP(WPerPen*-WPerPenAap);Pensioenpremies;rj-i_PensionPremiums;jenv-bw2-dm:CommercialMember;jenv-bw2-dm:SeparateMember
=GROUP(WVkf*+WAkf*+WPer*+WAfs*+WWvi*+WBwv*+WWivWva*+WBed*);Som der kosten;jenv-bw2-i_SumOfExpenses;jenv-bw2-dm:CommercialMember;jenv-bw2-dm:ConsolidatedMember
=GROUP(WVkf*+WAkf*+WPer*+WAfs*+WWvi*+WBwv*+WWivWva*+WBed*);Som der kosten;jenv-bw2-i_SumOfExpenses;jenv-bw2-dm:CommercialMember;jenv-bw2-dm:SeparateMember
=GROUP(WWfaBwvOef+WWfaBwvWse);Bijzondere waardeverminderingen van effecten verantwoord in de winst-en-verliesrekening;rj-i_ImpairmentSecuritiesRecordedInIncomeStatement;jenv-bw2-dm:CommercialMember;jenv-bw2-dm:ConsolidatedMember
=GROUP(WWfaBwvOef+WWfaBwvWse);Bijzondere waardeverminderingen van effecten verantwoord in de winst-en-verliesrekening;rj-i_ImpairmentSecuritiesRecordedInIncomeStatement;jenv-bw2-dm:CommercialMember;jenv-bw2-dm:SeparateMember
=GROUP(WWvi*+WWfaBwv*);Waardeveranderingen van vaste activa;jenv-bw2-i_ChangesInValueAssetsNoncurrent;jenv-bw2-dm:CommercialMember;jenv-bw2-dm:ConsolidatedMember
=GROUP(WWvi*+WWfaBwv*);Waardeveranderingen van vaste activa;jenv-bw2-i_ChangesInValueAssetsNoncurrent;jenv-bw2-dm:CommercialMember;jenv-bw2-dm:SeparateMember
=GROUP(WWvi*-WWviWvb*);Waardeveranderingen van immateriële en materiële vaste activa;jenv-bw2-i_ChangesInValueIntangibleAssetsPropertyPlantEquipment;jenv-bw2-dm:CommercialMember;jenv-bw2-dm:ConsolidatedMember
=GROUP(WWvi*-WWviWvb*);Waardeveranderingen van immateriële en materiële vaste activa;jenv-bw2-i_ChangesInValueIntangibleAssetsPropertyPlantEquipment;jenv-bw2-dm:CommercialMember;jenv-bw2-dm:SeparateMember
=GROUP(WWviWvbBwv*+WWviWvbDfw*);Bijzondere waardeverminderingen van vastgoedbeleggingen verantwoord in de winst-en-verliesrekening;rj-i_ImpairmentInvestmentPropertiesRecordedInIncomeStatement;jenv-bw2-dm:CommercialMember;jenv-bw2-dm:ConsolidatedMember;;rj-dm:InvestmentPropertiesMember
=GROUP(WWviWvbBwv*+WWviWvbDfw*);Bijzondere waardeverminderingen van vastgoedbeleggingen verantwoord in de winst-en-verliesrekening;rj-i_ImpairmentInvestmentPropertiesRecordedInIncomeStatement;jenv-bw2-dm:CommercialMember;jenv-bw2-dm:SeparateMember;;rj-dm:InvestmentPropertiesMember
=GROUP(WWviWvbBwv+WWviWvbDfw);Bijzondere waardeverminderingen van vastgoedbeleggingen verantwoord in de winst-en-verliesrekening;rj-i_ImpairmentInvestmentPropertiesRecordedInIncomeStatement;jenv-bw2-dm:CommercialMember;jenv-bw2-dm:ConsolidatedMember
=GROUP(WWviWvbBwv+WWviWvbDfw);Bijzondere waardeverminderingen van vastgoedbeleggingen verantwoord in de winst-en-verliesrekening;rj-i_ImpairmentInvestmentPropertiesRecordedInIncomeStatement;jenv-bw2-dm:CommercialMember;jenv-bw2-dm:SeparateMember
=GROUP(WWviWvbBwvVie+WWviWvbDfwVie);Bijzondere waardeverminderingen van vastgoedbeleggingen verantwoord in de winst-en-verliesrekening;rj-i_ImpairmentInvestmentPropertiesRecordedInIncomeStatement;jenv-bw2-dm:CommercialMember;jenv-bw2-dm:ConsolidatedMember;;rj-cp-dm:InvestmentPropertiesInExploitationMember
=GROUP(WWviWvbBwvVie+WWviWvbDfwVie);Bijzondere waardeverminderingen van vastgoedbeleggingen verantwoord in de winst-en-verliesrekening;rj-i_ImpairmentInvestmentPropertiesRecordedInIncomeStatement;jenv-bw2-dm:CommercialMember;jenv-bw2-dm:SeparateMember;;rj-cp-dm:InvestmentPropertiesInExploitationMember
=GROUP(WWviWvbBwvVio+WWviWvbDfwVio);Bijzondere waardeverminderingen van vastgoedbeleggingen verantwoord in de winst-en-verliesrekening;rj-i_ImpairmentInvestmentPropertiesRecordedInIncomeStatement;jenv-bw2-dm:CommercialMember;jenv-bw2-dm:ConsolidatedMember;;rj-dm:InvestmentPropertiesInDevelopmentMember
=GROUP(WWviWvbBwvVio+WWviWvbDfwVio);Bijzondere waardeverminderingen van vastgoedbeleggingen verantwoord in de winst-en-verliesrekening;rj-i_ImpairmentInvestmentPropertiesRecordedInIncomeStatement;jenv-bw2-dm:CommercialMember;jenv-bw2-dm:SeparateMember;;rj-dm:InvestmentPropertiesInDevelopmentMember
=GROUP(WWviWvi*+WWviWvm*);Waardeveranderingen van immateriële en materiële vaste activa;jenv-bw2-i_ChangesInValueIntangibleAssetsPropertyPlantEquipmentBreakdown;jenv-bw2-dm:CommercialMember;jenv-bw2-dm:ConsolidatedMember
=GROUP(WWviWvi*+WWviWvm*);Waardeveranderingen van immateriële en materiële vaste activa;jenv-bw2-i_ChangesInValueIntangibleAssetsPropertyPlantEquipmentBreakdown;jenv-bw2-dm:CommercialMember;jenv-bw2-dm:SeparateMember
=GROUP(WWviWviBwi+WWviWviDfw);Bijzondere waardeverminderingen van immateriële vaste activa verantwoord in de winst-en-verliesrekening;rj-i_ImpairmentIntangibleAssetsRecordedInIncomeStatement;jenv-bw2-dm:CommercialMember;jenv-bw2-dm:ConsolidatedMember
=GROUP(WWviWviBwi+WWviWviDfw);Bijzondere waardeverminderingen van immateriële vaste activa verantwoord in de winst-en-verliesrekening;rj-i_ImpairmentIntangibleAssetsRecordedInIncomeStatement;jenv-bw2-dm:CommercialMember;jenv-bw2-dm:SeparateMember
=GROUP(WWviWviBwi+WWviWvmBwm+WWviWvbBwv+WWfaBwvFva+WWfaBwvOef+WWfaBwvWse+WWvi???Dfw);Bijzondere waardeverminderingen van vaste activa;rj-i_ImpairmentAssetsNoncurrent;jenv-bw2-dm:CommercialMember;jenv-bw2-dm:ConsolidatedMember
=GROUP(WWviWviBwi+WWviWvmBwm+WWviWvbBwv+WWfaBwvFva+WWfaBwvOef+WWfaBwvWse+WWvi???Dfw);Bijzondere waardeverminderingen van vaste activa;rj-i_ImpairmentAssetsNoncurrent;jenv-bw2-dm:CommercialMember;jenv-bw2-dm:SeparateMember
=GROUP(WWviWviTbi+WWviWvmTbm+WWviWvbTbw+WWfaBwvTwf+WWfaBwvTwe);Terugneming van bijzondere waardeverminderingen van vaste activa;rj-i_ImpairmentAssetsNoncurrentReversal;jenv-bw2-dm:CommercialMember;jenv-bw2-dm:ConsolidatedMember
=GROUP(WWviWviTbi+WWviWvmTbm+WWviWvbTbw+WWfaBwvTwf+WWfaBwvTwe);Terugneming van bijzondere waardeverminderingen van vaste activa;rj-i_ImpairmentAssetsNoncurrentReversal;jenv-bw2-dm:CommercialMember;jenv-bw2-dm:SeparateMember
=GROUP(WWviWvmBwm+WWviWvmDfw);Bijzondere waardeverminderingen van materiële vaste activa verantwoord in de winst-en-verliesrekening;rj-i_ImpairmentPropertyPlantEquipmentRecordedInIncomeStatement;jenv-bw2-dm:CommercialMember;jenv-bw2-dm:ConsolidatedMember
=GROUP(WWviWvmBwm+WWviWvmDfw);Bijzondere waardeverminderingen van materiële vaste activa verantwoord in de winst-en-verliesrekening;rj-i_ImpairmentPropertyPlantEquipmentRecordedInIncomeStatement;jenv-bw2-dm:CommercialMember;jenv-bw2-dm:SeparateMember
BEiv*;Eigen vermogen;jenv-bw2-i_Equity;jenv-bw2-dm:CommercialMember;jenv-bw2-dm:SeparateMember
BEiv*;Eigen vermogen;jenv-bw2-i_Equity;jenv-bw2-dm:CommercialMember;jenv-bw2-dm:SeparateMember;;;;;;;jenv-bw2-dm:EquityMember
BEiv??????Avv;Mutatie in het eigen vermogen als gevolg van aanzuivering van verliezen;rj-cp-i_EquityLossReduction;jenv-bw2-dm:CommercialMember;jenv-bw2-dm:SeparateMember;;;;;;;jenv-bw2-dm:EquityMember
BEiv??????Emk;Emissiekosten;rj-i_EmissionCostsEquity;jenv-bw2-dm:CommercialMember;jenv-bw2-dm:SeparateMember;;;;;;;jenv-bw2-dm:EquityMember
BEiv??????Sta;Mutatie in het eigen vermogen als gevolg van stortingen door aandeelhouders;rj-cp-i_EquityContributionsShareholders;jenv-bw2-dm:CommercialMember;jenv-bw2-dm:SeparateMember;;;;;;;jenv-bw2-dm:EquityMember
BEiv??????Uia;Mutatie in het eigen vermogen als gevolg van uitgeoefende aandelen(optie)regelingen;rj-cp-i_EquityShareBasedArrangementsExercised;jenv-bw2-dm:CommercialMember;jenv-bw2-dm:SeparateMember;;;;;;;jenv-bw2-dm:EquityMember
BEiv??????Var;Mutatie in het eigen vermogen als gevolg van verleende aandelen(optie) regelingen;rj-cp-i_EquityShareBasedArrangementsGranted;jenv-bw2-dm:CommercialMember;jenv-bw2-dm:SeparateMember;;;;;;;jenv-bw2-dm:EquityMember
BEivAgi*;Agio;jenv-bw2-i_SharePremium;jenv-bw2-dm:CommercialMember;jenv-bw2-dm:SeparateMember
BEivAgi*;Eigen vermogen;jenv-bw2-i_Equity;jenv-bw2-dm:CommercialMember;jenv-bw2-dm:SeparateMember;;;;;;;jenv-bw2-dm:SharePremiumMember
BEivAgiAgiAvv;Mutatie in het eigen vermogen als gevolg van aanzuivering van verliezen;rj-cp-i_EquityLossReduction;jenv-bw2-dm:CommercialMember;jenv-bw2-dm:SeparateMember;;;;;;;jenv-bw2-dm:SharePremiumMember
BEivAgiAgiIva;Mutatie in het eigen vermogen als gevolg van de intrekking van aandelen;rj-cp-i_EquitySharesWithdrawal;jenv-bw2-dm:CommercialMember;jenv-bw2-dm:SeparateMember;;;;;;;jenv-bw2-dm:SharePremiumMember
BEivAgiAgiIve;Mutatie in het eigen vermogen als gevolg van de inkoop van eigen aandelen;rj-cp-i_EquityTreasurySharesPurchase;jenv-bw2-dm:CommercialMember;jenv-bw2-dm:SeparateMember;;;;;;;jenv-bw2-dm:SharePremiumMember
BEivAgiAgiOve;Mutatie in het eigen vermogen als gevolg van overboekingen;rj-cp-i_EquityTransfers;jenv-bw2-dm:CommercialMember;jenv-bw2-dm:SeparateMember;;;;;;;jenv-bw2-dm:SharePremiumMember
BEivAgiAgiOvm;Mutatie in het eigen vermogen als gevolg van overige mutaties;rj-cp-i_EquityMovementOther;jenv-bw2-dm:CommercialMember;jenv-bw2-dm:SeparateMember;;;;;;;jenv-bw2-dm:SharePremiumMember
BEivAgiAgiRaf;Rechtstreekse mutatie in het eigen vermogen als gevolg van afstotingen;rj-cp-i_EquityDirectlyBusinessDivestitures;jenv-bw2-dm:CommercialMember;jenv-bw2-dm:SeparateMember;;;;;;;jenv-bw2-dm:SharePremiumMember
BEivAgiAgiRfh;Rechtstreekse mutatie in het eigen vermogen als gevolg van foutherstel;rj-cp-i_EquityDirectlyMaterialErrors;jenv-bw2-dm:CommercialMember;jenv-bw2-dm:SeparateMember;;;;;;;jenv-bw2-dm:SharePremiumMember
BEivAgiAgiRov;Rechtstreekse mutatie in het eigen vermogen als gevolg van overnames;rj-cp-i_EquityDirectlyBusinessAcquisitions;jenv-bw2-dm:CommercialMember;jenv-bw2-dm:SeparateMember;;;;;;;jenv-bw2-dm:SharePremiumMember
BEivAgiAgiSta;Mutatie in het eigen vermogen als gevolg van stortingen door aandeelhouders;rj-cp-i_EquityContributionsShareholders;jenv-bw2-dm:CommercialMember;jenv-bw2-dm:SeparateMember;;;;;;;jenv-bw2-dm:SharePremiumMember
BEivAgiAgiVve;Mutatie in het eigen vermogen als gevolg van de verkoop van eigen aandelen;rj-cp-i_EquityTreasurySharesSale;jenv-bw2-dm:CommercialMember;jenv-bw2-dm:SeparateMember;;;;;;;jenv-bw2-dm:SharePremiumMember
BEivAvd*;Aandeel van derden in groepsmaatschappijen;jenv-bw2-i_NoncontrollingInterest;jenv-bw2-dm:CommercialMember;jenv-bw2-dm:ConsolidatedMember
BEivFij*;Financiële instrumenten die op basis van de economische realiteit als vreemd vermogen zouden worden verantwoord maar op basis van de juridische vorm als eigen vermogen worden verantwoord;rj-i_FinancialInstrumentsLegalFormClassifiedAsEquity;jenv-bw2-dm:CommercialMember;jenv-bw2-dm:SeparateMember
BEivFij*;Eigen vermogen;jenv-bw2-i_Equity;jenv-bw2-dm:CommercialMember;jenv-bw2-dm:SeparateMember;;;;;;;rj-dm:FinancialInstrumentsLegalFormClassifiedAsEquityMember
BEivFijFijBeg;Aangepaste eigen vermogen na herrekening;rj-i_AdjustedEquityAfterRecalculation;jenv-bw2-dm:CommercialMember;jenv-bw2-dm:SeparateMember;;;;;;;rj-dm:FinancialInstrumentsLegalFormClassifiedAsEquityMember
BEivFijFijOve;Mutatie in het eigen vermogen als gevolg van overboekingen;rj-cp-i_EquityTransfers;jenv-bw2-dm:CommercialMember;jenv-bw2-dm:SeparateMember;;;;;;;rj-dm:FinancialInstrumentsLegalFormClassifiedAsEquityMember
BEivFijFijOvm;Mutatie in het eigen vermogen als gevolg van overige mutaties;rj-cp-i_EquityMovementOther;jenv-bw2-dm:CommercialMember;jenv-bw2-dm:SeparateMember;;;;;;;rj-dm:FinancialInstrumentsLegalFormClassifiedAsEquityMember
BEivGok*;Gestort en opgevraagd aandelenkapitaal;jenv-bw2-i_ShareCapitalPaidCalledUp;jenv-bw2-dm:CommercialMember;jenv-bw2-dm:SeparateMember
BEivGok*;Eigen vermogen;jenv-bw2-i_Equity;jenv-bw2-dm:CommercialMember;jenv-bw2-dm:SeparateMember;;;;;;;jenv-bw2-dm:ShareCapitalPaidCalledUpMember
BEivGok???Beg;Aangepaste eigen vermogen na herrekening;rj-i_AdjustedEquityAfterRecalculation;jenv-bw2-dm:CommercialMember;jenv-bw2-dm:SeparateMember;;;;;;;jenv-bw2-dm:ShareCapitalPaidCalledUpMember
BEivGok???Emk;Emissiekosten;rj-i_EmissionCostsEquity;jenv-bw2-dm:CommercialMember;jenv-bw2-dm:SeparateMember;;;;;;;jenv-bw2-dm:ShareCapitalPaidCalledUpMember
BEivGok???Ink;Mutatie in het eigen vermogen als gevolg van de inkoop van eigen aandelen;rj-cp-i_EquityTreasurySharesPurchase;jenv-bw2-dm:CommercialMember;jenv-bw2-dm:SeparateMember;;;;;;;jenv-bw2-dm:ShareCapitalPaidCalledUpMember
BEivGok???Int;Mutatie in het eigen vermogen als gevolg van de intrekking van aandelen;rj-cp-i_EquitySharesWithdrawal;jenv-bw2-dm:CommercialMember;jenv-bw2-dm:SeparateMember;;;;;;;jenv-bw2-dm:ShareCapitalPaidCalledUpMember
BEivGok???Ove;Mutatie in het eigen vermogen als gevolg van overboekingen;rj-cp-i_EquityTransfers;jenv-bw2-dm:CommercialMember;jenv-bw2-dm:SeparateMember;;;;;;;jenv-bw2-dm:ShareCapitalPaidCalledUpMember
BEivGok???Ovm;Mutatie in het eigen vermogen als gevolg van overige mutaties;rj-cp-i_EquityMovementOther;jenv-bw2-dm:CommercialMember;jenv-bw2-dm:SeparateMember;;;;;;;jenv-bw2-dm:ShareCapitalPaidCalledUpMember
BEivGok???Uit;Mutatie in het eigen vermogen als gevolg van de uitgifte van aandelen;rj-cp-i_EquityShareIssue;jenv-bw2-dm:CommercialMember;jenv-bw2-dm:SeparateMember;;;;;;;jenv-bw2-dm:ShareCapitalPaidCalledUpMember
BEivGok???Vrk;Mutatie in het eigen vermogen als gevolg van de verkoop van eigen aandelen;rj-cp-i_EquityTreasurySharesSale;jenv-bw2-dm:CommercialMember;jenv-bw2-dm:SeparateMember;;;;;;;jenv-bw2-dm:ShareCapitalPaidCalledUpMember
BEivHer*;Herwaarderingsreserves;jenv-bw2-i_RevaluationReserve;jenv-bw2-dm:CommercialMember;jenv-bw2-dm:SeparateMember
BEivHer*;Eigen vermogen;jenv-bw2-i_Equity;jenv-bw2-dm:CommercialMember;jenv-bw2-dm:SeparateMember;;;;;;;jenv-bw2-dm:RevaluationReserveMember
BEivHer*;Herwaarderingsreserves;jenv-bw2-i_RevaluationReserve;jenv-bw2-dm:CommercialMember;jenv-bw2-dm:SeparateMember;;;;;;;;jenv-bw2-dm:RevaluationReserveMember
BEivHer*;Herwaarderingsreserves;jenv-bw2-i_RevaluationReserve;jenv-bw2-dm:CommercialMember;jenv-bw2-dm:SeparateMember;;;;;;;;rj-dm:HedgedMember
BEivHerHewBrh;Mutatie in herwaarderingsreserve als gevolg van belastingeffecten op gerealiseerde herwaarderingen;rj-i_RevaluationReserveRealisedRevaluationsTaxImpact;jenv-bw2-dm:CommercialMember;jenv-bw2-dm:SeparateMember;;;;;;;;jenv-bw2-dm:RevaluationReserveMember
BEivHerHewBrh;Mutatie in herwaarderingsreserve als gevolg van belastingeffecten op gerealiseerde herwaarderingen;rj-i_RevaluationReserveRealisedRevaluationsTaxImpact;jenv-bw2-dm:CommercialMember;jenv-bw2-dm:SeparateMember;;;;;;;;rj-dm:HedgedMember
BEivHerHewBvh;Belastingeffecten op gevormde herwaarderingen opgenomen in de herwaarderingsreserve;jenv-bw2-i_RevaluationReserveRevaluationsTaxImpact;jenv-bw2-dm:CommercialMember;jenv-bw2-dm:SeparateMember;;;;;;;;jenv-bw2-dm:RevaluationReserveMember
BEivHerHewBvh;Belastingeffecten op gevormde herwaarderingen opgenomen in de herwaarderingsreserve;jenv-bw2-i_RevaluationReserveRevaluationsTaxImpact;jenv-bw2-dm:CommercialMember;jenv-bw2-dm:SeparateMember;;;;;;;;rj-dm:HedgedMember
BEivHerHewBvs;Mutatie in herwaarderingsreserve als gevolg van belastingeffect van stelselwijzigingen;rj-i_RevaluationReserveChangeAccountingPoliciesTaxImpact;jenv-bw2-dm:CommercialMember;jenv-bw2-dm:SeparateMember;;;;;;;;jenv-bw2-dm:RevaluationReserveMember
BEivHerHewBvs;Mutatie in herwaarderingsreserve als gevolg van belastingeffect van stelselwijzigingen;rj-i_RevaluationReserveChangeAccountingPoliciesTaxImpact;jenv-bw2-dm:CommercialMember;jenv-bw2-dm:SeparateMember;;;;;;;;rj-dm:HedgedMember
BEivHerHewGha;Mutatie in herwaarderingsreserve als gevolg van gerealiseerde herwaarderingen via afgedekte activa of passiva;rj-i_RevaluationReserveRealisedRevaluationsThroughHedgedAssetsLiabilities;jenv-bw2-dm:CommercialMember;jenv-bw2-dm:SeparateMember;;;;;;;;jenv-bw2-dm:RevaluationReserveMember
BEivHerHewGha;Mutatie in herwaarderingsreserve als gevolg van gerealiseerde herwaarderingen via afgedekte activa of passiva;rj-i_RevaluationReserveRealisedRevaluationsThroughHedgedAssetsLiabilities;jenv-bw2-dm:CommercialMember;jenv-bw2-dm:SeparateMember;;;;;;;;rj-dm:HedgedMember
BEivHerHewGhr;Mutatie in herwaarderingsreserve als gevolg van gerealiseerde herwaarderingen via overige reserves;rj-i_RevaluationReserveRealisedRevaluationsThroughOtherReserves;jenv-bw2-dm:CommercialMember;jenv-bw2-dm:SeparateMember;;;;;;;;jenv-bw2-dm:RevaluationReserveMember
BEivHerHewGhr;Mutatie in herwaarderingsreserve als gevolg van gerealiseerde herwaarderingen via overige reserves;rj-i_RevaluationReserveRealisedRevaluationsThroughOtherReserves;jenv-bw2-dm:CommercialMember;jenv-bw2-dm:SeparateMember;;;;;;;;rj-dm:HedgedMember
BEivHerHewGva;Mutatie in herwaarderingsreserve als gevolg van gevormde herwaarderingen via afgedekte activa of passiva;rj-i_RevaluationReserveRevaluationsThroughHedgedAssetsLiabilities;jenv-bw2-dm:CommercialMember;jenv-bw2-dm:SeparateMember;;;;;;;;jenv-bw2-dm:RevaluationReserveMember
BEivHerHewGva;Mutatie in herwaarderingsreserve als gevolg van gevormde herwaarderingen via afgedekte activa of passiva;rj-i_RevaluationReserveRevaluationsThroughHedgedAssetsLiabilities;jenv-bw2-dm:CommercialMember;jenv-bw2-dm:SeparateMember;;;;;;;;rj-dm:HedgedMember
BEivHerHewGvr;Mutatie in herwaarderingsreserve als gevolg van gevormde herwaarderingen via overige reserves;rj-i_RevaluationReserveRevaluationsThroughOtherReserves;jenv-bw2-dm:CommercialMember;jenv-bw2-dm:SeparateMember;;;;;;;;jenv-bw2-dm:RevaluationReserveMember
BEivHerHewGvr;Mutatie in herwaarderingsreserve als gevolg van gevormde herwaarderingen via overige reserves;rj-i_RevaluationReserveRevaluationsThroughOtherReserves;jenv-bw2-dm:CommercialMember;jenv-bw2-dm:SeparateMember;;;;;;;;rj-dm:HedgedMember
BEivHerHewGvw;Mutatie in herwaarderingsreserve als gevolg van gevormde herwaarderingen via winst-en-verliesrekening;rj-i_RevaluationReserveRevaluationsThroughIncomeStatement;jenv-bw2-dm:CommercialMember;jenv-bw2-dm:SeparateMember;;;;;;;;jenv-bw2-dm:RevaluationReserveMember
BEivHerHewGvw;Mutatie in herwaarderingsreserve als gevolg van gevormde herwaarderingen via winst-en-verliesrekening;rj-i_RevaluationReserveRevaluationsThroughIncomeStatement;jenv-bw2-dm:CommercialMember;jenv-bw2-dm:SeparateMember;;;;;;;;rj-dm:HedgedMember
BEivHerHewOve;Mutatie in het eigen vermogen als gevolg van overboekingen;rj-cp-i_EquityTransfers;jenv-bw2-dm:CommercialMember;jenv-bw2-dm:SeparateMember;;;;;;;jenv-bw2-dm:RevaluationReserveMember
BEivHerHewOvm;Mutatie in het eigen vermogen als gevolg van overige mutaties;rj-cp-i_EquityMovementOther;jenv-bw2-dm:CommercialMember;jenv-bw2-dm:SeparateMember;;;;;;;jenv-bw2-dm:RevaluationReserveMember
BEivOreOvw*;Niet verdeelde winsten;jenv-bw2-i_RetainedEarnings;jenv-bw2-dm:CommercialMember;jenv-bw2-dm:SeparateMember
BEivOreOvw*;Eigen vermogen;jenv-bw2-i_Equity;jenv-bw2-dm:CommercialMember;jenv-bw2-dm:SeparateMember;;;;;;;jenv-bw2-dm:RetainedEarningsMember
BEivOreOvwAll;Mutatie in het eigen vermogen als gevolg van bestemming van het nettoresultaat;rj-cp-i_EquityResultAllocation;jenv-bw2-dm:CommercialMember;jenv-bw2-dm:SeparateMember;;;;;;;jenv-bw2-dm:RetainedEarningsMember
BEivOreOvwDiv;Mutatie in het eigen vermogen als gevolg van dividenduitkeringen;rj-cp-i_EquityDividendDistribution;jenv-bw2-dm:CommercialMember;jenv-bw2-dm:SeparateMember;;;;;;;jenv-bw2-dm:RetainedEarningsMember
BEivOreOvwHer;Mutatie in het eigen vermogen als gevolg van herwaarderingen;rj-cp-i_EquityRevaluations;jenv-bw2-dm:CommercialMember;jenv-bw2-dm:SeparateMember;;;;;;;jenv-bw2-dm:RetainedEarningsMember
BEivOreOvwOve;Mutatie in het eigen vermogen als gevolg van overboekingen;rj-cp-i_EquityTransfers;jenv-bw2-dm:CommercialMember;jenv-bw2-dm:SeparateMember;;;;;;;jenv-bw2-dm:RetainedEarningsMember
BEivOreOvwOvm;Mutatie in het eigen vermogen als gevolg van overige mutaties;rj-cp-i_EquityMovementOther;jenv-bw2-dm:CommercialMember;jenv-bw2-dm:SeparateMember;;;;;;;jenv-bw2-dm:RetainedEarningsMember
BEivOreOvwRma;Rechtstreekse mutatie in het eigen vermogen als gevolg van afstotingen;rj-cp-i_EquityDirectlyBusinessDivestitures;jenv-bw2-dm:CommercialMember;jenv-bw2-dm:SeparateMember;;;;;;;jenv-bw2-dm:RetainedEarningsMember
BEivOreOvwRmd;Rechtstreekse mutatie in het eigen vermogen als gevolg van financiële instrumenten;rj-i_EquityDirectlyFinancialInstruments;jenv-bw2-dm:CommercialMember;jenv-bw2-dm:SeparateMember;;;;;;;jenv-bw2-dm:RetainedEarningsMember
BEivOreOvwRmf;Rechtstreekse mutatie in het eigen vermogen als gevolg van foutherstel;rj-cp-i_EquityDirectlyMaterialErrors;jenv-bw2-dm:CommercialMember;jenv-bw2-dm:SeparateMember;;;;;;;jenv-bw2-dm:RetainedEarningsMember
BEivOreOvwRmg;Rechtstreekse mutatie in het eigen vermogen als gevolg van goodwill;rj-cp-i_EquityDirectlyGoodwill;jenv-bw2-dm:CommercialMember;jenv-bw2-dm:SeparateMember;;;;;;;jenv-bw2-dm:RetainedEarningsMember
BEivOreOvwRmo;Rechtstreekse mutatie in het eigen vermogen als gevolg van overnames;rj-cp-i_EquityDirectlyBusinessAcquisitions;jenv-bw2-dm:CommercialMember;jenv-bw2-dm:SeparateMember;;;;;;;jenv-bw2-dm:RetainedEarningsMember
BEivOreOvwRmt;Rechtstreekse mutatie in het eigen vermogen als gevolg van terugneming van bijzondere waardeverminderingen;rj-cp-i_EquityDirectlyImpairmentReversal;jenv-bw2-dm:CommercialMember;jenv-bw2-dm:SeparateMember;;;;;;;jenv-bw2-dm:RetainedEarningsMember
BEivOreOvwRmv;Rechtstreekse mutatie in het eigen vermogen als gevolg van omrekeningsverschillen;rj-cp-i_EquityDirectlyExchangeDifferences;jenv-bw2-dm:CommercialMember;jenv-bw2-dm:SeparateMember;;;;;;;jenv-bw2-dm:RetainedEarningsMember
BEivOreOvwRmw;Rechtstreekse mutatie in het eigen vermogen als gevolg van bijzondere waardeverminderingen;rj-cp-i_EquityDirectlyImpairment;jenv-bw2-dm:CommercialMember;jenv-bw2-dm:SeparateMember;;;;;;;jenv-bw2-dm:RetainedEarningsMember
BEivOreRvh*;Resultaat na belastingen van het boekjaar;jenv-bw2-i_ResultForTheYear;jenv-bw2-dm:CommercialMember;jenv-bw2-dm:SeparateMember
BEivOreRvh*;Eigen vermogen;jenv-bw2-i_Equity;jenv-bw2-dm:CommercialMember;jenv-bw2-dm:SeparateMember;;;;;;;jenv-bw2-dm:ResultForTheYearMember
BEivOreRvhAll;Mutatie in het eigen vermogen als gevolg van bestemming van het nettoresultaat;rj-cp-i_EquityResultAllocation;jenv-bw2-dm:CommercialMember;jenv-bw2-dm:SeparateMember;;;;;;;jenv-bw2-dm:ResultForTheYearMember
BEivOreRvhDiv;Mutatie in het eigen vermogen als gevolg van dividenduitkeringen;rj-cp-i_EquityDividendDistribution;jenv-bw2-dm:CommercialMember;jenv-bw2-dm:SeparateMember;;;;;;;jenv-bw2-dm:ResultForTheYearMember
BEivOreRvhHer;Mutatie in het eigen vermogen als gevolg van herwaarderingen;rj-cp-i_EquityRevaluations;jenv-bw2-dm:CommercialMember;jenv-bw2-dm:SeparateMember;;;;;;;jenv-bw2-dm:ResultForTheYearMember
BEivOreRvhOve;Mutatie in het eigen vermogen als gevolg van overboekingen;rj-cp-i_EquityTransfers;jenv-bw2-dm:CommercialMember;jenv-bw2-dm:SeparateMember;;;;;;;jenv-bw2-dm:ResultForTheYearMember
BEivOreRvhOvm;Mutatie in het eigen vermogen als gevolg van overige mutaties;rj-cp-i_EquityMovementOther;jenv-bw2-dm:CommercialMember;jenv-bw2-dm:SeparateMember;;;;;;;jenv-bw2-dm:ResultForTheYearMember
BEivOreRvhRma;Rechtstreekse mutatie in het eigen vermogen als gevolg van afstotingen;rj-cp-i_EquityDirectlyBusinessDivestitures;jenv-bw2-dm:CommercialMember;jenv-bw2-dm:SeparateMember;;;;;;;jenv-bw2-dm:ResultForTheYearMember
BEivOreRvhRmd;Rechtstreekse mutatie in het eigen vermogen als gevolg van financiële instrumenten;rj-i_EquityDirectlyFinancialInstruments;jenv-bw2-dm:CommercialMember;jenv-bw2-dm:SeparateMember;;;;;;;jenv-bw2-dm:ResultForTheYearMember
BEivOreRvhRmf;Rechtstreekse mutatie in het eigen vermogen als gevolg van foutherstel;rj-cp-i_EquityDirectlyMaterialErrors;jenv-bw2-dm:CommercialMember;jenv-bw2-dm:SeparateMember;;;;;;;jenv-bw2-dm:ResultForTheYearMember
BEivOreRvhRmg;Rechtstreekse mutatie in het eigen vermogen als gevolg van goodwill;rj-cp-i_EquityDirectlyGoodwill;jenv-bw2-dm:CommercialMember;jenv-bw2-dm:SeparateMember;;;;;;;jenv-bw2-dm:ResultForTheYearMember
BEivOreRvhRmo;Rechtstreekse mutatie in het eigen vermogen als gevolg van overnames;rj-cp-i_EquityDirectlyBusinessAcquisitions;jenv-bw2-dm:CommercialMember;jenv-bw2-dm:SeparateMember;;;;;;;jenv-bw2-dm:ResultForTheYearMember
BEivOreRvhRms;Rechtstreekse mutatie in het eigen vermogen als gevolg van stelselwijzigingen;rj-cp-i_EquityDirectlyChangeAccountingPolicies;jenv-bw2-dm:CommercialMember;jenv-bw2-dm:SeparateMember;;;;;;;jenv-bw2-dm:ResultForTheYearMember
BEivOreRvhRmt;Rechtstreekse mutatie in het eigen vermogen als gevolg van terugneming van bijzondere waardeverminderingen;rj-cp-i_EquityDirectlyImpairmentReversal;jenv-bw2-dm:CommercialMember;jenv-bw2-dm:SeparateMember;;;;;;;jenv-bw2-dm:ResultForTheYearMember
BEivOreRvhRmv;Rechtstreekse mutatie in het eigen vermogen als gevolg van omrekeningsverschillen;rj-cp-i_EquityDirectlyExchangeDifferences;jenv-bw2-dm:CommercialMember;jenv-bw2-dm:SeparateMember;;;;;;;jenv-bw2-dm:ResultForTheYearMember
BEivOreRvhRmw;Rechtstreekse mutatie in het eigen vermogen als gevolg van bijzondere waardeverminderingen;rj-cp-i_EquityDirectlyImpairment;jenv-bw2-dm:CommercialMember;jenv-bw2-dm:SeparateMember;;;;;;;jenv-bw2-dm:ResultForTheYearMember
BEivOreUpd*;Uit te keren preferent dividend die in mindering wordt gebracht op het resultaat na belastingen;rj-i_PreferredDividendDeductedFromResultForTheYear;jenv-bw2-dm:CommercialMember;jenv-bw2-dm:SeparateMember
BEivOreUpd*;Eigen vermogen;jenv-bw2-i_Equity;jenv-bw2-dm:CommercialMember;jenv-bw2-dm:SeparateMember;;;;;;;rj-dm:PreferredDividendDeductedFromResultForTheYearMember
BEivOreUpdAll;Mutatie in het eigen vermogen als gevolg van bestemming van het nettoresultaat;rj-cp-i_EquityResultAllocation;jenv-bw2-dm:CommercialMember;jenv-bw2-dm:SeparateMember;;;;;;;rj-dm:PreferredDividendDeductedFromResultForTheYearMember
BEivOreUpdBeg;Aangepaste eigen vermogen na herrekening;rj-i_AdjustedEquityAfterRecalculation;jenv-bw2-dm:CommercialMember;jenv-bw2-dm:SeparateMember;;;;;;;rj-dm:PreferredDividendDeductedFromResultForTheYearMember
BEivOreUpdDiv;Mutatie in het eigen vermogen als gevolg van dividenduitkeringen;rj-cp-i_EquityDividendDistribution;jenv-bw2-dm:CommercialMember;jenv-bw2-dm:SeparateMember;;;;;;;rj-dm:PreferredDividendDeductedFromResultForTheYearMember
BEivOreUpdOve;Mutatie in het eigen vermogen als gevolg van overboekingen;rj-cp-i_EquityTransfers;jenv-bw2-dm:CommercialMember;jenv-bw2-dm:SeparateMember;;;;;;;rj-dm:PreferredDividendDeductedFromResultForTheYearMember
BEivOreUpdOvm;Mutatie in het eigen vermogen als gevolg van overige mutaties;rj-cp-i_EquityMovementOther;jenv-bw2-dm:CommercialMember;jenv-bw2-dm:SeparateMember;;;;;;;rj-dm:PreferredDividendDeductedFromResultForTheYearMember
BEivOreVde*;Voorgestelde bedrag aan dividenduitkeringen aan houders van eigenvermogensinstrumenten (geclassificeerd als eigen vermogen);rj-i_DividendPayableHoldersSharesRecordedAsEquity;jenv-bw2-dm:CommercialMember;jenv-bw2-dm:SeparateMember
BEivOreVde*;Eigen vermogen;jenv-bw2-i_Equity;jenv-bw2-dm:CommercialMember;jenv-bw2-dm:SeparateMember;;;;;;;rj-dm:DividendPayableHoldersSharesRecordedAsEquityMember
BEivOreVdeAll;Mutatie in het eigen vermogen als gevolg van bestemming van het nettoresultaat;rj-cp-i_EquityResultAllocation;jenv-bw2-dm:CommercialMember;jenv-bw2-dm:SeparateMember;;;;;;;rj-dm:DividendPayableHoldersSharesRecordedAsEquityMember
BEivOreVdeBeg;Aangepaste eigen vermogen na herrekening;rj-i_AdjustedEquityAfterRecalculation;jenv-bw2-dm:CommercialMember;jenv-bw2-dm:SeparateMember;;;;;;;rj-dm:DividendPayableHoldersSharesRecordedAsEquityMember
BEivOreVdeDiv;Mutatie in het eigen vermogen als gevolg van dividenduitkeringen;rj-cp-i_EquityDividendDistribution;jenv-bw2-dm:CommercialMember;jenv-bw2-dm:SeparateMember;;;;;;;rj-dm:DividendPayableHoldersSharesRecordedAsEquityMember
BEivOreVdeOve;Mutatie in het eigen vermogen als gevolg van overboekingen;rj-cp-i_EquityTransfers;jenv-bw2-dm:CommercialMember;jenv-bw2-dm:SeparateMember;;;;;;;rj-dm:DividendPayableHoldersSharesRecordedAsEquityMember
BEivOreVdeOvm;Mutatie in het eigen vermogen als gevolg van overige mutaties;rj-cp-i_EquityMovementOther;jenv-bw2-dm:CommercialMember;jenv-bw2-dm:SeparateMember;;;;;;;rj-dm:DividendPayableHoldersSharesRecordedAsEquityMember
BEivOvr*;Overige reserves;jenv-bw2-i_ReservesOther;jenv-bw2-dm:CommercialMember;jenv-bw2-dm:SeparateMember
BEivOvr*;Eigen vermogen;jenv-bw2-i_Equity;jenv-bw2-dm:CommercialMember;jenv-bw2-dm:SeparateMember;;;;;;;jenv-bw2-dm:ReservesOtherMember
BEivOvr???Avh;Mutatie in het eigen vermogen als gevolg van bestemming van het nettoresultaat;rj-cp-i_EquityResultAllocation;jenv-bw2-dm:CommercialMember;jenv-bw2-dm:SeparateMember;;;;;;;jenv-bw2-dm:ReservesOtherMember
BEivOvr???Avv;Mutatie in het eigen vermogen als gevolg van aanzuivering van verliezen;rj-cp-i_EquityLossReduction;jenv-bw2-dm:CommercialMember;jenv-bw2-dm:SeparateMember;;;;;;;jenv-bw2-dm:ReservesOtherMember
BEivOvr???Div;Mutatie in het eigen vermogen als gevolg van dividenduitkeringen;rj-cp-i_EquityDividendDistribution;jenv-bw2-dm:CommercialMember;jenv-bw2-dm:SeparateMember;;;;;;;jenv-bw2-dm:ReservesOtherMember
BEivOvr???Emk;Emissiekosten;rj-i_EmissionCostsEquity;jenv-bw2-dm:CommercialMember;jenv-bw2-dm:SeparateMember;;;;;;;jenv-bw2-dm:ReservesOtherMember
BEivOvr???Her;Mutatie in het eigen vermogen als gevolg van herwaarderingen;rj-cp-i_EquityRevaluations;jenv-bw2-dm:CommercialMember;jenv-bw2-dm:SeparateMember;;;;;;;jenv-bw2-dm:ReservesOtherMember
BEivOvr???Iva;Mutatie in het eigen vermogen als gevolg van de intrekking van aandelen;rj-cp-i_EquitySharesWithdrawal;jenv-bw2-dm:CommercialMember;jenv-bw2-dm:SeparateMember;;;;;;;jenv-bw2-dm:ReservesOtherMember
BEivOvr???Ive;Mutatie in het eigen vermogen als gevolg van de inkoop van eigen aandelen;rj-cp-i_EquityTreasurySharesPurchase;jenv-bw2-dm:CommercialMember;jenv-bw2-dm:SeparateMember;;;;;;;jenv-bw2-dm:ReservesOtherMember
BEivOvr???Ove;Mutatie in het eigen vermogen als gevolg van overboekingen;rj-cp-i_EquityTransfers;jenv-bw2-dm:CommercialMember;jenv-bw2-dm:SeparateMember;;;;;;;jenv-bw2-dm:ReservesOtherMember
BEivOvr???Ovm;Mutatie in het eigen vermogen als gevolg van overige mutaties;rj-cp-i_EquityMovementOther;jenv-bw2-dm:CommercialMember;jenv-bw2-dm:SeparateMember;;;;;;;jenv-bw2-dm:ReservesOtherMember
BEivOvr???Raf;Rechtstreekse mutatie in het eigen vermogen als gevolg van afstotingen;rj-cp-i_EquityDirectlyBusinessDivestitures;jenv-bw2-dm:CommercialMember;jenv-bw2-dm:SeparateMember;;;;;;;jenv-bw2-dm:ReservesOtherMember
BEivOvr???Rbw;Rechtstreekse mutatie in het eigen vermogen als gevolg van bijzondere waardeverminderingen;rj-cp-i_EquityDirectlyImpairment;jenv-bw2-dm:CommercialMember;jenv-bw2-dm:SeparateMember;;;;;;;jenv-bw2-dm:ReservesOtherMember
BEivOvr???Rfh;Rechtstreekse mutatie in het eigen vermogen als gevolg van foutherstel;rj-cp-i_EquityDirectlyMaterialErrors;jenv-bw2-dm:CommercialMember;jenv-bw2-dm:SeparateMember;;;;;;;jenv-bw2-dm:ReservesOtherMember
BEivOvr???Rfi;Rechtstreekse mutatie in het eigen vermogen als gevolg van financiële instrumenten;rj-i_EquityDirectlyFinancialInstruments;jenv-bw2-dm:CommercialMember;jenv-bw2-dm:SeparateMember;;;;;;;jenv-bw2-dm:ReservesOtherMember
BEivOvr???Rgo;Rechtstreekse mutatie in het eigen vermogen als gevolg van goodwill;rj-cp-i_EquityDirectlyGoodwill;jenv-bw2-dm:CommercialMember;jenv-bw2-dm:SeparateMember;;;;;;;jenv-bw2-dm:ReservesOtherMember
BEivOvr???Rom;Rechtstreekse mutatie in het eigen vermogen als gevolg van omrekeningsverschillen;rj-cp-i_EquityDirectlyExchangeDifferences;jenv-bw2-dm:CommercialMember;jenv-bw2-dm:SeparateMember;;;;;;;jenv-bw2-dm:ReservesOtherMember
BEivOvr???Rov;Rechtstreekse mutatie in het eigen vermogen als gevolg van overnames;rj-cp-i_EquityDirectlyBusinessAcquisitions;jenv-bw2-dm:CommercialMember;jenv-bw2-dm:SeparateMember;;;;;;;jenv-bw2-dm:ReservesOtherMember
BEivOvr???Rtw;Rechtstreekse mutatie in het eigen vermogen als gevolg van terugneming van bijzondere waardeverminderingen;rj-cp-i_EquityDirectlyImpairmentReversal;jenv-bw2-dm:CommercialMember;jenv-bw2-dm:SeparateMember;;;;;;;jenv-bw2-dm:ReservesOtherMember
BEivOvr???Sta;Mutatie in het eigen vermogen als gevolg van stortingen door aandeelhouders;rj-cp-i_EquityContributionsShareholders;jenv-bw2-dm:CommercialMember;jenv-bw2-dm:SeparateMember;;;;;;;jenv-bw2-dm:ReservesOtherMember
BEivOvr???Uia;Mutatie in het eigen vermogen als gevolg van uitgeoefende aandelen(optie)regelingen;rj-cp-i_EquityShareBasedArrangementsExercised;jenv-bw2-dm:CommercialMember;jenv-bw2-dm:SeparateMember;;;;;;;jenv-bw2-dm:ReservesOtherMember
BEivOvr???Uva;Mutatie in het eigen vermogen als gevolg van de uitgifte van aandelen;rj-cp-i_EquityShareIssue;jenv-bw2-dm:CommercialMember;jenv-bw2-dm:SeparateMember;;;;;;;jenv-bw2-dm:ReservesOtherMember
BEivOvr???Var;Mutatie in het eigen vermogen als gevolg van verleende aandelen(optie) regelingen;rj-cp-i_EquityShareBasedArrangementsGranted;jenv-bw2-dm:CommercialMember;jenv-bw2-dm:SeparateMember;;;;;;;jenv-bw2-dm:ReservesOtherMember
BEivOvr???Vve;Mutatie in het eigen vermogen als gevolg van de verkoop van eigen aandelen;rj-cp-i_EquityTreasurySharesSale;jenv-bw2-dm:CommercialMember;jenv-bw2-dm:SeparateMember;;;;;;;jenv-bw2-dm:ReservesOtherMember
BEivStr*;Statutaire reserves;jenv-bw2-i_StatutoryReserves;jenv-bw2-dm:CommercialMember;jenv-bw2-dm:SeparateMember
BEivStr*;Eigen vermogen;jenv-bw2-i_Equity;jenv-bw2-dm:CommercialMember;jenv-bw2-dm:SeparateMember;;;;;;;jenv-bw2-dm:StatutoryReservesMember
BEivStrStrAvh;Mutatie in het eigen vermogen als gevolg van bestemming van het nettoresultaat;rj-cp-i_EquityResultAllocation;jenv-bw2-dm:CommercialMember;jenv-bw2-dm:SeparateMember;;;;;;;jenv-bw2-dm:StatutoryReservesMember
BEivStrStrAvv;Mutatie in het eigen vermogen als gevolg van aanzuivering van verliezen;rj-cp-i_EquityLossReduction;jenv-bw2-dm:CommercialMember;jenv-bw2-dm:SeparateMember;;;;;;;jenv-bw2-dm:StatutoryReservesMember
BEivStrStrDiv;Mutatie in het eigen vermogen als gevolg van dividenduitkeringen;rj-cp-i_EquityDividendDistribution;jenv-bw2-dm:CommercialMember;jenv-bw2-dm:SeparateMember;;;;;;;jenv-bw2-dm:StatutoryReservesMember
BEivStrStrOve;Mutatie in het eigen vermogen als gevolg van overboekingen;rj-cp-i_EquityTransfers;jenv-bw2-dm:CommercialMember;jenv-bw2-dm:SeparateMember;;;;;;;jenv-bw2-dm:StatutoryReservesMember
BEivStrStrOvm;Mutatie in het eigen vermogen als gevolg van overige mutaties;rj-cp-i_EquityMovementOther;jenv-bw2-dm:CommercialMember;jenv-bw2-dm:SeparateMember;;;;;;;jenv-bw2-dm:StatutoryReservesMember
BEivStrStrRfh;Rechtstreekse mutatie in het eigen vermogen als gevolg van foutherstel;rj-cp-i_EquityDirectlyMaterialErrors;jenv-bw2-dm:CommercialMember;jenv-bw2-dm:SeparateMember;;;;;;;jenv-bw2-dm:StatutoryReservesMember
BEivWer*;Andere wettelijke reserves;jenv-bw2-i_LegalReserves;jenv-bw2-dm:CommercialMember;jenv-bw2-dm:SeparateMember
BEivWer*;Eigen vermogen;jenv-bw2-i_Equity;jenv-bw2-dm:CommercialMember;jenv-bw2-dm:SeparateMember;;;;;;;jenv-bw2-dm:LegalReservesMember
BEivWer???Avh;Mutatie in het eigen vermogen als gevolg van bestemming van het nettoresultaat;rj-cp-i_EquityResultAllocation;jenv-bw2-dm:CommercialMember;jenv-bw2-dm:SeparateMember;;;;;;;jenv-bw2-dm:LegalReservesMember
BEivWer???Avv;Mutatie in het eigen vermogen als gevolg van aanzuivering van verliezen;rj-cp-i_EquityLossReduction;jenv-bw2-dm:CommercialMember;jenv-bw2-dm:SeparateMember;;;;;;;jenv-bw2-dm:LegalReservesMember
BEivWer???Div;Mutatie in het eigen vermogen als gevolg van dividenduitkeringen;rj-cp-i_EquityDividendDistribution;jenv-bw2-dm:CommercialMember;jenv-bw2-dm:SeparateMember;;;;;;;jenv-bw2-dm:LegalReservesMember
BEivWer???Her;Mutatie in het eigen vermogen als gevolg van herwaarderingen;rj-cp-i_EquityRevaluations;jenv-bw2-dm:CommercialMember;jenv-bw2-dm:SeparateMember;;;;;;;jenv-bw2-dm:LegalReservesMember
BEivWer???Iva;Mutatie in het eigen vermogen als gevolg van de intrekking van aandelen;rj-cp-i_EquitySharesWithdrawal;jenv-bw2-dm:CommercialMember;jenv-bw2-dm:SeparateMember;;;;;;;jenv-bw2-dm:LegalReservesMember
BEivWer???Ive;Mutatie in het eigen vermogen als gevolg van de inkoop van eigen aandelen;rj-cp-i_EquityTreasurySharesPurchase;jenv-bw2-dm:CommercialMember;jenv-bw2-dm:SeparateMember;;;;;;;jenv-bw2-dm:LegalReservesMember
BEivWer???Ove;Mutatie in het eigen vermogen als gevolg van overboekingen;rj-cp-i_EquityTransfers;jenv-bw2-dm:CommercialMember;jenv-bw2-dm:SeparateMember;;;;;;;jenv-bw2-dm:LegalReservesMember
BEivWer???Raf;Rechtstreekse mutatie in het eigen vermogen als gevolg van afstotingen;rj-cp-i_EquityDirectlyBusinessDivestitures;jenv-bw2-dm:CommercialMember;jenv-bw2-dm:SeparateMember;;;;;;;jenv-bw2-dm:LegalReservesMember
BEivWer???Rbw;Rechtstreekse mutatie in het eigen vermogen als gevolg van bijzondere waardeverminderingen;rj-cp-i_EquityDirectlyImpairment;jenv-bw2-dm:CommercialMember;jenv-bw2-dm:SeparateMember;;;;;;;jenv-bw2-dm:LegalReservesMember
BEivWer???Rfh;Rechtstreekse mutatie in het eigen vermogen als gevolg van foutherstel;rj-cp-i_EquityDirectlyMaterialErrors;jenv-bw2-dm:CommercialMember;jenv-bw2-dm:SeparateMember;;;;;;;jenv-bw2-dm:LegalReservesMember
BEivWer???Rfi;Rechtstreekse mutatie in het eigen vermogen als gevolg van financiële instrumenten;rj-i_EquityDirectlyFinancialInstruments;jenv-bw2-dm:CommercialMember;jenv-bw2-dm:SeparateMember;;;;;;;jenv-bw2-dm:LegalReservesMember
BEivWer???Rom;Rechtstreekse mutatie in het eigen vermogen als gevolg van omrekeningsverschillen;rj-cp-i_EquityDirectlyExchangeDifferences;jenv-bw2-dm:CommercialMember;jenv-bw2-dm:SeparateMember;;;;;;;jenv-bw2-dm:LegalReservesMember
BEivWer???Rov;Rechtstreekse mutatie in het eigen vermogen als gevolg van overnames;rj-cp-i_EquityDirectlyBusinessAcquisitions;jenv-bw2-dm:CommercialMember;jenv-bw2-dm:SeparateMember;;;;;;;jenv-bw2-dm:LegalReservesMember
BEivWer???Rsw;Rechtstreekse mutatie in het eigen vermogen als gevolg van stelselwijzigingen;rj-cp-i_EquityDirectlyChangeAccountingPolicies;jenv-bw2-dm:CommercialMember;jenv-bw2-dm:SeparateMember;;;;;;;jenv-bw2-dm:LegalReservesMember
BEivWer???Rtw;Rechtstreekse mutatie in het eigen vermogen als gevolg van terugneming van bijzondere waardeverminderingen;rj-cp-i_EquityDirectlyImpairmentReversal;jenv-bw2-dm:CommercialMember;jenv-bw2-dm:SeparateMember;;;;;;;jenv-bw2-dm:LegalReservesMember
BEivWer???Sta;Mutatie in het eigen vermogen als gevolg van stortingen door aandeelhouders;rj-cp-i_EquityContributionsShareholders;jenv-bw2-dm:CommercialMember;jenv-bw2-dm:SeparateMember;;;;;;;jenv-bw2-dm:LegalReservesMember
BEivWer???Uia;Mutatie in het eigen vermogen als gevolg van uitgeoefende aandelen(optie)regelingen;rj-cp-i_EquityShareBasedArrangementsExercised;jenv-bw2-dm:CommercialMember;jenv-bw2-dm:SeparateMember;;;;;;;jenv-bw2-dm:LegalReservesMember
BEivWer???Uva;Mutatie in het eigen vermogen als gevolg van de uitgifte van aandelen;rj-cp-i_EquityShareIssue;jenv-bw2-dm:CommercialMember;jenv-bw2-dm:SeparateMember;;;;;;;jenv-bw2-dm:LegalReservesMember
BEivWer???Var;Mutatie in het eigen vermogen als gevolg van verleende aandelen(optie) regelingen;rj-cp-i_EquityShareBasedArrangementsGranted;jenv-bw2-dm:CommercialMember;jenv-bw2-dm:SeparateMember;;;;;;;jenv-bw2-dm:LegalReservesMember
BEivWer???Vve;Mutatie in het eigen vermogen als gevolg van de verkoop van eigen aandelen;rj-cp-i_EquityTreasurySharesSale;jenv-bw2-dm:CommercialMember;jenv-bw2-dm:SeparateMember;;;;;;;jenv-bw2-dm:LegalReservesMember
BEivWerKoe*;Reserve omrekeningsverschillen;jenv-bw2-i_ForeignCurrencyTranslationReserve;jenv-bw2-dm:CommercialMember;jenv-bw2-dm:SeparateMember
BEivWerNba*;Negatieve bijschrijvingsreserve als gevolg van de omrekening van het aandelenkapitaal van een naamloze vennootschap naar de euro;jenv-bw2-i_LegalReserveNegativeTranslationShareCapitalIntoEuros;jenv-bw2-dm:CommercialMember;jenv-bw2-dm:SeparateMember
BEivWerRed*;Wettelijke reserve deelnemingen;jenv-bw2-i_LegalReserveParticipatingInterests;jenv-bw2-dm:CommercialMember;jenv-bw2-dm:SeparateMember
BEivWerRgk*;Wettelijke reserve voor geactiveerde kosten van ontwikkeling;jenv-bw2-i_LegalReserveDevelopment;jenv-bw2-dm:CommercialMember;jenv-bw2-dm:SeparateMember
BEivWerRla*;Niet-uitkeerbare reserve als gevolg van de omrekening van het aandelenkapitaal van een naamloze vennootschap naar de euro;jenv-bw2-i_LegalReserveTranslationShareCapitalIntoEuros;jenv-bw2-dm:CommercialMember;jenv-bw2-dm:SeparateMember
BEivWerRvg*;Wettelijke reserve voor kosten die verband houden met de oprichting en met de uitgifte van aandelen;jenv-bw2-i_LegalReserveCostsIncorporationShareIssue;jenv-bw2-dm:CommercialMember;jenv-bw2-dm:SeparateMember
BEivWerRvi*;Reserve voor inbreng op aandelen anders dan in geld;jenv-bw2-i_LegalReserveContributionInKind;jenv-bw2-dm:CommercialMember;jenv-bw2-dm:SeparateMember
BEivWerRvl*;Niet-uitkeerbare reserve voor verstrekte lening ter verkrijging door anderen van aandelen in het kapitaal van de vennootschap of van certificaten daarvan;jenv-bw2-i_LegalReserveLoansProvidedObtainTreasuryShares;jenv-bw2-dm:CommercialMember;jenv-bw2-dm:SeparateMember
BEivWerRvo*;Wettelijke reserve omrekeningsverschillen voor omrekening van het geïnvesteerde vermogen en het resultaat van deelnemingen;jenv-bw2-i_ReserveTranslationDifferencesConversionInvestedAssetsResultParticipatingInterests;jenv-bw2-dm:CommercialMember;jenv-bw2-dm:SeparateMember
BFva*;Financiële vaste activa;jenv-bw2-i_FinancialAssets;jenv-bw2-dm:CommercialMember;jenv-bw2-dm:ConsolidatedMember
BFva*;Financiële vaste activa;jenv-bw2-i_FinancialAssets;jenv-bw2-dm:CommercialMember;jenv-bw2-dm:SeparateMember
BFva???Cuh*;Som der herwaarderingen die betrekking hebben op de financiële vaste activa;jenv-bw2-i_FinancialAssetsAccumulatedRevaluations;jenv-bw2-dm:CommercialMember;jenv-bw2-dm:ConsolidatedMember
BFva???Cuh*;Som der herwaarderingen die betrekking hebben op de financiële vaste activa;jenv-bw2-i_FinancialAssetsAccumulatedRevaluations;jenv-bw2-dm:CommercialMember;jenv-bw2-dm:SeparateMember
BFvaAnd*;Andere deelnemingen;jenv-bw2-i_InvestmentsInParticipatingInterestsOther;jenv-bw2-dm:CommercialMember;jenv-bw2-dm:ConsolidatedMember
BFvaAnd*;Andere deelnemingen;jenv-bw2-i_InvestmentsInParticipatingInterestsOther;jenv-bw2-dm:CommercialMember;jenv-bw2-dm:SeparateMember
BFvaDio*;Deelnemingen in overige verbonden maatschappijen;jenv-bw2-i_InvestmentsOtherAffiliatedCompanies;jenv-bw2-dm:CommercialMember;jenv-bw2-dm:ConsolidatedMember
BFvaDio*;Deelnemingen in overige verbonden maatschappijen;jenv-bw2-i_InvestmentsOtherAffiliatedCompanies;jenv-bw2-dm:CommercialMember;jenv-bw2-dm:SeparateMember
BFvaLbv*;Langlopende latente belastingvorderingen;rj-i_DeferredTaxAssetsNoncurrent;jenv-bw2-dm:CommercialMember;jenv-bw2-dm:ConsolidatedMember
BFvaLbv*;Langlopende latente belastingvorderingen;rj-i_DeferredTaxAssetsNoncurrent;jenv-bw2-dm:CommercialMember;jenv-bw2-dm:SeparateMember
BFvaVog*;Langlopende vorderingen op groepsmaatschappijen;jenv-bw2-i_ReceivablesGroupCompaniesNoncurrent;jenv-bw2-dm:CommercialMember;jenv-bw2-dm:ConsolidatedMember
BFvaVog*;Langlopende vorderingen op groepsmaatschappijen;jenv-bw2-i_ReceivablesGroupCompaniesNoncurrent;jenv-bw2-dm:CommercialMember;jenv-bw2-dm:SeparateMember
BFvaVop*;Langlopende vorderingen op andere rechtspersonen en vennootschappen die een deelneming hebben in de rechtspersoon of waarin de rechtspersoon een deelneming heeft;jenv-bw2-i_ReceivablesShareholdersParticipatingInterestsNoncurrent;jenv-bw2-dm:CommercialMember;jenv-bw2-dm:ConsolidatedMember
BFvaVop*;Langlopende vorderingen op andere rechtspersonen en vennootschappen die een deelneming hebben in de rechtspersoon of waarin de rechtspersoon een deelneming heeft;jenv-bw2-i_ReceivablesShareholdersParticipatingInterestsNoncurrent;jenv-bw2-dm:CommercialMember;jenv-bw2-dm:SeparateMember
BFvaVov*;Langlopende vorderingen op overige verbonden maatschappijen;jenv-bw2-i_ReceivablesOtherAffiliatedCompaniesNoncurrent;jenv-bw2-dm:CommercialMember;jenv-bw2-dm:ConsolidatedMember
BFvaVov*;Langlopende vorderingen op overige verbonden maatschappijen;jenv-bw2-i_ReceivablesOtherAffiliatedCompaniesNoncurrent;jenv-bw2-dm:CommercialMember;jenv-bw2-dm:SeparateMember
BIva*;Immateriële vaste activa;jenv-bw2-i_IntangibleAssets;jenv-bw2-dm:CommercialMember;jenv-bw2-dm:ConsolidatedMember
BIva*;Immateriële vaste activa;jenv-bw2-i_IntangibleAssets;jenv-bw2-dm:CommercialMember;jenv-bw2-dm:SeparateMember
BIva???Cuh*;Som der herwaarderingen die betrekking hebben op de immateriële vaste activa;jenv-bw2-i_IntangibleAssetsAccumulatedRevaluations;jenv-bw2-dm:CommercialMember;jenv-bw2-dm:SeparateMember;;;;;;jenv-bw2-dm:IntangibleAssetsMember
BIva???Cuh*;Som der herwaarderingen die betrekking hebben op de immateriële vaste activa;jenv-bw2-i_IntangibleAssetsAccumulatedRevaluations;jenv-bw2-dm:CommercialMember;jenv-bw2-dm:ConsolidatedMember;;;;;;jenv-bw2-dm:IntangibleAssetsMember
BIvaGoo*;Kosten van goodwill die van derden is verkregen;jenv-bw2-i_Goodwill;jenv-bw2-dm:CommercialMember;jenv-bw2-dm:ConsolidatedMember
BIvaGoo*;Kosten van goodwill die van derden is verkregen;jenv-bw2-i_Goodwill;jenv-bw2-dm:CommercialMember;jenv-bw2-dm:SeparateMember
BIvaGooCuh*;Som der herwaarderingen die betrekking hebben op de immateriële vaste activa;jenv-bw2-i_IntangibleAssetsAccumulatedRevaluations;jenv-bw2-dm:CommercialMember;jenv-bw2-dm:SeparateMember;;;;;;jenv-bw2-dm:GoodwillMember
BIvaGooCuh*;Som der herwaarderingen die betrekking hebben op de immateriële vaste activa;jenv-bw2-i_IntangibleAssetsAccumulatedRevaluations;jenv-bw2-dm:CommercialMember;jenv-bw2-dm:ConsolidatedMember;;;;;;jenv-bw2-dm:GoodwillMember
BIvaKou*;Kosten die verband houden met de oprichting en met de uitgifte van aandelen;jenv-bw2-i_CostsIncorporationShareIssue;jenv-bw2-dm:CommercialMember;jenv-bw2-dm:ConsolidatedMember
BIvaKou*;Kosten die verband houden met de oprichting en met de uitgifte van aandelen;jenv-bw2-i_CostsIncorporationShareIssue;jenv-bw2-dm:CommercialMember;jenv-bw2-dm:SeparateMember
BIvaKouCuh*;Som der herwaarderingen die betrekking hebben op de immateriële vaste activa;jenv-bw2-i_IntangibleAssetsAccumulatedRevaluations;jenv-bw2-dm:CommercialMember;jenv-bw2-dm:SeparateMember;;;;;;jenv-bw2-dm:CostsIncorporationShareIssueMember
BIvaKouCuh*;Som der herwaarderingen die betrekking hebben op de immateriële vaste activa;jenv-bw2-i_IntangibleAssetsAccumulatedRevaluations;jenv-bw2-dm:CommercialMember;jenv-bw2-dm:ConsolidatedMember;;;;;;jenv-bw2-dm:CostsIncorporationShareIssueMember
BLas*;Langlopende schulden;jenv-bw2-i_LiabilitiesNoncurrent;jenv-bw2-dm:CommercialMember;jenv-bw2-dm:ConsolidatedMember
BLas*;Langlopende schulden;jenv-bw2-i_LiabilitiesNoncurrent;jenv-bw2-dm:CommercialMember;jenv-bw2-dm:ConsolidatedMember;;;;jenv-bw2-dm:LiabilitiesNoncurrentMember
BLas*;Langlopende schulden;jenv-bw2-i_LiabilitiesNoncurrent;jenv-bw2-dm:CommercialMember;jenv-bw2-dm:SeparateMember
BLas*;Langlopende schulden;jenv-bw2-i_LiabilitiesNoncurrent;jenv-bw2-dm:CommercialMember;jenv-bw2-dm:SeparateMember;;;;jenv-bw2-dm:LiabilitiesNoncurrentMember
BLas??????Avp;Overboeking naar kortlopende schulden;rj-cp-i_LiabilitiesNoncurrentTransferToLiabilitiesCurrent;jenv-bw2-dm:CommercialMember;jenv-bw2-dm:ConsolidatedMember;;;;jenv-bw2-dm:LiabilitiesNoncurrentMember
BLas??????Avp;Overboeking naar kortlopende schulden;rj-cp-i_LiabilitiesNoncurrentTransferToLiabilitiesCurrent;jenv-bw2-dm:CommercialMember;jenv-bw2-dm:SeparateMember;;;;jenv-bw2-dm:LiabilitiesNoncurrentMember
BLas??????Bet;Betalingen;rj-cp-i_LiabilitiesNoncurrentPayments;jenv-bw2-dm:CommercialMember;jenv-bw2-dm:ConsolidatedMember;;;;jenv-bw2-dm:LiabilitiesNoncurrentMember
BLas??????Bet;Betalingen;rj-cp-i_LiabilitiesNoncurrentPayments;jenv-bw2-dm:CommercialMember;jenv-bw2-dm:SeparateMember;;;;jenv-bw2-dm:LiabilitiesNoncurrentMember
BLas??????Bir;Oprenting/amortisatie van langlopende schulden;rj-i_LiabilitiesNoncurrentImpositionAmortization;jenv-bw2-dm:CommercialMember;jenv-bw2-dm:ConsolidatedMember;;;;jenv-bw2-dm:LiabilitiesNoncurrentMember
BLas??????Bir;Oprenting/amortisatie van langlopende schulden;rj-i_LiabilitiesNoncurrentImpositionAmortization;jenv-bw2-dm:CommercialMember;jenv-bw2-dm:SeparateMember;;;;jenv-bw2-dm:LiabilitiesNoncurrentMember
BLas??????Ovs;Bij overname verkregen langlopende schulden;rj-i_LiabilitiesNoncurrentDebtsAcquiredOnTakeover;jenv-bw2-dm:CommercialMember;jenv-bw2-dm:ConsolidatedMember;;;;jenv-bw2-dm:LiabilitiesNoncurrentMember
BLas??????Ovs;Bij overname verkregen langlopende schulden;rj-i_LiabilitiesNoncurrentDebtsAcquiredOnTakeover;jenv-bw2-dm:CommercialMember;jenv-bw2-dm:SeparateMember;;;;jenv-bw2-dm:LiabilitiesNoncurrentMember
BLas??????Sto;Stortingen / ontvangsten;rj-cp-i_LiabilitiesNoncurrentReceiptsDeposits;jenv-bw2-dm:CommercialMember;jenv-bw2-dm:ConsolidatedMember;;;;jenv-bw2-dm:LiabilitiesNoncurrentMember
BLas??????Sto;Stortingen / ontvangsten;rj-cp-i_LiabilitiesNoncurrentReceiptsDeposits;jenv-bw2-dm:CommercialMember;jenv-bw2-dm:SeparateMember;;;;jenv-bw2-dm:LiabilitiesNoncurrentMember
BLasCol*;Langlopende converteerbare leningen;jenv-bw2-i_ConvertibleBorrowingsNoncurrent;jenv-bw2-dm:CommercialMember;jenv-bw2-dm:ConsolidatedMember
BLasCol*;Langlopende schulden;jenv-bw2-i_LiabilitiesNoncurrent;jenv-bw2-dm:CommercialMember;jenv-bw2-dm:ConsolidatedMember;;;;jenv-bw2-dm:ConvertibleBorrowingsNoncurrentMember
BLasCol*;Langlopende converteerbare leningen;jenv-bw2-i_ConvertibleBorrowingsNoncurrent;jenv-bw2-dm:CommercialMember;jenv-bw2-dm:SeparateMember
BLasCol*;Langlopende schulden;jenv-bw2-i_LiabilitiesNoncurrent;jenv-bw2-dm:CommercialMember;jenv-bw2-dm:SeparateMember;;;;jenv-bw2-dm:ConvertibleBorrowingsNoncurrentMember
BLasColClaAfl;Aflossingen van langlopende schulden;rj-i_LiabilitiesNoncurrentRepayments;jenv-bw2-dm:CommercialMember;jenv-bw2-dm:ConsolidatedMember;;;;jenv-bw2-dm:ConvertibleBorrowingsNoncurrentMember
BLasColClaAfl;Aflossingen van langlopende schulden;rj-i_LiabilitiesNoncurrentRepayments;jenv-bw2-dm:CommercialMember;jenv-bw2-dm:SeparateMember;;;;jenv-bw2-dm:ConvertibleBorrowingsNoncurrentMember
BLasColClaAvp;Overboeking naar kortlopende schulden;rj-cp-i_LiabilitiesNoncurrentTransferToLiabilitiesCurrent;jenv-bw2-dm:CommercialMember;jenv-bw2-dm:ConsolidatedMember;;;;jenv-bw2-dm:ConvertibleBorrowingsNoncurrentMember
BLasColClaAvp;Overboeking naar kortlopende schulden;rj-cp-i_LiabilitiesNoncurrentTransferToLiabilitiesCurrent;jenv-bw2-dm:CommercialMember;jenv-bw2-dm:SeparateMember;;;;jenv-bw2-dm:ConvertibleBorrowingsNoncurrentMember
BLasColCllAvs;Bij afstoting vervreemde langlopende schulden;rj-i_LiabilitiesNoncurrentDebtsDisposedOnDisposal;jenv-bw2-dm:CommercialMember;jenv-bw2-dm:ConsolidatedMember;;;;jenv-bw2-dm:ConvertibleBorrowingsNoncurrentMember
BLasColCllAvs;Bij afstoting vervreemde langlopende schulden;rj-i_LiabilitiesNoncurrentDebtsDisposedOnDisposal;jenv-bw2-dm:CommercialMember;jenv-bw2-dm:SeparateMember;;;;jenv-bw2-dm:ConvertibleBorrowingsNoncurrentMember
BLasColCllBir;Oprenting/amortisatie van langlopende schulden;rj-i_LiabilitiesNoncurrentImpositionAmortization;jenv-bw2-dm:CommercialMember;jenv-bw2-dm:ConsolidatedMember;;;;jenv-bw2-dm:ConvertibleBorrowingsNoncurrentMember
BLasColCllBir;Oprenting/amortisatie van langlopende schulden;rj-i_LiabilitiesNoncurrentImpositionAmortization;jenv-bw2-dm:CommercialMember;jenv-bw2-dm:SeparateMember;;;;jenv-bw2-dm:ConvertibleBorrowingsNoncurrentMember
BLasColCllOmv;Verschillen uit omrekening vreemde valuta van langlopende schulden;rj-i_LiabilitiesNoncurrentExchangeRateChanges;jenv-bw2-dm:CommercialMember;jenv-bw2-dm:ConsolidatedMember;;;;jenv-bw2-dm:ConvertibleBorrowingsNoncurrentMember
BLasColCllOmv;Verschillen uit omrekening vreemde valuta van langlopende schulden;rj-i_LiabilitiesNoncurrentExchangeRateChanges;jenv-bw2-dm:CommercialMember;jenv-bw2-dm:SeparateMember;;;;jenv-bw2-dm:ConvertibleBorrowingsNoncurrentMember
BLasColCllOvs;Bij overname verkregen langlopende schulden;rj-i_LiabilitiesNoncurrentDebtsAcquiredOnTakeover;jenv-bw2-dm:CommercialMember;jenv-bw2-dm:ConsolidatedMember;;;;jenv-bw2-dm:ConvertibleBorrowingsNoncurrentMember
BLasColCllOvs;Bij overname verkregen langlopende schulden;rj-i_LiabilitiesNoncurrentDebtsAcquiredOnTakeover;jenv-bw2-dm:CommercialMember;jenv-bw2-dm:SeparateMember;;;;jenv-bw2-dm:ConvertibleBorrowingsNoncurrentMember
BLasColCllToe;Nieuwe financiering van langlopende schulden;rj-i_LiabilitiesNoncurrentNewFinancing;jenv-bw2-dm:CommercialMember;jenv-bw2-dm:ConsolidatedMember;;;;jenv-bw2-dm:ConvertibleBorrowingsNoncurrentMember
BLasColCllToe;Nieuwe financiering van langlopende schulden;rj-i_LiabilitiesNoncurrentNewFinancing;jenv-bw2-dm:CommercialMember;jenv-bw2-dm:SeparateMember;;;;jenv-bw2-dm:ConvertibleBorrowingsNoncurrentMember
BLasNeg*;Negatieve goodwill;rj-i_NegativeGoodwill;jenv-bw2-dm:CommercialMember;jenv-bw2-dm:ConsolidatedMember
BLasNeg*;Langlopende schulden;jenv-bw2-i_LiabilitiesNoncurrent;jenv-bw2-dm:CommercialMember;jenv-bw2-dm:ConsolidatedMember;;;;rj-dm:NegativeGoodwillMember
BLasNeg*;Tussentelling langlopende schulden;rj-cp-i_SubtotalLiabilitiesNoncurrent;jenv-bw2-dm:CommercialMember;jenv-bw2-dm:ConsolidatedMember;;;;rj-dm:NegativeGoodwillMember
BLasNeg*;Negatieve goodwill;rj-i_NegativeGoodwill;jenv-bw2-dm:CommercialMember;jenv-bw2-dm:ConsolidatedMember;;;;;rj-dm:NegativeGoodwillMember
BLasNeg*;Negatieve goodwill;rj-i_NegativeGoodwill;jenv-bw2-dm:CommercialMember;jenv-bw2-dm:SeparateMember
BLasNeg*;Langlopende schulden;jenv-bw2-i_LiabilitiesNoncurrent;jenv-bw2-dm:CommercialMember;jenv-bw2-dm:SeparateMember;;;;rj-dm:NegativeGoodwillMember
BLasNeg*;Negatieve goodwill;rj-i_NegativeGoodwill;jenv-bw2-dm:CommercialMember;jenv-bw2-dm:SeparateMember;;;;;rj-dm:NegativeGoodwillMember
BLasNegBrw*;Bruto waarde van negatieve goodwill;rj-i_NegativeGoodwillGross;jenv-bw2-dm:CommercialMember;jenv-bw2-dm:ConsolidatedMember;;;;;rj-dm:NegativeGoodwillMember
BLasNegBrw*;Bruto waarde van negatieve goodwill;rj-i_NegativeGoodwillGross;jenv-bw2-dm:CommercialMember;jenv-bw2-dm:SeparateMember;;;;;rj-dm:NegativeGoodwillMember
BLasNegBrwAag;Aanpassingen van de negatieve goodwill als gevolg van later geïdentificeerde activa en passiva en veranderingen in de waarde ervan;rj-i_NegativeGoodwillAdjustmentsLaterIdentifiedAssetsLiabilities;jenv-bw2-dm:CommercialMember;jenv-bw2-dm:ConsolidatedMember;;;;;rj-dm:NegativeGoodwillMember
BLasNegBrwAag;Aanpassingen van de negatieve goodwill als gevolg van later geïdentificeerde activa en passiva en veranderingen in de waarde ervan;rj-i_NegativeGoodwillAdjustmentsLaterIdentifiedAssetsLiabilities;jenv-bw2-dm:CommercialMember;jenv-bw2-dm:SeparateMember;;;;;rj-dm:NegativeGoodwillMember
BLasNegBrwAao;Nieuwe financiering van langlopende schulden;rj-i_LiabilitiesNoncurrentNewFinancing;jenv-bw2-dm:CommercialMember;jenv-bw2-dm:ConsolidatedMember;;;;rj-dm:NegativeGoodwillMember
BLasNegBrwAao;Aanvullend opgenomen negatieve goodwill;rj-i_NegativeGoodwillAdditions;jenv-bw2-dm:CommercialMember;jenv-bw2-dm:ConsolidatedMember;;;;;rj-dm:NegativeGoodwillMember
BLasNegBrwAao;Nieuwe financiering van langlopende schulden;rj-i_LiabilitiesNoncurrentNewFinancing;jenv-bw2-dm:CommercialMember;jenv-bw2-dm:SeparateMember;;;;rj-dm:NegativeGoodwillMember
BLasNegBrwAao;Aanvullend opgenomen negatieve goodwill;rj-i_NegativeGoodwillAdditions;jenv-bw2-dm:CommercialMember;jenv-bw2-dm:SeparateMember;;;;;rj-dm:NegativeGoodwillMember
BLasNegBrwAga;Bij afstoting vervreemde langlopende schulden;rj-i_LiabilitiesNoncurrentDebtsDisposedOnDisposal;jenv-bw2-dm:CommercialMember;jenv-bw2-dm:ConsolidatedMember;;;;rj-dm:NegativeGoodwillMember
BLasNegBrwAga;Afboeking van negatieve goodwill als gevolg van afstotingen;rj-i_NegativeGoodwillWriteOffDueToDisposals;jenv-bw2-dm:CommercialMember;jenv-bw2-dm:ConsolidatedMember;;;;;rj-dm:NegativeGoodwillMember
BLasNegBrwAga;Bij afstoting vervreemde langlopende schulden;rj-i_LiabilitiesNoncurrentDebtsDisposedOnDisposal;jenv-bw2-dm:CommercialMember;jenv-bw2-dm:SeparateMember;;;;rj-dm:NegativeGoodwillMember
BLasNegBrwAga;Afboeking van negatieve goodwill als gevolg van afstotingen;rj-i_NegativeGoodwillWriteOffDueToDisposals;jenv-bw2-dm:CommercialMember;jenv-bw2-dm:SeparateMember;;;;;rj-dm:NegativeGoodwillMember
BLasNegBrwOvm;Overige wijzigingen in de boekwaarde van negatieve goodwill;rj-i_NegativeGoodwillMovementsOther;jenv-bw2-dm:CommercialMember;jenv-bw2-dm:ConsolidatedMember;;;;;rj-dm:NegativeGoodwillMember
BLasNegBrwOvm;Overige wijzigingen in de boekwaarde van negatieve goodwill;rj-i_NegativeGoodwillMovementsOther;jenv-bw2-dm:CommercialMember;jenv-bw2-dm:SeparateMember;;;;;rj-dm:NegativeGoodwillMember
BLasNegCbd*;Cumulatieve bedrag van negatieve goodwill die ten gunste van de winst-en-verliesrekening is gebracht;rj-i_NegativeGoodwillAccumulatedAmortisation;jenv-bw2-dm:CommercialMember;jenv-bw2-dm:ConsolidatedMember;;;;;rj-dm:NegativeGoodwillMember
BLasNegCbd*;Cumulatieve bedrag van negatieve goodwill die ten gunste van de winst-en-verliesrekening is gebracht;rj-i_NegativeGoodwillAccumulatedAmortisation;jenv-bw2-dm:CommercialMember;jenv-bw2-dm:SeparateMember;;;;;rj-dm:NegativeGoodwillMember
BLasNegCbdTgv;Ten gunste van de winst-en-verliesrekening gebrachte vrijgevallen negatieve goodwill dat betrekking heeft op verwachte toekomstige verliezen en lasten;rj-i_NegativeGoodwillReleaseIncomeStatement;jenv-bw2-dm:CommercialMember;jenv-bw2-dm:ConsolidatedMember;;;;;rj-dm:NegativeGoodwillMember
BLasNegCbdTgv;Ten gunste van de winst-en-verliesrekening gebrachte vrijgevallen negatieve goodwill dat betrekking heeft op verwachte toekomstige verliezen en lasten;rj-i_NegativeGoodwillReleaseIncomeStatement;jenv-bw2-dm:CommercialMember;jenv-bw2-dm:SeparateMember;;;;;rj-dm:NegativeGoodwillMember
BLasNegCbdVtg;Ten gunste van de winst-en-verliesrekening gebrachte vrijgevallen negatieve goodwill dat geen betrekking heeft op verwachte toekomstige verliezen en lasten;rj-i_NegativeGoodwillReleaseIncomeStatementNotFutureRelated;jenv-bw2-dm:CommercialMember;jenv-bw2-dm:ConsolidatedMember;;;;;rj-dm:NegativeGoodwillMember
BLasNegCbdVtg;Ten gunste van de winst-en-verliesrekening gebrachte vrijgevallen negatieve goodwill dat geen betrekking heeft op verwachte toekomstige verliezen en lasten;rj-i_NegativeGoodwillReleaseIncomeStatementNotFutureRelated;jenv-bw2-dm:CommercialMember;jenv-bw2-dm:SeparateMember;;;;;rj-dm:NegativeGoodwillMember
BLasOdv*;Oudedagsverplichting;rj-i_OldAgeObligation;jenv-bw2-dm:CommercialMember;jenv-bw2-dm:ConsolidatedMember
BLasOdv*;Langlopende schulden;jenv-bw2-i_LiabilitiesNoncurrent;jenv-bw2-dm:CommercialMember;jenv-bw2-dm:ConsolidatedMember;;;;rj-dm:OldAgeObligationMember
BLasOdv*;Oudedagsverplichting;rj-i_OldAgeObligation;jenv-bw2-dm:CommercialMember;jenv-bw2-dm:SeparateMember
BLasOdv*;Langlopende schulden;jenv-bw2-i_LiabilitiesNoncurrent;jenv-bw2-dm:CommercialMember;jenv-bw2-dm:SeparateMember;;;;rj-dm:OldAgeObligationMember
BLasOdvOdvAvp;Overboeking naar kortlopende schulden;rj-cp-i_LiabilitiesNoncurrentTransferToLiabilitiesCurrent;jenv-bw2-dm:CommercialMember;jenv-bw2-dm:ConsolidatedMember;;;;rj-dm:OldAgeObligationMember
BLasOdvOdvAvs;Aflossingen van langlopende schulden;rj-i_LiabilitiesNoncurrentRepayments;jenv-bw2-dm:CommercialMember;jenv-bw2-dm:ConsolidatedMember;;;;rj-dm:OldAgeObligationMember
BLasOdvOdvAvs;Aflossingen van langlopende schulden;rj-i_LiabilitiesNoncurrentRepayments;jenv-bw2-dm:CommercialMember;jenv-bw2-dm:SeparateMember;;;;rj-dm:OldAgeObligationMember
BLasOdvOdvBet;Betalingen;rj-cp-i_LiabilitiesNoncurrentPayments;jenv-bw2-dm:CommercialMember;jenv-bw2-dm:ConsolidatedMember;;;;rj-dm:OldAgeObligationMember
BLasOdvOdvBet;Betalingen;rj-cp-i_LiabilitiesNoncurrentPayments;jenv-bw2-dm:CommercialMember;jenv-bw2-dm:SeparateMember;;;;rj-dm:OldAgeObligationMember
BLasOdvOdvBir;Oprenting/amortisatie van langlopende schulden;rj-i_LiabilitiesNoncurrentImpositionAmortization;jenv-bw2-dm:CommercialMember;jenv-bw2-dm:ConsolidatedMember;;;;rj-dm:OldAgeObligationMember
BLasOdvOdvBir;Oprenting/amortisatie van langlopende schulden;rj-i_LiabilitiesNoncurrentImpositionAmortization;jenv-bw2-dm:CommercialMember;jenv-bw2-dm:SeparateMember;;;;rj-dm:OldAgeObligationMember
BLasOdvOdvOvm;Overige waardeveranderingen van langlopende schulden;rj-i_LiabilitiesNoncurrentMovementOther;jenv-bw2-dm:CommercialMember;jenv-bw2-dm:ConsolidatedMember;;;;rj-dm:OldAgeObligationMember
BLasOdvOdvOvm;Overige waardeveranderingen van langlopende schulden;rj-i_LiabilitiesNoncurrentMovementOther;jenv-bw2-dm:CommercialMember;jenv-bw2-dm:SeparateMember;;;;rj-dm:OldAgeObligationMember
BLasOdvOdvSto;Stortingen / ontvangsten;rj-cp-i_LiabilitiesNoncurrentReceiptsDeposits;jenv-bw2-dm:CommercialMember;jenv-bw2-dm:ConsolidatedMember;;;;rj-dm:OldAgeObligationMember
BLasOdvOdvSto;Stortingen / ontvangsten;rj-cp-i_LiabilitiesNoncurrentReceiptsDeposits;jenv-bw2-dm:CommercialMember;jenv-bw2-dm:SeparateMember;;;;rj-dm:OldAgeObligationMember
BLasOdvOdvToe;Nieuwe financiering van langlopende schulden;rj-i_LiabilitiesNoncurrentNewFinancing;jenv-bw2-dm:CommercialMember;jenv-bw2-dm:ConsolidatedMember;;;;rj-dm:OldAgeObligationMember
BLasOdvOdvToe;Nieuwe financiering van langlopende schulden;rj-i_LiabilitiesNoncurrentNewFinancing;jenv-bw2-dm:CommercialMember;jenv-bw2-dm:SeparateMember;;;;rj-dm:OldAgeObligationMember
BLasOvp*;Langlopende overlopende passiva;jenv-bw2-i_AccrualsAndDeferredIncomeNoncurrent;jenv-bw2-dm:CommercialMember;jenv-bw2-dm:ConsolidatedMember
BLasOvp*;Langlopende schulden;jenv-bw2-i_LiabilitiesNoncurrent;jenv-bw2-dm:CommercialMember;jenv-bw2-dm:ConsolidatedMember;;;;jenv-bw2-dm:AccrualsAndDeferredIncomeMember
BLasOvp*;Langlopende overlopende passiva;jenv-bw2-i_AccrualsAndDeferredIncomeNoncurrent;jenv-bw2-dm:CommercialMember;jenv-bw2-dm:SeparateMember
BLasOvp*;Langlopende schulden;jenv-bw2-i_LiabilitiesNoncurrent;jenv-bw2-dm:CommercialMember;jenv-bw2-dm:SeparateMember;;;;jenv-bw2-dm:AccrualsAndDeferredIncomeMember
BLasOvpOvaAfl;Aflossingen van langlopende schulden;rj-i_LiabilitiesNoncurrentRepayments;jenv-bw2-dm:CommercialMember;jenv-bw2-dm:ConsolidatedMember;;;;jenv-bw2-dm:AccrualsAndDeferredIncomeMember
BLasOvpOvaAfl;Aflossingen van langlopende schulden;rj-i_LiabilitiesNoncurrentRepayments;jenv-bw2-dm:CommercialMember;jenv-bw2-dm:SeparateMember;;;;jenv-bw2-dm:AccrualsAndDeferredIncomeMember
BLasOvpOvaAvp;Overboeking naar kortlopende schulden;rj-cp-i_LiabilitiesNoncurrentTransferToLiabilitiesCurrent;jenv-bw2-dm:CommercialMember;jenv-bw2-dm:ConsolidatedMember;;;;jenv-bw2-dm:AccrualsAndDeferredIncomeMember
BLasOvpOvaAvp;Overboeking naar kortlopende schulden;rj-cp-i_LiabilitiesNoncurrentTransferToLiabilitiesCurrent;jenv-bw2-dm:CommercialMember;jenv-bw2-dm:SeparateMember;;;;jenv-bw2-dm:AccrualsAndDeferredIncomeMember
BLasOvpOvpBet;Betalingen;rj-cp-i_LiabilitiesNoncurrentPayments;jenv-bw2-dm:CommercialMember;jenv-bw2-dm:ConsolidatedMember;;;;jenv-bw2-dm:AccrualsAndDeferredIncomeMember
BLasOvpOvpBet;Betalingen;rj-cp-i_LiabilitiesNoncurrentPayments;jenv-bw2-dm:CommercialMember;jenv-bw2-dm:SeparateMember;;;;jenv-bw2-dm:AccrualsAndDeferredIncomeMember
BLasOvpOvpOvm;Overige waardeveranderingen van langlopende schulden;rj-i_LiabilitiesNoncurrentMovementOther;jenv-bw2-dm:CommercialMember;jenv-bw2-dm:ConsolidatedMember;;;;jenv-bw2-dm:AccrualsAndDeferredIncomeMember
BLasOvpOvpOvm;Overige waardeveranderingen van langlopende schulden;rj-i_LiabilitiesNoncurrentMovementOther;jenv-bw2-dm:CommercialMember;jenv-bw2-dm:SeparateMember;;;;jenv-bw2-dm:AccrualsAndDeferredIncomeMember
BLasOvpOvpSto;Stortingen / ontvangsten;rj-cp-i_LiabilitiesNoncurrentReceiptsDeposits;jenv-bw2-dm:CommercialMember;jenv-bw2-dm:ConsolidatedMember;;;;jenv-bw2-dm:AccrualsAndDeferredIncomeMember
BLasOvpOvpSto;Stortingen / ontvangsten;rj-cp-i_LiabilitiesNoncurrentReceiptsDeposits;jenv-bw2-dm:CommercialMember;jenv-bw2-dm:SeparateMember;;;;jenv-bw2-dm:AccrualsAndDeferredIncomeMember
BLasOvpOvpToe;Nieuwe financiering van langlopende schulden;rj-i_LiabilitiesNoncurrentNewFinancing;jenv-bw2-dm:CommercialMember;jenv-bw2-dm:ConsolidatedMember;;;;jenv-bw2-dm:AccrualsAndDeferredIncomeMember
BLasOvpOvpToe;Nieuwe financiering van langlopende schulden;rj-i_LiabilitiesNoncurrentNewFinancing;jenv-bw2-dm:CommercialMember;jenv-bw2-dm:SeparateMember;;;;jenv-bw2-dm:AccrualsAndDeferredIncomeMember
BLasSag*;Langlopende schulden aan groepsmaatschappijen;jenv-bw2-i_PayablesGroupCompaniesNoncurrent;jenv-bw2-dm:CommercialMember;jenv-bw2-dm:ConsolidatedMember
BLasSag*;Langlopende schulden;jenv-bw2-i_LiabilitiesNoncurrent;jenv-bw2-dm:CommercialMember;jenv-bw2-dm:ConsolidatedMember;;;;jenv-bw2-dm:PayablesGroupCompaniesNoncurrentMember
BLasSag*;Langlopende schulden aan groepsmaatschappijen;jenv-bw2-i_PayablesGroupCompaniesNoncurrent;jenv-bw2-dm:CommercialMember;jenv-bw2-dm:SeparateMember
BLasSag*;Langlopende schulden;jenv-bw2-i_LiabilitiesNoncurrent;jenv-bw2-dm:CommercialMember;jenv-bw2-dm:SeparateMember;;;;jenv-bw2-dm:PayablesGroupCompaniesNoncurrentMember
BLasSagAflAvp;Overboeking naar kortlopende schulden;rj-cp-i_LiabilitiesNoncurrentTransferToLiabilitiesCurrent;jenv-bw2-dm:CommercialMember;jenv-bw2-dm:ConsolidatedMember;;;;jenv-bw2-dm:PayablesGroupCompaniesNoncurrentMember
BLasSagAflAvp;Overboeking naar kortlopende schulden;rj-cp-i_LiabilitiesNoncurrentTransferToLiabilitiesCurrent;jenv-bw2-dm:CommercialMember;jenv-bw2-dm:SeparateMember;;;;jenv-bw2-dm:PayablesGroupCompaniesNoncurrentMember
BLasSagHooAao;Nieuwe financiering van langlopende schulden;rj-i_LiabilitiesNoncurrentNewFinancing;jenv-bw2-dm:CommercialMember;jenv-bw2-dm:ConsolidatedMember;;;;jenv-bw2-dm:PayablesGroupCompaniesNoncurrentMember
BLasSagHooAao;Nieuwe financiering van langlopende schulden;rj-i_LiabilitiesNoncurrentNewFinancing;jenv-bw2-dm:CommercialMember;jenv-bw2-dm:SeparateMember;;;;jenv-bw2-dm:PayablesGroupCompaniesNoncurrentMember
BLasSagHooBet;Betalingen;rj-cp-i_LiabilitiesNoncurrentPayments;jenv-bw2-dm:CommercialMember;jenv-bw2-dm:ConsolidatedMember;;;;jenv-bw2-dm:PayablesGroupCompaniesNoncurrentMember
BLasSagHooBet;Betalingen;rj-cp-i_LiabilitiesNoncurrentPayments;jenv-bw2-dm:CommercialMember;jenv-bw2-dm:SeparateMember;;;;jenv-bw2-dm:PayablesGroupCompaniesNoncurrentMember
BLasSagHooBir;Oprenting/amortisatie van langlopende schulden;rj-i_LiabilitiesNoncurrentImpositionAmortization;jenv-bw2-dm:CommercialMember;jenv-bw2-dm:ConsolidatedMember;;;;jenv-bw2-dm:PayablesGroupCompaniesNoncurrentMember
BLasSagHooBir;Oprenting/amortisatie van langlopende schulden;rj-i_LiabilitiesNoncurrentImpositionAmortization;jenv-bw2-dm:CommercialMember;jenv-bw2-dm:SeparateMember;;;;jenv-bw2-dm:PayablesGroupCompaniesNoncurrentMember
BLasSagHooOmr;Verschillen uit omrekening vreemde valuta van langlopende schulden;rj-i_LiabilitiesNoncurrentExchangeRateChanges;jenv-bw2-dm:CommercialMember;jenv-bw2-dm:ConsolidatedMember;;;;jenv-bw2-dm:PayablesGroupCompaniesNoncurrentMember
BLasSagHooOmr;Verschillen uit omrekening vreemde valuta van langlopende schulden;rj-i_LiabilitiesNoncurrentExchangeRateChanges;jenv-bw2-dm:CommercialMember;jenv-bw2-dm:SeparateMember;;;;jenv-bw2-dm:PayablesGroupCompaniesNoncurrentMember
BLasSagHooOvm;Overige waardeveranderingen van langlopende schulden;rj-i_LiabilitiesNoncurrentMovementOther;jenv-bw2-dm:CommercialMember;jenv-bw2-dm:ConsolidatedMember;;;;jenv-bw2-dm:PayablesGroupCompaniesNoncurrentMember
BLasSagHooOvm;Overige waardeveranderingen van langlopende schulden;rj-i_LiabilitiesNoncurrentMovementOther;jenv-bw2-dm:CommercialMember;jenv-bw2-dm:SeparateMember;;;;jenv-bw2-dm:PayablesGroupCompaniesNoncurrentMember
BLasSagHooSto;Stortingen / ontvangsten;rj-cp-i_LiabilitiesNoncurrentReceiptsDeposits;jenv-bw2-dm:CommercialMember;jenv-bw2-dm:ConsolidatedMember;;;;jenv-bw2-dm:PayablesGroupCompaniesNoncurrentMember
BLasSagHooSto;Stortingen / ontvangsten;rj-cp-i_LiabilitiesNoncurrentReceiptsDeposits;jenv-bw2-dm:CommercialMember;jenv-bw2-dm:SeparateMember;;;;jenv-bw2-dm:PayablesGroupCompaniesNoncurrentMember
BLasSak*;Langlopende schulden aan banken;jenv-bw2-i_PayablesBanksNoncurrent;jenv-bw2-dm:CommercialMember;jenv-bw2-dm:ConsolidatedMember
BLasSak*;Langlopende schulden;jenv-bw2-i_LiabilitiesNoncurrent;jenv-bw2-dm:CommercialMember;jenv-bw2-dm:ConsolidatedMember;;;;jenv-bw2-dm:PayablesCreditInstitutionsNoncurrentMember
BLasSak*;Langlopende schulden aan banken;jenv-bw2-i_PayablesBanksNoncurrent;jenv-bw2-dm:CommercialMember;jenv-bw2-dm:SeparateMember
BLasSak*;Langlopende schulden;jenv-bw2-i_LiabilitiesNoncurrent;jenv-bw2-dm:CommercialMember;jenv-bw2-dm:SeparateMember;;;;jenv-bw2-dm:PayablesCreditInstitutionsNoncurrentMember
BLasSak???Avp;Overboeking naar kortlopende schulden;rj-cp-i_LiabilitiesNoncurrentTransferToLiabilitiesCurrent;jenv-bw2-dm:CommercialMember;jenv-bw2-dm:ConsolidatedMember;;;;jenv-bw2-dm:PayablesCreditInstitutionsNoncurrentMember
BLasSak???Avp;Overboeking naar kortlopende schulden;rj-cp-i_LiabilitiesNoncurrentTransferToLiabilitiesCurrent;jenv-bw2-dm:CommercialMember;jenv-bw2-dm:SeparateMember;;;;jenv-bw2-dm:PayablesCreditInstitutionsNoncurrentMember
BLasSak???Avs;Bij afstoting vervreemde langlopende schulden;rj-i_LiabilitiesNoncurrentDebtsDisposedOnDisposal;jenv-bw2-dm:CommercialMember;jenv-bw2-dm:ConsolidatedMember;;;;jenv-bw2-dm:PayablesCreditInstitutionsNoncurrentMember
BLasSak???Avs;Bij afstoting vervreemde langlopende schulden;rj-i_LiabilitiesNoncurrentDebtsDisposedOnDisposal;jenv-bw2-dm:CommercialMember;jenv-bw2-dm:SeparateMember;;;;jenv-bw2-dm:PayablesCreditInstitutionsNoncurrentMember
BLasSak???Bir;Oprenting/amortisatie van langlopende schulden;rj-i_LiabilitiesNoncurrentImpositionAmortization;jenv-bw2-dm:CommercialMember;jenv-bw2-dm:ConsolidatedMember;;;;jenv-bw2-dm:PayablesCreditInstitutionsNoncurrentMember
BLasSak???Bir;Oprenting/amortisatie van langlopende schulden;rj-i_LiabilitiesNoncurrentImpositionAmortization;jenv-bw2-dm:CommercialMember;jenv-bw2-dm:SeparateMember;;;;jenv-bw2-dm:PayablesCreditInstitutionsNoncurrentMember
BLasSak???Omv;Verschillen uit omrekening vreemde valuta van langlopende schulden;rj-i_LiabilitiesNoncurrentExchangeRateChanges;jenv-bw2-dm:CommercialMember;jenv-bw2-dm:ConsolidatedMember;;;;jenv-bw2-dm:PayablesCreditInstitutionsNoncurrentMember
BLasSak???Omv;Verschillen uit omrekening vreemde valuta van langlopende schulden;rj-i_LiabilitiesNoncurrentExchangeRateChanges;jenv-bw2-dm:CommercialMember;jenv-bw2-dm:SeparateMember;;;;jenv-bw2-dm:PayablesCreditInstitutionsNoncurrentMember
BLasSak???Ovs;Bij overname verkregen langlopende schulden;rj-i_LiabilitiesNoncurrentDebtsAcquiredOnTakeover;jenv-bw2-dm:CommercialMember;jenv-bw2-dm:ConsolidatedMember;;;;jenv-bw2-dm:PayablesCreditInstitutionsNoncurrentMember
BLasSak???Ovs;Bij overname verkregen langlopende schulden;rj-i_LiabilitiesNoncurrentDebtsAcquiredOnTakeover;jenv-bw2-dm:CommercialMember;jenv-bw2-dm:SeparateMember;;;;jenv-bw2-dm:PayablesCreditInstitutionsNoncurrentMember
BLasSak???Toe;Nieuwe financiering van langlopende schulden;rj-i_LiabilitiesNoncurrentNewFinancing;jenv-bw2-dm:CommercialMember;jenv-bw2-dm:ConsolidatedMember;;;;jenv-bw2-dm:PayablesCreditInstitutionsNoncurrentMember
BLasSak???Toe;Nieuwe financiering van langlopende schulden;rj-i_LiabilitiesNoncurrentNewFinancing;jenv-bw2-dm:CommercialMember;jenv-bw2-dm:SeparateMember;;;;jenv-bw2-dm:PayablesCreditInstitutionsNoncurrentMember
BLasSao*;Langlopende schulden aan overige verbonden maatschappijen;jenv-bw2-i_PayablesOtherAffiliatedCompaniesNoncurrent;jenv-bw2-dm:CommercialMember;jenv-bw2-dm:ConsolidatedMember
BLasSao*;Langlopende schulden;jenv-bw2-i_LiabilitiesNoncurrent;jenv-bw2-dm:CommercialMember;jenv-bw2-dm:ConsolidatedMember;;;;jenv-bw2-dm:PayablesOtherAffiliatedCompaniesNoncurrentMember
BLasSao*;Langlopende schulden aan overige verbonden maatschappijen;jenv-bw2-i_PayablesOtherAffiliatedCompaniesNoncurrent;jenv-bw2-dm:CommercialMember;jenv-bw2-dm:SeparateMember
BLasSao*;Langlopende schulden;jenv-bw2-i_LiabilitiesNoncurrent;jenv-bw2-dm:CommercialMember;jenv-bw2-dm:SeparateMember;;;;jenv-bw2-dm:PayablesOtherAffiliatedCompaniesNoncurrentMember
BLasSaoAflAvp;Overboeking naar kortlopende schulden;rj-cp-i_LiabilitiesNoncurrentTransferToLiabilitiesCurrent;jenv-bw2-dm:CommercialMember;jenv-bw2-dm:ConsolidatedMember;;;;jenv-bw2-dm:PayablesOtherAffiliatedCompaniesNoncurrentMember
BLasSaoAflAvp;Overboeking naar kortlopende schulden;rj-cp-i_LiabilitiesNoncurrentTransferToLiabilitiesCurrent;jenv-bw2-dm:CommercialMember;jenv-bw2-dm:SeparateMember;;;;jenv-bw2-dm:PayablesOtherAffiliatedCompaniesNoncurrentMember
BLasSaoHooAao;Nieuwe financiering van langlopende schulden;rj-i_LiabilitiesNoncurrentNewFinancing;jenv-bw2-dm:CommercialMember;jenv-bw2-dm:ConsolidatedMember;;;;jenv-bw2-dm:PayablesOtherAffiliatedCompaniesNoncurrentMember
BLasSaoHooAao;Nieuwe financiering van langlopende schulden;rj-i_LiabilitiesNoncurrentNewFinancing;jenv-bw2-dm:CommercialMember;jenv-bw2-dm:SeparateMember;;;;jenv-bw2-dm:PayablesOtherAffiliatedCompaniesNoncurrentMember
BLasSaoHooBet;Betalingen;rj-cp-i_LiabilitiesNoncurrentPayments;jenv-bw2-dm:CommercialMember;jenv-bw2-dm:ConsolidatedMember;;;;jenv-bw2-dm:PayablesOtherAffiliatedCompaniesNoncurrentMember
BLasSaoHooBet;Betalingen;rj-cp-i_LiabilitiesNoncurrentPayments;jenv-bw2-dm:CommercialMember;jenv-bw2-dm:SeparateMember;;;;jenv-bw2-dm:PayablesOtherAffiliatedCompaniesNoncurrentMember
BLasSaoHooBir;Oprenting/amortisatie van langlopende schulden;rj-i_LiabilitiesNoncurrentImpositionAmortization;jenv-bw2-dm:CommercialMember;jenv-bw2-dm:ConsolidatedMember;;;;jenv-bw2-dm:PayablesOtherAffiliatedCompaniesNoncurrentMember
BLasSaoHooBir;Oprenting/amortisatie van langlopende schulden;rj-i_LiabilitiesNoncurrentImpositionAmortization;jenv-bw2-dm:CommercialMember;jenv-bw2-dm:SeparateMember;;;;jenv-bw2-dm:PayablesOtherAffiliatedCompaniesNoncurrentMember
BLasSaoHooOmr;Verschillen uit omrekening vreemde valuta van langlopende schulden;rj-i_LiabilitiesNoncurrentExchangeRateChanges;jenv-bw2-dm:CommercialMember;jenv-bw2-dm:ConsolidatedMember;;;;jenv-bw2-dm:PayablesOtherAffiliatedCompaniesNoncurrentMember
BLasSaoHooOmr;Verschillen uit omrekening vreemde valuta van langlopende schulden;rj-i_LiabilitiesNoncurrentExchangeRateChanges;jenv-bw2-dm:CommercialMember;jenv-bw2-dm:SeparateMember;;;;jenv-bw2-dm:PayablesOtherAffiliatedCompaniesNoncurrentMember
BLasSaoHooOvm;Overige waardeveranderingen van langlopende schulden;rj-i_LiabilitiesNoncurrentMovementOther;jenv-bw2-dm:CommercialMember;jenv-bw2-dm:ConsolidatedMember;;;;jenv-bw2-dm:PayablesOtherAffiliatedCompaniesNoncurrentMember
BLasSaoHooOvm;Overige waardeveranderingen van langlopende schulden;rj-i_LiabilitiesNoncurrentMovementOther;jenv-bw2-dm:CommercialMember;jenv-bw2-dm:SeparateMember;;;;jenv-bw2-dm:PayablesOtherAffiliatedCompaniesNoncurrentMember
BLasSaoHooSto;Stortingen / ontvangsten;rj-cp-i_LiabilitiesNoncurrentReceiptsDeposits;jenv-bw2-dm:CommercialMember;jenv-bw2-dm:ConsolidatedMember;;;;jenv-bw2-dm:PayablesOtherAffiliatedCompaniesNoncurrentMember
BLasSaoHooSto;Stortingen / ontvangsten;rj-cp-i_LiabilitiesNoncurrentReceiptsDeposits;jenv-bw2-dm:CommercialMember;jenv-bw2-dm:SeparateMember;;;;jenv-bw2-dm:PayablesOtherAffiliatedCompaniesNoncurrentMember
BLasSap*;Langlopende schulden aan rechtspersonen en vennootschappen die een deelneming hebben in de rechtspersoon of waarin de rechtspersoon een deelneming heeft;jenv-bw2-i_PayablesShareholdersParticipatingInterestsNoncurrent;jenv-bw2-dm:CommercialMember;jenv-bw2-dm:ConsolidatedMember
BLasSap*;Langlopende schulden;jenv-bw2-i_LiabilitiesNoncurrent;jenv-bw2-dm:CommercialMember;jenv-bw2-dm:ConsolidatedMember;;;;jenv-bw2-dm:PayablesShareholdersParticipatingInterestsNoncurrentMember
BLasSap*;Langlopende schulden aan rechtspersonen en vennootschappen die een deelneming hebben in de rechtspersoon of waarin de rechtspersoon een deelneming heeft;jenv-bw2-i_PayablesShareholdersParticipatingInterestsNoncurrent;jenv-bw2-dm:CommercialMember;jenv-bw2-dm:SeparateMember
BLasSap*;Langlopende schulden;jenv-bw2-i_LiabilitiesNoncurrent;jenv-bw2-dm:CommercialMember;jenv-bw2-dm:SeparateMember;;;;jenv-bw2-dm:PayablesShareholdersParticipatingInterestsNoncurrentMember
BLasSapAflAvp;Overboeking naar kortlopende schulden;rj-cp-i_LiabilitiesNoncurrentTransferToLiabilitiesCurrent;jenv-bw2-dm:CommercialMember;jenv-bw2-dm:ConsolidatedMember;;;;jenv-bw2-dm:PayablesShareholdersParticipatingInterestsNoncurrentMember
BLasSapAflAvp;Overboeking naar kortlopende schulden;rj-cp-i_LiabilitiesNoncurrentTransferToLiabilitiesCurrent;jenv-bw2-dm:CommercialMember;jenv-bw2-dm:SeparateMember;;;;jenv-bw2-dm:PayablesShareholdersParticipatingInterestsNoncurrentMember
BLasSapHooAao;Nieuwe financiering van langlopende schulden;rj-i_LiabilitiesNoncurrentNewFinancing;jenv-bw2-dm:CommercialMember;jenv-bw2-dm:ConsolidatedMember;;;;jenv-bw2-dm:PayablesShareholdersParticipatingInterestsNoncurrentMember
BLasSapHooAao;Nieuwe financiering van langlopende schulden;rj-i_LiabilitiesNoncurrentNewFinancing;jenv-bw2-dm:CommercialMember;jenv-bw2-dm:SeparateMember;;;;jenv-bw2-dm:PayablesShareholdersParticipatingInterestsNoncurrentMember
BLasSapHooBet;Betalingen;rj-cp-i_LiabilitiesNoncurrentPayments;jenv-bw2-dm:CommercialMember;jenv-bw2-dm:ConsolidatedMember;;;;jenv-bw2-dm:PayablesShareholdersParticipatingInterestsNoncurrentMember
BLasSapHooBet;Betalingen;rj-cp-i_LiabilitiesNoncurrentPayments;jenv-bw2-dm:CommercialMember;jenv-bw2-dm:SeparateMember;;;;jenv-bw2-dm:PayablesShareholdersParticipatingInterestsNoncurrentMember
BLasSapHooBir;Oprenting/amortisatie van langlopende schulden;rj-i_LiabilitiesNoncurrentImpositionAmortization;jenv-bw2-dm:CommercialMember;jenv-bw2-dm:ConsolidatedMember;;;;jenv-bw2-dm:PayablesShareholdersParticipatingInterestsNoncurrentMember
BLasSapHooBir;Oprenting/amortisatie van langlopende schulden;rj-i_LiabilitiesNoncurrentImpositionAmortization;jenv-bw2-dm:CommercialMember;jenv-bw2-dm:SeparateMember;;;;jenv-bw2-dm:PayablesShareholdersParticipatingInterestsNoncurrentMember
BLasSapHooOmr;Verschillen uit omrekening vreemde valuta van langlopende schulden;rj-i_LiabilitiesNoncurrentExchangeRateChanges;jenv-bw2-dm:CommercialMember;jenv-bw2-dm:ConsolidatedMember;;;;jenv-bw2-dm:PayablesShareholdersParticipatingInterestsNoncurrentMember
BLasSapHooOmr;Verschillen uit omrekening vreemde valuta van langlopende schulden;rj-i_LiabilitiesNoncurrentExchangeRateChanges;jenv-bw2-dm:CommercialMember;jenv-bw2-dm:SeparateMember;;;;jenv-bw2-dm:PayablesShareholdersParticipatingInterestsNoncurrentMember
BLasSapHooOvm;Overige waardeveranderingen van langlopende schulden;rj-i_LiabilitiesNoncurrentMovementOther;jenv-bw2-dm:CommercialMember;jenv-bw2-dm:ConsolidatedMember;;;;jenv-bw2-dm:PayablesShareholdersParticipatingInterestsNoncurrentMember
BLasSapHooOvm;Overige waardeveranderingen van langlopende schulden;rj-i_LiabilitiesNoncurrentMovementOther;jenv-bw2-dm:CommercialMember;jenv-bw2-dm:SeparateMember;;;;jenv-bw2-dm:PayablesShareholdersParticipatingInterestsNoncurrentMember
BLasSapHooSto;Stortingen / ontvangsten;rj-cp-i_LiabilitiesNoncurrentReceiptsDeposits;jenv-bw2-dm:CommercialMember;jenv-bw2-dm:ConsolidatedMember;;;;jenv-bw2-dm:PayablesShareholdersParticipatingInterestsNoncurrentMember
BLasSapHooSto;Stortingen / ontvangsten;rj-cp-i_LiabilitiesNoncurrentReceiptsDeposits;jenv-bw2-dm:CommercialMember;jenv-bw2-dm:SeparateMember;;;;jenv-bw2-dm:PayablesShareholdersParticipatingInterestsNoncurrentMember
BLim*;Liquide middelen;jenv-bw2-i_CashAndCashEquivalents;jenv-bw2-dm:CommercialMember;jenv-bw2-dm:ConsolidatedMember
BLim*;Liquide middelen;jenv-bw2-i_CashAndCashEquivalents;jenv-bw2-dm:CommercialMember;jenv-bw2-dm:SeparateMember
BMva*;Materiële vaste activa;jenv-bw2-i_PropertyPlantEquipment;jenv-bw2-dm:CommercialMember;jenv-bw2-dm:ConsolidatedMember
BMva*;Materiële vaste activa;jenv-bw2-i_PropertyPlantEquipment;jenv-bw2-dm:CommercialMember;jenv-bw2-dm:SeparateMember
BMva???Cuh*;Som der herwaarderingen die betrekking hebben op de materiële vaste activa;jenv-bw2-i_PropertyPlantEquipmentAccumulatedRevaluations;jenv-bw2-dm:CommercialMember;jenv-bw2-dm:ConsolidatedMember;;;jenv-bw2-dm:PropertyPlantEquipmentMember
BMva???Cuh*;Som der herwaarderingen die betrekking hebben op de materiële vaste activa;jenv-bw2-i_PropertyPlantEquipmentAccumulatedRevaluations;jenv-bw2-dm:CommercialMember;jenv-bw2-dm:SeparateMember;;;jenv-bw2-dm:PropertyPlantEquipmentMember
BMvaMei*;Machines en installaties;jenv-bw2-i_Machinery;jenv-bw2-dm:CommercialMember;jenv-bw2-dm:ConsolidatedMember
BMvaMei*;Machines en installaties;jenv-bw2-i_Machinery;jenv-bw2-dm:CommercialMember;jenv-bw2-dm:SeparateMember
BMvaMeiCuh*;Som der herwaarderingen die betrekking hebben op de materiële vaste activa;jenv-bw2-i_PropertyPlantEquipmentAccumulatedRevaluations;jenv-bw2-dm:CommercialMember;jenv-bw2-dm:ConsolidatedMember;;;jenv-bw2-dm:MachineryMember
BMvaMeiCuh*;Som der herwaarderingen die betrekking hebben op de materiële vaste activa;jenv-bw2-i_PropertyPlantEquipmentAccumulatedRevaluations;jenv-bw2-dm:CommercialMember;jenv-bw2-dm:SeparateMember;;;jenv-bw2-dm:MachineryMember
BMvaNad*;Niet aan het productieproces dienstbare materiële vaste activa;jenv-bw2-i_PropertyPlantEquipmentNotUsedInOperations;jenv-bw2-dm:CommercialMember;jenv-bw2-dm:ConsolidatedMember
BMvaNad*;Niet aan het productieproces dienstbare materiële vaste activa;jenv-bw2-i_PropertyPlantEquipmentNotUsedInOperations;jenv-bw2-dm:CommercialMember;jenv-bw2-dm:SeparateMember
BMvaNadCuh*;Som der herwaarderingen die betrekking hebben op de materiële vaste activa;jenv-bw2-i_PropertyPlantEquipmentAccumulatedRevaluations;jenv-bw2-dm:CommercialMember;jenv-bw2-dm:ConsolidatedMember;;;jenv-bw2-dm:PropertyPlantEquipmentNotUsedInOperationsMember
BMvaNadCuh*;Som der herwaarderingen die betrekking hebben op de materiële vaste activa;jenv-bw2-i_PropertyPlantEquipmentAccumulatedRevaluations;jenv-bw2-dm:CommercialMember;jenv-bw2-dm:SeparateMember;;;jenv-bw2-dm:PropertyPlantEquipmentNotUsedInOperationsMember
BPro*;Onderhanden projecten;rj-i_ConstructionContractsAmount;jenv-bw2-dm:CommercialMember;jenv-bw2-dm:ConsolidatedMember
BPro*;Onderhanden projecten (activa);rj-i_ConstructionContractsAssets;jenv-bw2-dm:CommercialMember;jenv-bw2-dm:ConsolidatedMember
BPro*;Onderhanden projecten;rj-i_ConstructionContractsAmount;jenv-bw2-dm:CommercialMember;jenv-bw2-dm:SeparateMember
BPro*;Onderhanden projecten (activa);rj-i_ConstructionContractsAssets;jenv-bw2-dm:CommercialMember;jenv-bw2-dm:SeparateMember
BProOnpGkn*;Geactiveerde uitgaven voor nog niet verrichte prestaties van onderhanden projecten;rj-i_ConstructionContractsCapitalisedExpensesServicesNotYetRendered;jenv-bw2-dm:CommercialMember;jenv-bw2-dm:ConsolidatedMember
BProOnpGkn*;Geactiveerde uitgaven voor nog niet verrichte prestaties van onderhanden projecten;rj-i_ConstructionContractsCapitalisedExpensesServicesNotYetRendered;jenv-bw2-dm:CommercialMember;jenv-bw2-dm:SeparateMember
BProOnpKvp*;Geactiveerde kosten voor het verkrijgen van een project;rj-cp-i_ContractCosts;jenv-bw2-dm:CommercialMember;jenv-bw2-dm:ConsolidatedMember
BProOnpKvp*;Geactiveerde kosten voor het verkrijgen van een project;rj-cp-i_ContractCosts;jenv-bw2-dm:CommercialMember;jenv-bw2-dm:SeparateMember
BProOnpOpi*;Inhoudingen van opdrachtgevers op gedeclareerde termijnen van onderhanden projecten;rj-i_ConstructionContractsWithheldByClient;jenv-bw2-dm:CommercialMember;jenv-bw2-dm:ConsolidatedMember
BProOnpOpi*;Inhoudingen van opdrachtgevers op gedeclareerde termijnen van onderhanden projecten;rj-i_ConstructionContractsWithheldByClient;jenv-bw2-dm:CommercialMember;jenv-bw2-dm:SeparateMember
BSch*;Kortlopende schulden;jenv-bw2-i_LiabilitiesCurrent;jenv-bw2-dm:CommercialMember;jenv-bw2-dm:ConsolidatedMember
BSch*;Kortlopende schulden;jenv-bw2-i_LiabilitiesCurrent;jenv-bw2-dm:CommercialMember;jenv-bw2-dm:SeparateMember
BSchAos*;Aflossingsverplichtingen van langlopende leningen;jenv-bw2-i_RepaymentObligationsOfNoncurrentBorrowings;jenv-bw2-dm:CommercialMember;jenv-bw2-dm:ConsolidatedMember
BSchAos*;Aflossingsverplichtingen van langlopende leningen;jenv-bw2-i_RepaymentObligationsOfNoncurrentBorrowings;jenv-bw2-dm:CommercialMember;jenv-bw2-dm:SeparateMember
BSchDha*;Voorgestelde bedrag aan dividenduitkeringen aan houders van eigenvermogensinstrumenten;rj-i_DividendPayableHoldersSharesRecordedAsLiability;jenv-bw2-dm:CommercialMember;jenv-bw2-dm:ConsolidatedMember
BSchDha*;Voorgestelde bedrag aan dividenduitkeringen aan houders van eigenvermogensinstrumenten;rj-i_DividendPayableHoldersSharesRecordedAsLiability;jenv-bw2-dm:CommercialMember;jenv-bw2-dm:SeparateMember
BSchDhp*;Uit te keren dividend aan houders van preferente aandelen;rj-i_DividendPayableHoldersPreferredShares;jenv-bw2-dm:CommercialMember;jenv-bw2-dm:ConsolidatedMember
BSchDhp*;Uit te keren dividend aan houders van preferente aandelen;rj-i_DividendPayableHoldersPreferredShares;jenv-bw2-dm:CommercialMember;jenv-bw2-dm:SeparateMember
BSchKolAok*;Kortlopende obligatieleningen, pandbrieven en andere leningen;jenv-bw2-i_DebenturesOtherPrivateLoansCurrent;jenv-bw2-dm:CommercialMember;jenv-bw2-dm:ConsolidatedMember
BSchKolAok*;Kortlopende obligatieleningen, pandbrieven en andere leningen;jenv-bw2-i_DebenturesOtherPrivateLoansCurrent;jenv-bw2-dm:CommercialMember;jenv-bw2-dm:SeparateMember
BSchOpp*;Onderhanden projecten;rj-i_ConstructionContractsAmountRecordedAsLiability;jenv-bw2-dm:CommercialMember;jenv-bw2-dm:ConsolidatedMember
BSchOpp*;Onderhanden projecten (passiva);rj-i_ConstructionContractsLiabilities;jenv-bw2-dm:CommercialMember;jenv-bw2-dm:ConsolidatedMember
BSchOpp*;Onderhanden projecten;rj-i_ConstructionContractsAmountRecordedAsLiability;jenv-bw2-dm:CommercialMember;jenv-bw2-dm:SeparateMember
BSchOpp*;Onderhanden projecten (passiva);rj-i_ConstructionContractsLiabilities;jenv-bw2-dm:CommercialMember;jenv-bw2-dm:SeparateMember
BSchOppOppGkn;Geactiveerde uitgaven voor nog niet verrichte prestaties van onderhanden projecten;rj-i_ConstructionContractsCapitalisedExpensesServicesNotYetRenderedRecordedAsLiability;jenv-bw2-dm:CommercialMember;jenv-bw2-dm:ConsolidatedMember
BSchOppOppGkn;Geactiveerde uitgaven voor nog niet verrichte prestaties van onderhanden projecten;rj-i_ConstructionContractsCapitalisedExpensesServicesNotYetRenderedRecordedAsLiability;jenv-bw2-dm:CommercialMember;jenv-bw2-dm:SeparateMember
BSchOppOppOpi;Inhoudingen van opdrachtgevers op gedeclareerde termijnen van onderhanden projecten;rj-i_ConstructionContractsWithheldByClientRecordedAsLiability;jenv-bw2-dm:CommercialMember;jenv-bw2-dm:ConsolidatedMember
BSchOppOppOpi;Inhoudingen van opdrachtgevers op gedeclareerde termijnen van onderhanden projecten;rj-i_ConstructionContractsWithheldByClientRecordedAsLiability;jenv-bw2-dm:CommercialMember;jenv-bw2-dm:SeparateMember
BSchSag*;Kortlopende schulden aan groepsmaatschappijen;jenv-bw2-i_PayablesGroupCompaniesCurrent;jenv-bw2-dm:CommercialMember;jenv-bw2-dm:ConsolidatedMember
BSchSag*;Kortlopende schulden aan groepsmaatschappijen;jenv-bw2-i_PayablesGroupCompaniesCurrent;jenv-bw2-dm:CommercialMember;jenv-bw2-dm:SeparateMember
BSchSak*;Kortlopende schulden aan banken;jenv-bw2-i_PayablesBanksCurrent;jenv-bw2-dm:CommercialMember;jenv-bw2-dm:ConsolidatedMember
BSchSak*;Kortlopende schulden aan banken;jenv-bw2-i_PayablesBanksCurrent;jenv-bw2-dm:CommercialMember;jenv-bw2-dm:SeparateMember
BSchSalTbv;Schulden uit hoofde van vakantiedagen;rj-i_PayablesVacationDays;jenv-bw2-dm:CommercialMember;jenv-bw2-dm:ConsolidatedMember
BSchSalTbv;Schulden uit hoofde van vakantiedagen;rj-i_PayablesVacationDays;jenv-bw2-dm:CommercialMember;jenv-bw2-dm:SeparateMember
BSchSao*;Kortlopende schulden aan overige verbonden maatschappijen;jenv-bw2-i_PayablesOtherAffiliatedCompaniesCurrent;jenv-bw2-dm:CommercialMember;jenv-bw2-dm:ConsolidatedMember
BSchSao*;Kortlopende schulden aan overige verbonden maatschappijen;jenv-bw2-i_PayablesOtherAffiliatedCompaniesCurrent;jenv-bw2-dm:CommercialMember;jenv-bw2-dm:SeparateMember
BSchSap*;Kortlopende schulden aan rechtspersonen en vennootschappen die een deelneming hebben in de rechtspersoon of waarin de rechtspersoon een deelneming heeft;jenv-bw2-i_PayablesShareholdersParticipatingInterestsCurrent;jenv-bw2-dm:CommercialMember;jenv-bw2-dm:ConsolidatedMember
BSchSap*;Kortlopende schulden aan rechtspersonen en vennootschappen die een deelneming hebben in de rechtspersoon of waarin de rechtspersoon een deelneming heeft;jenv-bw2-i_PayablesShareholdersParticipatingInterestsCurrent;jenv-bw2-dm:CommercialMember;jenv-bw2-dm:SeparateMember
BVas*;Vastgoedbeleggingen;rj-i_InvestmentProperties;jenv-bw2-dm:CommercialMember;jenv-bw2-dm:ConsolidatedMember
BVas*;Vastgoedbeleggingen;rj-i_InvestmentProperties;jenv-bw2-dm:CommercialMember;jenv-bw2-dm:SeparateMember
BVas???Cuh*;Reële waarde van vastgoedbeleggingen;rj-i_InvestmentPropertiesFairValue;jenv-bw2-dm:CommercialMember;jenv-bw2-dm:ConsolidatedMember;;rj-dm:InvestmentPropertiesMember
BVas???Cuh*;Reële waarde van vastgoedbeleggingen;rj-i_InvestmentPropertiesFairValue;jenv-bw2-dm:CommercialMember;jenv-bw2-dm:SeparateMember;;rj-dm:InvestmentPropertiesMember
BVasVio*;Vastgoedbeleggingen in ontwikkeling;rj-i_InvestmentPropertiesInDevelopment;jenv-bw2-dm:CommercialMember;jenv-bw2-dm:ConsolidatedMember
BVasVio*;Vastgoedbeleggingen in ontwikkeling;rj-i_RealEstateInDevelopment;jenv-bw2-dm:CommercialMember;jenv-bw2-dm:ConsolidatedMember
BVasVio*;Vastgoedbeleggingen in ontwikkeling;rj-i_InvestmentPropertiesInDevelopment;jenv-bw2-dm:CommercialMember;jenv-bw2-dm:SeparateMember
BVasVio*;Vastgoedbeleggingen in ontwikkeling;rj-i_RealEstateInDevelopment;jenv-bw2-dm:CommercialMember;jenv-bw2-dm:SeparateMember
BVasVioCuh*;Reële waarde van vastgoedbeleggingen;rj-i_InvestmentPropertiesFairValue;jenv-bw2-dm:CommercialMember;jenv-bw2-dm:ConsolidatedMember;;rj-dm:InvestmentPropertiesInDevelopmentMember
BVasVioCuh*;Reële waarde van vastgoedbeleggingen;rj-i_InvestmentPropertiesFairValue;jenv-bw2-dm:CommercialMember;jenv-bw2-dm:SeparateMember;;rj-dm:InvestmentPropertiesInDevelopmentMember
BVor*;Vorderingen;jenv-bw2-i_Receivables;jenv-bw2-dm:CommercialMember;jenv-bw2-dm:ConsolidatedMember
BVor*;Vorderingen;jenv-bw2-i_Receivables;jenv-bw2-dm:CommercialMember;jenv-bw2-dm:SeparateMember
BVorDeb*;Netto vorderingen op handelsdebiteuren;rj-i_TradeReceivablesNet;jenv-bw2-dm:CommercialMember;jenv-bw2-dm:ConsolidatedMember
BVorDeb*;Netto vorderingen op handelsdebiteuren;rj-i_TradeReceivablesNet;jenv-bw2-dm:CommercialMember;jenv-bw2-dm:SeparateMember
BVorLbv*;Kortlopende latente belastingvorderingen;rj-i_DeferredTaxAssetsCurrent;jenv-bw2-dm:CommercialMember;jenv-bw2-dm:ConsolidatedMember
BVorLbv*;Kortlopende latente belastingvorderingen;rj-i_DeferredTaxAssetsCurrent;jenv-bw2-dm:CommercialMember;jenv-bw2-dm:SeparateMember
BVorOvaPen*;Pensioenvordering overlopende activa vorderingen;rj-i_PensionReceivablesReceivablesAccruedIncome;jenv-bw2-dm:CommercialMember;jenv-bw2-dm:ConsolidatedMember
BVorOvaPen*;Pensioenvordering overlopende activa vorderingen;rj-i_PensionReceivablesReceivablesAccruedIncome;jenv-bw2-dm:CommercialMember;jenv-bw2-dm:SeparateMember
BVorVbkTvv;Vorderingen uit belastingen naar de winst;rj-i_ReceivablesIncomeTax;jenv-bw2-dm:CommercialMember;jenv-bw2-dm:ConsolidatedMember
BVorVbkTvv;Vorderingen uit belastingen naar de winst;rj-i_ReceivablesIncomeTax;jenv-bw2-dm:CommercialMember;jenv-bw2-dm:SeparateMember
BVorVog*;Kortlopende vorderingen op groepsmaatschappijen;jenv-bw2-i_ReceivablesGroupCompaniesCurrent;jenv-bw2-dm:CommercialMember;jenv-bw2-dm:ConsolidatedMember
BVorVog*;Kortlopende vorderingen op groepsmaatschappijen;jenv-bw2-i_ReceivablesGroupCompaniesCurrent;jenv-bw2-dm:CommercialMember;jenv-bw2-dm:SeparateMember
BVorVop*;Kortlopende vorderingen op andere rechtspersonen en vennootschappen die een deelneming hebben in de rechtspersoon of waarin de rechtspersoon een deelneming heeft;jenv-bw2-i_ReceivablesShareholdersParticipatingInterestsCurrent;jenv-bw2-dm:CommercialMember;jenv-bw2-dm:ConsolidatedMember
BVorVop*;Kortlopende vorderingen op andere rechtspersonen en vennootschappen die een deelneming hebben in de rechtspersoon of waarin de rechtspersoon een deelneming heeft;jenv-bw2-i_ReceivablesShareholdersParticipatingInterestsCurrent;jenv-bw2-dm:CommercialMember;jenv-bw2-dm:SeparateMember
BVorVov*;Kortlopende vorderingen op overige verbonden maatschappijen;jenv-bw2-i_ReceivablesOtherAffiliatedCompaniesCurrent;jenv-bw2-dm:CommercialMember;jenv-bw2-dm:ConsolidatedMember
BVorVov*;Kortlopende vorderingen op overige verbonden maatschappijen;jenv-bw2-i_ReceivablesOtherAffiliatedCompaniesCurrent;jenv-bw2-dm:CommercialMember;jenv-bw2-dm:SeparateMember
BVorVpk*;Pensioenvordering overige vorderingen;rj-i_PensionReceivablesReceivablesOtherCurrent;jenv-bw2-dm:CommercialMember;jenv-bw2-dm:ConsolidatedMember
BVorVpk*;Pensioenvordering overige vorderingen;rj-i_PensionReceivablesReceivablesOtherCurrent;jenv-bw2-dm:CommercialMember;jenv-bw2-dm:SeparateMember
BVrd*;Voorraden;jenv-bw2-i_Inventories;jenv-bw2-dm:CommercialMember;jenv-bw2-dm:ConsolidatedMember
BVrd*;Voorraden;jenv-bw2-i_Inventories;jenv-bw2-dm:CommercialMember;jenv-bw2-dm:SeparateMember
BVrz*;Voorzieningen;jenv-bw2-i_Provisions;jenv-bw2-dm:CommercialMember;jenv-bw2-dm:ConsolidatedMember
BVrz*;Voorzieningen;jenv-bw2-i_Provisions;jenv-bw2-dm:CommercialMember;jenv-bw2-dm:ConsolidatedMember;jenv-bw2-dm:ProvisionsMember
BVrz*;Voorzieningen;jenv-bw2-i_Provisions;jenv-bw2-dm:CommercialMember;jenv-bw2-dm:SeparateMember
BVrz*;Voorzieningen;jenv-bw2-i_Provisions;jenv-bw2-dm:CommercialMember;jenv-bw2-dm:SeparateMember;jenv-bw2-dm:ProvisionsMember
BVrz??????Oev;Oprenting van voorzieningen en veranderingen van de disconteringsvoet;rj-i_ProvisionsYieldedInterest;jenv-bw2-dm:CommercialMember;jenv-bw2-dm:ConsolidatedMember;jenv-bw2-dm:ProvisionsMember
BVrz??????Oev;Oprenting van voorzieningen en veranderingen van de disconteringsvoet;rj-i_ProvisionsYieldedInterest;jenv-bw2-dm:CommercialMember;jenv-bw2-dm:SeparateMember;jenv-bw2-dm:ProvisionsMember
BVrz??????Omv;Wijzigingen van voorzieningen als gevolg van valuta-omrekeningsverschillen;rj-i_ProvisionsExchangeDifferences;jenv-bw2-dm:CommercialMember;jenv-bw2-dm:ConsolidatedMember;jenv-bw2-dm:ProvisionsMember
BVrz??????Omv;Wijzigingen van voorzieningen als gevolg van valuta-omrekeningsverschillen;rj-i_ProvisionsExchangeDifferences;jenv-bw2-dm:CommercialMember;jenv-bw2-dm:SeparateMember;jenv-bw2-dm:ProvisionsMember
BVrz??????Vri;Niet gebruikte bedragen die zijn vrijgevallen;rj-i_ProvisionsRelease;jenv-bw2-dm:CommercialMember;jenv-bw2-dm:ConsolidatedMember;jenv-bw2-dm:ProvisionsMember
BVrz??????Vri;Niet gebruikte bedragen die zijn vrijgevallen;rj-i_ProvisionsRelease;jenv-bw2-dm:CommercialMember;jenv-bw2-dm:SeparateMember;jenv-bw2-dm:ProvisionsMember
BVrzOvzAgb*;Voorziening uit hoofde van op aandelen gebaseerde betalingen;rj-i_ProvisionShareBasedPayments;jenv-bw2-dm:CommercialMember;jenv-bw2-dm:ConsolidatedMember
BVrzOvzAgb*;Voorzieningen;jenv-bw2-i_Provisions;jenv-bw2-dm:CommercialMember;jenv-bw2-dm:ConsolidatedMember;rj-dm:ProvisionShareBasedPaymentsMember
BVrzOvzAgb*;Voorziening uit hoofde van op aandelen gebaseerde betalingen;rj-i_ProvisionShareBasedPayments;jenv-bw2-dm:CommercialMember;jenv-bw2-dm:SeparateMember
BVrzOvzAgb*;Voorzieningen;jenv-bw2-i_Provisions;jenv-bw2-dm:CommercialMember;jenv-bw2-dm:SeparateMember;rj-dm:ProvisionShareBasedPaymentsMember
BVrzOvzAgbOev;Oprenting van voorzieningen en veranderingen van de disconteringsvoet;rj-i_ProvisionsYieldedInterest;jenv-bw2-dm:CommercialMember;jenv-bw2-dm:ConsolidatedMember;rj-dm:ProvisionShareBasedPaymentsMember
BVrzOvzAgbOev;Oprenting van voorzieningen en veranderingen van de disconteringsvoet;rj-i_ProvisionsYieldedInterest;jenv-bw2-dm:CommercialMember;jenv-bw2-dm:SeparateMember;rj-dm:ProvisionShareBasedPaymentsMember
BVrzOvzAgbOmv;Wijzigingen van voorzieningen als gevolg van valuta-omrekeningsverschillen;rj-i_ProvisionsExchangeDifferences;jenv-bw2-dm:CommercialMember;jenv-bw2-dm:ConsolidatedMember;rj-dm:ProvisionShareBasedPaymentsMember
BVrzOvzAgbOmv;Wijzigingen van voorzieningen als gevolg van valuta-omrekeningsverschillen;rj-i_ProvisionsExchangeDifferences;jenv-bw2-dm:CommercialMember;jenv-bw2-dm:SeparateMember;rj-dm:ProvisionShareBasedPaymentsMember
BVrzOvzAgbOnt;Uitgaven ten laste van de voorziening gebracht;rj-i_ProvisionsUsage;jenv-bw2-dm:CommercialMember;jenv-bw2-dm:ConsolidatedMember;rj-dm:ProvisionShareBasedPaymentsMember
BVrzOvzAgbOnt;Uitgaven ten laste van de voorziening gebracht;rj-i_ProvisionsUsage;jenv-bw2-dm:CommercialMember;jenv-bw2-dm:SeparateMember;rj-dm:ProvisionShareBasedPaymentsMember
BVrzOvzAgbToe;Nieuw gevormde voorzieningen;rj-i_ProvisionsAdditions;jenv-bw2-dm:CommercialMember;jenv-bw2-dm:ConsolidatedMember;rj-dm:ProvisionShareBasedPaymentsMember
BVrzOvzAgbToe;Nieuw gevormde voorzieningen;rj-i_ProvisionsAdditions;jenv-bw2-dm:CommercialMember;jenv-bw2-dm:SeparateMember;rj-dm:ProvisionShareBasedPaymentsMember
BVrzOvzAgbVri;Niet gebruikte bedragen die zijn vrijgevallen;rj-i_ProvisionsRelease;jenv-bw2-dm:CommercialMember;jenv-bw2-dm:ConsolidatedMember;rj-dm:ProvisionShareBasedPaymentsMember
BVrzOvzAgbVri;Niet gebruikte bedragen die zijn vrijgevallen;rj-i_ProvisionsRelease;jenv-bw2-dm:CommercialMember;jenv-bw2-dm:SeparateMember;rj-dm:ProvisionShareBasedPaymentsMember
BVrzOvzArb*;Voorziening voor verzekering van arbeidsongeschiktheidsrisico's;rj-i_ProvisionInsuranceDisabilityRisks;jenv-bw2-dm:CommercialMember;jenv-bw2-dm:ConsolidatedMember
BVrzOvzArb*;Voorzieningen;jenv-bw2-i_Provisions;jenv-bw2-dm:CommercialMember;jenv-bw2-dm:ConsolidatedMember;rj-dm:ProvisionInsuranceDisabilityRisksMember
BVrzOvzArb*;Voorziening voor verzekering van arbeidsongeschiktheidsrisico's;rj-i_ProvisionInsuranceDisabilityRisks;jenv-bw2-dm:CommercialMember;jenv-bw2-dm:SeparateMember
BVrzOvzArb*;Voorzieningen;jenv-bw2-i_Provisions;jenv-bw2-dm:CommercialMember;jenv-bw2-dm:SeparateMember;rj-dm:ProvisionInsuranceDisabilityRisksMember
BVrzOvzArbOev;Oprenting van voorzieningen en veranderingen van de disconteringsvoet;rj-i_ProvisionsYieldedInterest;jenv-bw2-dm:CommercialMember;jenv-bw2-dm:ConsolidatedMember;rj-dm:ProvisionInsuranceDisabilityRisksMember
BVrzOvzArbOev;Oprenting van voorzieningen en veranderingen van de disconteringsvoet;rj-i_ProvisionsYieldedInterest;jenv-bw2-dm:CommercialMember;jenv-bw2-dm:SeparateMember;rj-dm:ProvisionInsuranceDisabilityRisksMember
BVrzOvzArbOmv;Wijzigingen van voorzieningen als gevolg van valuta-omrekeningsverschillen;rj-i_ProvisionsExchangeDifferences;jenv-bw2-dm:CommercialMember;jenv-bw2-dm:ConsolidatedMember;rj-dm:ProvisionInsuranceDisabilityRisksMember
BVrzOvzArbOmv;Wijzigingen van voorzieningen als gevolg van valuta-omrekeningsverschillen;rj-i_ProvisionsExchangeDifferences;jenv-bw2-dm:CommercialMember;jenv-bw2-dm:SeparateMember;rj-dm:ProvisionInsuranceDisabilityRisksMember
BVrzOvzArbOnt;Uitgaven ten laste van de voorziening gebracht;rj-i_ProvisionsUsage;jenv-bw2-dm:CommercialMember;jenv-bw2-dm:ConsolidatedMember;rj-dm:ProvisionInsuranceDisabilityRisksMember
BVrzOvzArbOnt;Uitgaven ten laste van de voorziening gebracht;rj-i_ProvisionsUsage;jenv-bw2-dm:CommercialMember;jenv-bw2-dm:SeparateMember;rj-dm:ProvisionInsuranceDisabilityRisksMember
BVrzOvzArbToe;Nieuw gevormde voorzieningen;rj-i_ProvisionsAdditions;jenv-bw2-dm:CommercialMember;jenv-bw2-dm:ConsolidatedMember;rj-dm:ProvisionInsuranceDisabilityRisksMember
BVrzOvzArbToe;Nieuw gevormde voorzieningen;rj-i_ProvisionsAdditions;jenv-bw2-dm:CommercialMember;jenv-bw2-dm:SeparateMember;rj-dm:ProvisionInsuranceDisabilityRisksMember
BVrzOvzArbVri;Niet gebruikte bedragen die zijn vrijgevallen;rj-i_ProvisionsRelease;jenv-bw2-dm:CommercialMember;jenv-bw2-dm:ConsolidatedMember;rj-dm:ProvisionInsuranceDisabilityRisksMember
BVrzOvzArbVri;Niet gebruikte bedragen die zijn vrijgevallen;rj-i_ProvisionsRelease;jenv-bw2-dm:CommercialMember;jenv-bw2-dm:SeparateMember;rj-dm:ProvisionInsuranceDisabilityRisksMember
BVrzOvzGar*;Garantievoorziening;rj-i_ProvisionWarranty;jenv-bw2-dm:CommercialMember;jenv-bw2-dm:ConsolidatedMember
BVrzOvzGar*;Voorzieningen;jenv-bw2-i_Provisions;jenv-bw2-dm:CommercialMember;jenv-bw2-dm:ConsolidatedMember;rj-dm:ProvisionWarrantyMember
BVrzOvzGar*;Garantievoorziening;rj-i_ProvisionWarranty;jenv-bw2-dm:CommercialMember;jenv-bw2-dm:SeparateMember
BVrzOvzGar*;Voorzieningen;jenv-bw2-i_Provisions;jenv-bw2-dm:CommercialMember;jenv-bw2-dm:SeparateMember;rj-dm:ProvisionWarrantyMember
BVrzOvzGarOev;Oprenting van voorzieningen en veranderingen van de disconteringsvoet;rj-i_ProvisionsYieldedInterest;jenv-bw2-dm:CommercialMember;jenv-bw2-dm:ConsolidatedMember;rj-dm:ProvisionWarrantyMember
BVrzOvzGarOev;Oprenting van voorzieningen en veranderingen van de disconteringsvoet;rj-i_ProvisionsYieldedInterest;jenv-bw2-dm:CommercialMember;jenv-bw2-dm:SeparateMember;rj-dm:ProvisionWarrantyMember
BVrzOvzGarOmv;Wijzigingen van voorzieningen als gevolg van valuta-omrekeningsverschillen;rj-i_ProvisionsExchangeDifferences;jenv-bw2-dm:CommercialMember;jenv-bw2-dm:ConsolidatedMember;rj-dm:ProvisionWarrantyMember
BVrzOvzGarOmv;Wijzigingen van voorzieningen als gevolg van valuta-omrekeningsverschillen;rj-i_ProvisionsExchangeDifferences;jenv-bw2-dm:CommercialMember;jenv-bw2-dm:SeparateMember;rj-dm:ProvisionWarrantyMember
BVrzOvzGarOnt;Uitgaven ten laste van de voorziening gebracht;rj-i_ProvisionsUsage;jenv-bw2-dm:CommercialMember;jenv-bw2-dm:ConsolidatedMember;rj-dm:ProvisionWarrantyMember
BVrzOvzGarOnt;Uitgaven ten laste van de voorziening gebracht;rj-i_ProvisionsUsage;jenv-bw2-dm:CommercialMember;jenv-bw2-dm:SeparateMember;rj-dm:ProvisionWarrantyMember
BVrzOvzGarToe;Nieuw gevormde voorzieningen;rj-i_ProvisionsAdditions;jenv-bw2-dm:CommercialMember;jenv-bw2-dm:ConsolidatedMember;rj-dm:ProvisionWarrantyMember
BVrzOvzGarToe;Nieuw gevormde voorzieningen;rj-i_ProvisionsAdditions;jenv-bw2-dm:CommercialMember;jenv-bw2-dm:SeparateMember;rj-dm:ProvisionWarrantyMember
BVrzOvzGarVri;Niet gebruikte bedragen die zijn vrijgevallen;rj-i_ProvisionsRelease;jenv-bw2-dm:CommercialMember;jenv-bw2-dm:ConsolidatedMember;rj-dm:ProvisionWarrantyMember
BVrzOvzGarVri;Niet gebruikte bedragen die zijn vrijgevallen;rj-i_ProvisionsRelease;jenv-bw2-dm:CommercialMember;jenv-bw2-dm:SeparateMember;rj-dm:ProvisionWarrantyMember
BVrzOvzJub*;Voorziening voor jubileumuitkeringen;rj-i_ProvisionJubileeBenefits;jenv-bw2-dm:CommercialMember;jenv-bw2-dm:ConsolidatedMember
BVrzOvzJub*;Voorzieningen;jenv-bw2-i_Provisions;jenv-bw2-dm:CommercialMember;jenv-bw2-dm:ConsolidatedMember;rj-dm:ProvisionJubileeBenefitsMember
BVrzOvzJub*;Voorziening voor jubileumuitkeringen;rj-i_ProvisionJubileeBenefits;jenv-bw2-dm:CommercialMember;jenv-bw2-dm:SeparateMember
BVrzOvzJub*;Voorzieningen;jenv-bw2-i_Provisions;jenv-bw2-dm:CommercialMember;jenv-bw2-dm:SeparateMember;rj-dm:ProvisionJubileeBenefitsMember
BVrzOvzJubOev;Oprenting van voorzieningen en veranderingen van de disconteringsvoet;rj-i_ProvisionsYieldedInterest;jenv-bw2-dm:CommercialMember;jenv-bw2-dm:ConsolidatedMember;rj-dm:ProvisionJubileeBenefitsMember
BVrzOvzJubOev;Oprenting van voorzieningen en veranderingen van de disconteringsvoet;rj-i_ProvisionsYieldedInterest;jenv-bw2-dm:CommercialMember;jenv-bw2-dm:SeparateMember;rj-dm:ProvisionJubileeBenefitsMember
BVrzOvzJubOmv;Wijzigingen van voorzieningen als gevolg van valuta-omrekeningsverschillen;rj-i_ProvisionsExchangeDifferences;jenv-bw2-dm:CommercialMember;jenv-bw2-dm:ConsolidatedMember;rj-dm:ProvisionJubileeBenefitsMember
BVrzOvzJubOmv;Wijzigingen van voorzieningen als gevolg van valuta-omrekeningsverschillen;rj-i_ProvisionsExchangeDifferences;jenv-bw2-dm:CommercialMember;jenv-bw2-dm:SeparateMember;rj-dm:ProvisionJubileeBenefitsMember
BVrzOvzJubOnt;Uitgaven ten laste van de voorziening gebracht;rj-i_ProvisionsUsage;jenv-bw2-dm:CommercialMember;jenv-bw2-dm:ConsolidatedMember;rj-dm:ProvisionJubileeBenefitsMember
BVrzOvzJubOnt;Uitgaven ten laste van de voorziening gebracht;rj-i_ProvisionsUsage;jenv-bw2-dm:CommercialMember;jenv-bw2-dm:SeparateMember;rj-dm:ProvisionJubileeBenefitsMember
BVrzOvzJubToe;Nieuw gevormde voorzieningen;rj-i_ProvisionsAdditions;jenv-bw2-dm:CommercialMember;jenv-bw2-dm:ConsolidatedMember;rj-dm:ProvisionJubileeBenefitsMember
BVrzOvzJubToe;Nieuw gevormde voorzieningen;rj-i_ProvisionsAdditions;jenv-bw2-dm:CommercialMember;jenv-bw2-dm:SeparateMember;rj-dm:ProvisionJubileeBenefitsMember
BVrzOvzJubVri;Niet gebruikte bedragen die zijn vrijgevallen;rj-i_ProvisionsRelease;jenv-bw2-dm:CommercialMember;jenv-bw2-dm:ConsolidatedMember;rj-dm:ProvisionJubileeBenefitsMember
BVrzOvzJubVri;Niet gebruikte bedragen die zijn vrijgevallen;rj-i_ProvisionsRelease;jenv-bw2-dm:CommercialMember;jenv-bw2-dm:SeparateMember;rj-dm:ProvisionJubileeBenefitsMember
BVrzOvzUhp*;Voorziening uit hoofde van personeelsbeloningen;rj-i_ProvisionEmployeeBenefits;jenv-bw2-dm:CommercialMember;jenv-bw2-dm:ConsolidatedMember
BVrzOvzUhp*;Voorzieningen;jenv-bw2-i_Provisions;jenv-bw2-dm:CommercialMember;jenv-bw2-dm:ConsolidatedMember;rj-dm:ProvisionEmployeeBenefitsMember
BVrzOvzUhp*;Voorziening uit hoofde van personeelsbeloningen;rj-i_ProvisionEmployeeBenefits;jenv-bw2-dm:CommercialMember;jenv-bw2-dm:SeparateMember
BVrzOvzUhp*;Voorzieningen;jenv-bw2-i_Provisions;jenv-bw2-dm:CommercialMember;jenv-bw2-dm:SeparateMember;rj-dm:ProvisionEmployeeBenefitsMember
BVrzOvzUhpOev;Oprenting van voorzieningen en veranderingen van de disconteringsvoet;rj-i_ProvisionsYieldedInterest;jenv-bw2-dm:CommercialMember;jenv-bw2-dm:ConsolidatedMember;rj-dm:ProvisionEmployeeBenefitsMember
BVrzOvzUhpOev;Oprenting van voorzieningen en veranderingen van de disconteringsvoet;rj-i_ProvisionsYieldedInterest;jenv-bw2-dm:CommercialMember;jenv-bw2-dm:SeparateMember;rj-dm:ProvisionEmployeeBenefitsMember
BVrzOvzUhpOmv;Wijzigingen van voorzieningen als gevolg van valuta-omrekeningsverschillen;rj-i_ProvisionsExchangeDifferences;jenv-bw2-dm:CommercialMember;jenv-bw2-dm:ConsolidatedMember;rj-dm:ProvisionEmployeeBenefitsMember
BVrzOvzUhpOmv;Wijzigingen van voorzieningen als gevolg van valuta-omrekeningsverschillen;rj-i_ProvisionsExchangeDifferences;jenv-bw2-dm:CommercialMember;jenv-bw2-dm:SeparateMember;rj-dm:ProvisionEmployeeBenefitsMember
BVrzOvzUhpOnt;Uitgaven ten laste van de voorziening gebracht;rj-i_ProvisionsUsage;jenv-bw2-dm:CommercialMember;jenv-bw2-dm:ConsolidatedMember;rj-dm:ProvisionEmployeeBenefitsMember
BVrzOvzUhpOnt;Uitgaven ten laste van de voorziening gebracht;rj-i_ProvisionsUsage;jenv-bw2-dm:CommercialMember;jenv-bw2-dm:SeparateMember;rj-dm:ProvisionEmployeeBenefitsMember
BVrzOvzUhpToe;Nieuw gevormde voorzieningen;rj-i_ProvisionsAdditions;jenv-bw2-dm:CommercialMember;jenv-bw2-dm:ConsolidatedMember;rj-dm:ProvisionEmployeeBenefitsMember
BVrzOvzUhpToe;Nieuw gevormde voorzieningen;rj-i_ProvisionsAdditions;jenv-bw2-dm:CommercialMember;jenv-bw2-dm:SeparateMember;rj-dm:ProvisionEmployeeBenefitsMember
BVrzOvzUhpVri;Niet gebruikte bedragen die zijn vrijgevallen;rj-i_ProvisionsRelease;jenv-bw2-dm:CommercialMember;jenv-bw2-dm:ConsolidatedMember;rj-dm:ProvisionEmployeeBenefitsMember
BVrzOvzUhpVri;Niet gebruikte bedragen die zijn vrijgevallen;rj-i_ProvisionsRelease;jenv-bw2-dm:CommercialMember;jenv-bw2-dm:SeparateMember;rj-dm:ProvisionEmployeeBenefitsMember
BVrzOvzVhe*;Voorziening voor herstelkosten;rj-i_ProvisionRepairCosts;jenv-bw2-dm:CommercialMember;jenv-bw2-dm:ConsolidatedMember
BVrzOvzVhe*;Voorzieningen;jenv-bw2-i_Provisions;jenv-bw2-dm:CommercialMember;jenv-bw2-dm:ConsolidatedMember;rj-dm:ProvisionRepairCostsMember
BVrzOvzVhe*;Voorziening voor herstelkosten;rj-i_ProvisionRepairCosts;jenv-bw2-dm:CommercialMember;jenv-bw2-dm:SeparateMember
BVrzOvzVhe*;Voorzieningen;jenv-bw2-i_Provisions;jenv-bw2-dm:CommercialMember;jenv-bw2-dm:SeparateMember;rj-dm:ProvisionRepairCostsMember
BVrzOvzVheOev;Oprenting van voorzieningen en veranderingen van de disconteringsvoet;rj-i_ProvisionsYieldedInterest;jenv-bw2-dm:CommercialMember;jenv-bw2-dm:ConsolidatedMember;rj-dm:ProvisionRepairCostsMember
BVrzOvzVheOev;Oprenting van voorzieningen en veranderingen van de disconteringsvoet;rj-i_ProvisionsYieldedInterest;jenv-bw2-dm:CommercialMember;jenv-bw2-dm:SeparateMember;rj-dm:ProvisionRepairCostsMember
BVrzOvzVheOmv;Wijzigingen van voorzieningen als gevolg van valuta-omrekeningsverschillen;rj-i_ProvisionsExchangeDifferences;jenv-bw2-dm:CommercialMember;jenv-bw2-dm:ConsolidatedMember;rj-dm:ProvisionRepairCostsMember
BVrzOvzVheOmv;Wijzigingen van voorzieningen als gevolg van valuta-omrekeningsverschillen;rj-i_ProvisionsExchangeDifferences;jenv-bw2-dm:CommercialMember;jenv-bw2-dm:SeparateMember;rj-dm:ProvisionRepairCostsMember
BVrzOvzVheOnt;Uitgaven ten laste van de voorziening gebracht;rj-i_ProvisionsUsage;jenv-bw2-dm:CommercialMember;jenv-bw2-dm:ConsolidatedMember;rj-dm:ProvisionRepairCostsMember
BVrzOvzVheOnt;Uitgaven ten laste van de voorziening gebracht;rj-i_ProvisionsUsage;jenv-bw2-dm:CommercialMember;jenv-bw2-dm:SeparateMember;rj-dm:ProvisionRepairCostsMember
BVrzOvzVheToe;Nieuw gevormde voorzieningen;rj-i_ProvisionsAdditions;jenv-bw2-dm:CommercialMember;jenv-bw2-dm:ConsolidatedMember;rj-dm:ProvisionRepairCostsMember
BVrzOvzVheToe;Nieuw gevormde voorzieningen;rj-i_ProvisionsAdditions;jenv-bw2-dm:CommercialMember;jenv-bw2-dm:SeparateMember;rj-dm:ProvisionRepairCostsMember
BVrzOvzVheVri;Niet gebruikte bedragen die zijn vrijgevallen;rj-i_ProvisionsRelease;jenv-bw2-dm:CommercialMember;jenv-bw2-dm:ConsolidatedMember;rj-dm:ProvisionRepairCostsMember
BVrzOvzVheVri;Niet gebruikte bedragen die zijn vrijgevallen;rj-i_ProvisionsRelease;jenv-bw2-dm:CommercialMember;jenv-bw2-dm:SeparateMember;rj-dm:ProvisionRepairCostsMember
BVrzOvzVid*;Voorziening in verband met deelnemingen;rj-i_ProvisionParticipatingInterests;jenv-bw2-dm:CommercialMember;jenv-bw2-dm:ConsolidatedMember
BVrzOvzVid*;Voorzieningen;jenv-bw2-i_Provisions;jenv-bw2-dm:CommercialMember;jenv-bw2-dm:ConsolidatedMember;rj-dm:ProvisionParticipatingInterestsMember
BVrzOvzVid*;Voorziening in verband met deelnemingen;rj-i_ProvisionParticipatingInterests;jenv-bw2-dm:CommercialMember;jenv-bw2-dm:SeparateMember
BVrzOvzVid*;Voorzieningen;jenv-bw2-i_Provisions;jenv-bw2-dm:CommercialMember;jenv-bw2-dm:SeparateMember;rj-dm:ProvisionParticipatingInterestsMember
BVrzOvzVidOev;Oprenting van voorzieningen en veranderingen van de disconteringsvoet;rj-i_ProvisionsYieldedInterest;jenv-bw2-dm:CommercialMember;jenv-bw2-dm:ConsolidatedMember;rj-dm:ProvisionParticipatingInterestsMember
BVrzOvzVidOev;Oprenting van voorzieningen en veranderingen van de disconteringsvoet;rj-i_ProvisionsYieldedInterest;jenv-bw2-dm:CommercialMember;jenv-bw2-dm:SeparateMember;rj-dm:ProvisionParticipatingInterestsMember
BVrzOvzVidOmv;Wijzigingen van voorzieningen als gevolg van valuta-omrekeningsverschillen;rj-i_ProvisionsExchangeDifferences;jenv-bw2-dm:CommercialMember;jenv-bw2-dm:ConsolidatedMember;rj-dm:ProvisionParticipatingInterestsMember
BVrzOvzVidOmv;Wijzigingen van voorzieningen als gevolg van valuta-omrekeningsverschillen;rj-i_ProvisionsExchangeDifferences;jenv-bw2-dm:CommercialMember;jenv-bw2-dm:SeparateMember;rj-dm:ProvisionParticipatingInterestsMember
BVrzOvzVidToe;Nieuw gevormde voorzieningen;rj-i_ProvisionsAdditions;jenv-bw2-dm:CommercialMember;jenv-bw2-dm:ConsolidatedMember;rj-dm:ProvisionParticipatingInterestsMember
BVrzOvzVidToe;Nieuw gevormde voorzieningen;rj-i_ProvisionsAdditions;jenv-bw2-dm:CommercialMember;jenv-bw2-dm:SeparateMember;rj-dm:ProvisionParticipatingInterestsMember
BVrzOvzVidVri;Niet gebruikte bedragen die zijn vrijgevallen;rj-i_ProvisionsRelease;jenv-bw2-dm:CommercialMember;jenv-bw2-dm:ConsolidatedMember;rj-dm:ProvisionParticipatingInterestsMember
BVrzOvzVidVri;Niet gebruikte bedragen die zijn vrijgevallen;rj-i_ProvisionsRelease;jenv-bw2-dm:CommercialMember;jenv-bw2-dm:SeparateMember;rj-dm:ProvisionParticipatingInterestsMember
BVrzOvzVir*;Voorziening in verband met reorganisaties;rj-i_ProvisionRestructuring;jenv-bw2-dm:CommercialMember;jenv-bw2-dm:ConsolidatedMember
BVrzOvzVir*;Voorzieningen;jenv-bw2-i_Provisions;jenv-bw2-dm:CommercialMember;jenv-bw2-dm:ConsolidatedMember;rj-dm:ProvisionRestructuringMember
BVrzOvzVir*;Voorziening in verband met reorganisaties;rj-i_ProvisionRestructuring;jenv-bw2-dm:CommercialMember;jenv-bw2-dm:SeparateMember
BVrzOvzVir*;Voorzieningen;jenv-bw2-i_Provisions;jenv-bw2-dm:CommercialMember;jenv-bw2-dm:SeparateMember;rj-dm:ProvisionRestructuringMember
BVrzOvzVirOev;Oprenting van voorzieningen en veranderingen van de disconteringsvoet;rj-i_ProvisionsYieldedInterest;jenv-bw2-dm:CommercialMember;jenv-bw2-dm:ConsolidatedMember;rj-dm:ProvisionRestructuringMember
BVrzOvzVirOev;Oprenting van voorzieningen en veranderingen van de disconteringsvoet;rj-i_ProvisionsYieldedInterest;jenv-bw2-dm:CommercialMember;jenv-bw2-dm:SeparateMember;rj-dm:ProvisionRestructuringMember
BVrzOvzVirOmv;Wijzigingen van voorzieningen als gevolg van valuta-omrekeningsverschillen;rj-i_ProvisionsExchangeDifferences;jenv-bw2-dm:CommercialMember;jenv-bw2-dm:ConsolidatedMember;rj-dm:ProvisionRestructuringMember
BVrzOvzVirOmv;Wijzigingen van voorzieningen als gevolg van valuta-omrekeningsverschillen;rj-i_ProvisionsExchangeDifferences;jenv-bw2-dm:CommercialMember;jenv-bw2-dm:SeparateMember;rj-dm:ProvisionRestructuringMember
BVrzOvzVirOnt;Uitgaven ten laste van de voorziening gebracht;rj-i_ProvisionsUsage;jenv-bw2-dm:CommercialMember;jenv-bw2-dm:ConsolidatedMember;rj-dm:ProvisionRestructuringMember
BVrzOvzVirOnt;Uitgaven ten laste van de voorziening gebracht;rj-i_ProvisionsUsage;jenv-bw2-dm:CommercialMember;jenv-bw2-dm:SeparateMember;rj-dm:ProvisionRestructuringMember
BVrzOvzVirToe;Nieuw gevormde voorzieningen;rj-i_ProvisionsAdditions;jenv-bw2-dm:CommercialMember;jenv-bw2-dm:ConsolidatedMember;rj-dm:ProvisionRestructuringMember
BVrzOvzVirToe;Nieuw gevormde voorzieningen;rj-i_ProvisionsAdditions;jenv-bw2-dm:CommercialMember;jenv-bw2-dm:SeparateMember;rj-dm:ProvisionRestructuringMember
BVrzOvzVirVri;Niet gebruikte bedragen die zijn vrijgevallen;rj-i_ProvisionsRelease;jenv-bw2-dm:CommercialMember;jenv-bw2-dm:ConsolidatedMember;rj-dm:ProvisionRestructuringMember
BVrzOvzVirVri;Niet gebruikte bedragen die zijn vrijgevallen;rj-i_ProvisionsRelease;jenv-bw2-dm:CommercialMember;jenv-bw2-dm:SeparateMember;rj-dm:ProvisionRestructuringMember
BVrzOvzVlc*;Voorziening voor verlieslatende contracten;rj-i_ProvisionOnerousContracts;jenv-bw2-dm:CommercialMember;jenv-bw2-dm:ConsolidatedMember
BVrzOvzVlc*;Voorzieningen;jenv-bw2-i_Provisions;jenv-bw2-dm:CommercialMember;jenv-bw2-dm:ConsolidatedMember;rj-dm:ProvisionOnerousContractsMember
BVrzOvzVlc*;Voorziening voor verlieslatende contracten;rj-i_ProvisionOnerousContracts;jenv-bw2-dm:CommercialMember;jenv-bw2-dm:SeparateMember
BVrzOvzVlc*;Voorzieningen;jenv-bw2-i_Provisions;jenv-bw2-dm:CommercialMember;jenv-bw2-dm:SeparateMember;rj-dm:ProvisionOnerousContractsMember
BVrzOvzVlcOev;Oprenting van voorzieningen en veranderingen van de disconteringsvoet;rj-i_ProvisionsYieldedInterest;jenv-bw2-dm:CommercialMember;jenv-bw2-dm:ConsolidatedMember;rj-dm:ProvisionOnerousContractsMember
BVrzOvzVlcOev;Oprenting van voorzieningen en veranderingen van de disconteringsvoet;rj-i_ProvisionsYieldedInterest;jenv-bw2-dm:CommercialMember;jenv-bw2-dm:SeparateMember;rj-dm:ProvisionOnerousContractsMember
BVrzOvzVlcOmv;Wijzigingen van voorzieningen als gevolg van valuta-omrekeningsverschillen;rj-i_ProvisionsExchangeDifferences;jenv-bw2-dm:CommercialMember;jenv-bw2-dm:ConsolidatedMember;rj-dm:ProvisionOnerousContractsMember
BVrzOvzVlcOmv;Wijzigingen van voorzieningen als gevolg van valuta-omrekeningsverschillen;rj-i_ProvisionsExchangeDifferences;jenv-bw2-dm:CommercialMember;jenv-bw2-dm:SeparateMember;rj-dm:ProvisionOnerousContractsMember
BVrzOvzVlcOnt;Uitgaven ten laste van de voorziening gebracht;rj-i_ProvisionsUsage;jenv-bw2-dm:CommercialMember;jenv-bw2-dm:ConsolidatedMember;rj-dm:ProvisionOnerousContractsMember
BVrzOvzVlcOnt;Uitgaven ten laste van de voorziening gebracht;rj-i_ProvisionsUsage;jenv-bw2-dm:CommercialMember;jenv-bw2-dm:SeparateMember;rj-dm:ProvisionOnerousContractsMember
BVrzOvzVlcToe;Nieuw gevormde voorzieningen;rj-i_ProvisionsAdditions;jenv-bw2-dm:CommercialMember;jenv-bw2-dm:ConsolidatedMember;rj-dm:ProvisionOnerousContractsMember
BVrzOvzVlcToe;Nieuw gevormde voorzieningen;rj-i_ProvisionsAdditions;jenv-bw2-dm:CommercialMember;jenv-bw2-dm:SeparateMember;rj-dm:ProvisionOnerousContractsMember
BVrzOvzVlcVri;Niet gebruikte bedragen die zijn vrijgevallen;rj-i_ProvisionsRelease;jenv-bw2-dm:CommercialMember;jenv-bw2-dm:ConsolidatedMember;rj-dm:ProvisionOnerousContractsMember
BVrzOvzVlcVri;Niet gebruikte bedragen die zijn vrijgevallen;rj-i_ProvisionsRelease;jenv-bw2-dm:CommercialMember;jenv-bw2-dm:SeparateMember;rj-dm:ProvisionOnerousContractsMember
BVrzOvzVuc*;Voorziening uit hoofde van claims, geschillen en rechtsgedingen;rj-i_ProvisionLegalProceedings;jenv-bw2-dm:CommercialMember;jenv-bw2-dm:ConsolidatedMember
BVrzOvzVuc*;Voorzieningen;jenv-bw2-i_Provisions;jenv-bw2-dm:CommercialMember;jenv-bw2-dm:ConsolidatedMember;rj-dm:ProvisionLegalProceedingsMember
BVrzOvzVuc*;Voorziening uit hoofde van claims, geschillen en rechtsgedingen;rj-i_ProvisionLegalProceedings;jenv-bw2-dm:CommercialMember;jenv-bw2-dm:SeparateMember
BVrzOvzVuc*;Voorzieningen;jenv-bw2-i_Provisions;jenv-bw2-dm:CommercialMember;jenv-bw2-dm:SeparateMember;rj-dm:ProvisionLegalProceedingsMember
BVrzOvzVucOev;Oprenting van voorzieningen en veranderingen van de disconteringsvoet;rj-i_ProvisionsYieldedInterest;jenv-bw2-dm:CommercialMember;jenv-bw2-dm:ConsolidatedMember;rj-dm:ProvisionLegalProceedingsMember
BVrzOvzVucOev;Oprenting van voorzieningen en veranderingen van de disconteringsvoet;rj-i_ProvisionsYieldedInterest;jenv-bw2-dm:CommercialMember;jenv-bw2-dm:SeparateMember;rj-dm:ProvisionLegalProceedingsMember
BVrzOvzVucOmv;Wijzigingen van voorzieningen als gevolg van valuta-omrekeningsverschillen;rj-i_ProvisionsExchangeDifferences;jenv-bw2-dm:CommercialMember;jenv-bw2-dm:ConsolidatedMember;rj-dm:ProvisionLegalProceedingsMember
BVrzOvzVucOmv;Wijzigingen van voorzieningen als gevolg van valuta-omrekeningsverschillen;rj-i_ProvisionsExchangeDifferences;jenv-bw2-dm:CommercialMember;jenv-bw2-dm:SeparateMember;rj-dm:ProvisionLegalProceedingsMember
BVrzOvzVucOnt;Uitgaven ten laste van de voorziening gebracht;rj-i_ProvisionsUsage;jenv-bw2-dm:CommercialMember;jenv-bw2-dm:ConsolidatedMember;rj-dm:ProvisionLegalProceedingsMember
BVrzOvzVucOnt;Uitgaven ten laste van de voorziening gebracht;rj-i_ProvisionsUsage;jenv-bw2-dm:CommercialMember;jenv-bw2-dm:SeparateMember;rj-dm:ProvisionLegalProceedingsMember
BVrzOvzVucToe;Nieuw gevormde voorzieningen;rj-i_ProvisionsAdditions;jenv-bw2-dm:CommercialMember;jenv-bw2-dm:ConsolidatedMember;rj-dm:ProvisionLegalProceedingsMember
BVrzOvzVucToe;Nieuw gevormde voorzieningen;rj-i_ProvisionsAdditions;jenv-bw2-dm:CommercialMember;jenv-bw2-dm:SeparateMember;rj-dm:ProvisionLegalProceedingsMember
BVrzOvzVucVri;Niet gebruikte bedragen die zijn vrijgevallen;rj-i_ProvisionsRelease;jenv-bw2-dm:CommercialMember;jenv-bw2-dm:ConsolidatedMember;rj-dm:ProvisionLegalProceedingsMember
BVrzOvzVucVri;Niet gebruikte bedragen die zijn vrijgevallen;rj-i_ProvisionsRelease;jenv-bw2-dm:CommercialMember;jenv-bw2-dm:SeparateMember;rj-dm:ProvisionLegalProceedingsMember
BVrzOvzVvg*;Voorziening voor groot onderhoud;rj-i_ProvisionMajorMaintenance;jenv-bw2-dm:CommercialMember;jenv-bw2-dm:ConsolidatedMember
BVrzOvzVvg*;Voorzieningen;jenv-bw2-i_Provisions;jenv-bw2-dm:CommercialMember;jenv-bw2-dm:ConsolidatedMember;rj-dm:ProvisionMajorMaintenanceMember
BVrzOvzVvg*;Voorziening voor groot onderhoud;rj-i_ProvisionMajorMaintenance;jenv-bw2-dm:CommercialMember;jenv-bw2-dm:SeparateMember
BVrzOvzVvg*;Voorzieningen;jenv-bw2-i_Provisions;jenv-bw2-dm:CommercialMember;jenv-bw2-dm:SeparateMember;rj-dm:ProvisionMajorMaintenanceMember
BVrzOvzVvgOev;Oprenting van voorzieningen en veranderingen van de disconteringsvoet;rj-i_ProvisionsYieldedInterest;jenv-bw2-dm:CommercialMember;jenv-bw2-dm:ConsolidatedMember;rj-dm:ProvisionMajorMaintenanceMember
BVrzOvzVvgOev;Oprenting van voorzieningen en veranderingen van de disconteringsvoet;rj-i_ProvisionsYieldedInterest;jenv-bw2-dm:CommercialMember;jenv-bw2-dm:SeparateMember;rj-dm:ProvisionMajorMaintenanceMember
BVrzOvzVvgOmv;Wijzigingen van voorzieningen als gevolg van valuta-omrekeningsverschillen;rj-i_ProvisionsExchangeDifferences;jenv-bw2-dm:CommercialMember;jenv-bw2-dm:ConsolidatedMember;rj-dm:ProvisionMajorMaintenanceMember
BVrzOvzVvgOmv;Wijzigingen van voorzieningen als gevolg van valuta-omrekeningsverschillen;rj-i_ProvisionsExchangeDifferences;jenv-bw2-dm:CommercialMember;jenv-bw2-dm:SeparateMember;rj-dm:ProvisionMajorMaintenanceMember
BVrzOvzVvgOnt;Uitgaven ten laste van de voorziening gebracht;rj-i_ProvisionsUsage;jenv-bw2-dm:CommercialMember;jenv-bw2-dm:ConsolidatedMember;rj-dm:ProvisionMajorMaintenanceMember
BVrzOvzVvgOnt;Uitgaven ten laste van de voorziening gebracht;rj-i_ProvisionsUsage;jenv-bw2-dm:CommercialMember;jenv-bw2-dm:SeparateMember;rj-dm:ProvisionMajorMaintenanceMember
BVrzOvzVvgToe;Nieuw gevormde voorzieningen;rj-i_ProvisionsAdditions;jenv-bw2-dm:CommercialMember;jenv-bw2-dm:ConsolidatedMember;rj-dm:ProvisionMajorMaintenanceMember
BVrzOvzVvgToe;Nieuw gevormde voorzieningen;rj-i_ProvisionsAdditions;jenv-bw2-dm:CommercialMember;jenv-bw2-dm:SeparateMember;rj-dm:ProvisionMajorMaintenanceMember
BVrzOvzVvgVri;Niet gebruikte bedragen die zijn vrijgevallen;rj-i_ProvisionsRelease;jenv-bw2-dm:CommercialMember;jenv-bw2-dm:ConsolidatedMember;rj-dm:ProvisionMajorMaintenanceMember
BVrzOvzVvgVri;Niet gebruikte bedragen die zijn vrijgevallen;rj-i_ProvisionsRelease;jenv-bw2-dm:CommercialMember;jenv-bw2-dm:SeparateMember;rj-dm:ProvisionMajorMaintenanceMember
BVrzOvzVvo*;Voorziening voor opruiming van aanwezige milieuvervuiling;rj-i_ProvisionEnvironmental;jenv-bw2-dm:CommercialMember;jenv-bw2-dm:ConsolidatedMember
BVrzOvzVvo*;Voorzieningen;jenv-bw2-i_Provisions;jenv-bw2-dm:CommercialMember;jenv-bw2-dm:ConsolidatedMember;rj-dm:ProvisionEnvironmentalMember
BVrzOvzVvo*;Voorziening voor opruiming van aanwezige milieuvervuiling;rj-i_ProvisionEnvironmental;jenv-bw2-dm:CommercialMember;jenv-bw2-dm:SeparateMember
BVrzOvzVvo*;Voorzieningen;jenv-bw2-i_Provisions;jenv-bw2-dm:CommercialMember;jenv-bw2-dm:SeparateMember;rj-dm:ProvisionEnvironmentalMember
BVrzOvzVvoOev;Oprenting van voorzieningen en veranderingen van de disconteringsvoet;rj-i_ProvisionsYieldedInterest;jenv-bw2-dm:CommercialMember;jenv-bw2-dm:ConsolidatedMember;rj-dm:ProvisionEnvironmentalMember
BVrzOvzVvoOev;Oprenting van voorzieningen en veranderingen van de disconteringsvoet;rj-i_ProvisionsYieldedInterest;jenv-bw2-dm:CommercialMember;jenv-bw2-dm:SeparateMember;rj-dm:ProvisionEnvironmentalMember
BVrzOvzVvoOmv;Wijzigingen van voorzieningen als gevolg van valuta-omrekeningsverschillen;rj-i_ProvisionsExchangeDifferences;jenv-bw2-dm:CommercialMember;jenv-bw2-dm:ConsolidatedMember;rj-dm:ProvisionEnvironmentalMember
BVrzOvzVvoOmv;Wijzigingen van voorzieningen als gevolg van valuta-omrekeningsverschillen;rj-i_ProvisionsExchangeDifferences;jenv-bw2-dm:CommercialMember;jenv-bw2-dm:SeparateMember;rj-dm:ProvisionEnvironmentalMember
BVrzOvzVvoOnt;Uitgaven ten laste van de voorziening gebracht;rj-i_ProvisionsUsage;jenv-bw2-dm:CommercialMember;jenv-bw2-dm:ConsolidatedMember;rj-dm:ProvisionEnvironmentalMember
BVrzOvzVvoOnt;Uitgaven ten laste van de voorziening gebracht;rj-i_ProvisionsUsage;jenv-bw2-dm:CommercialMember;jenv-bw2-dm:SeparateMember;rj-dm:ProvisionEnvironmentalMember
BVrzOvzVvoToe;Nieuw gevormde voorzieningen;rj-i_ProvisionsAdditions;jenv-bw2-dm:CommercialMember;jenv-bw2-dm:ConsolidatedMember;rj-dm:ProvisionEnvironmentalMember
BVrzOvzVvoToe;Nieuw gevormde voorzieningen;rj-i_ProvisionsAdditions;jenv-bw2-dm:CommercialMember;jenv-bw2-dm:SeparateMember;rj-dm:ProvisionEnvironmentalMember
BVrzOvzVvoVri;Niet gebruikte bedragen die zijn vrijgevallen;rj-i_ProvisionsRelease;jenv-bw2-dm:CommercialMember;jenv-bw2-dm:ConsolidatedMember;rj-dm:ProvisionEnvironmentalMember
BVrzOvzVvoVri;Niet gebruikte bedragen die zijn vrijgevallen;rj-i_ProvisionsRelease;jenv-bw2-dm:CommercialMember;jenv-bw2-dm:SeparateMember;rj-dm:ProvisionEnvironmentalMember
BVrzOvzVwp*;Voorziening voor verwijderingsverplichtingen;rj-i_ProvisionDisposalObligation;jenv-bw2-dm:CommercialMember;jenv-bw2-dm:ConsolidatedMember
BVrzOvzVwp*;Voorzieningen;jenv-bw2-i_Provisions;jenv-bw2-dm:CommercialMember;jenv-bw2-dm:ConsolidatedMember;rj-dm:ProvisionDisposalObligationMember
BVrzOvzVwp*;Voorziening voor verwijderingsverplichtingen;rj-i_ProvisionDisposalObligation;jenv-bw2-dm:CommercialMember;jenv-bw2-dm:SeparateMember
BVrzOvzVwp*;Voorzieningen;jenv-bw2-i_Provisions;jenv-bw2-dm:CommercialMember;jenv-bw2-dm:SeparateMember;rj-dm:ProvisionDisposalObligationMember
BVrzOvzVwpOev;Oprenting van voorzieningen en veranderingen van de disconteringsvoet;rj-i_ProvisionsYieldedInterest;jenv-bw2-dm:CommercialMember;jenv-bw2-dm:ConsolidatedMember;rj-dm:ProvisionDisposalObligationMember
BVrzOvzVwpOev;Oprenting van voorzieningen en veranderingen van de disconteringsvoet;rj-i_ProvisionsYieldedInterest;jenv-bw2-dm:CommercialMember;jenv-bw2-dm:SeparateMember;rj-dm:ProvisionDisposalObligationMember
BVrzOvzVwpOmv;Wijzigingen van voorzieningen als gevolg van valuta-omrekeningsverschillen;rj-i_ProvisionsExchangeDifferences;jenv-bw2-dm:CommercialMember;jenv-bw2-dm:ConsolidatedMember;rj-dm:ProvisionDisposalObligationMember
BVrzOvzVwpOmv;Wijzigingen van voorzieningen als gevolg van valuta-omrekeningsverschillen;rj-i_ProvisionsExchangeDifferences;jenv-bw2-dm:CommercialMember;jenv-bw2-dm:SeparateMember;rj-dm:ProvisionDisposalObligationMember
BVrzOvzVwpOnt;Uitgaven ten laste van de voorziening gebracht;rj-i_ProvisionsUsage;jenv-bw2-dm:CommercialMember;jenv-bw2-dm:ConsolidatedMember;rj-dm:ProvisionDisposalObligationMember
BVrzOvzVwpOnt;Uitgaven ten laste van de voorziening gebracht;rj-i_ProvisionsUsage;jenv-bw2-dm:CommercialMember;jenv-bw2-dm:SeparateMember;rj-dm:ProvisionDisposalObligationMember
BVrzOvzVwpToe;Nieuw gevormde voorzieningen;rj-i_ProvisionsAdditions;jenv-bw2-dm:CommercialMember;jenv-bw2-dm:ConsolidatedMember;rj-dm:ProvisionDisposalObligationMember
BVrzOvzVwpToe;Nieuw gevormde voorzieningen;rj-i_ProvisionsAdditions;jenv-bw2-dm:CommercialMember;jenv-bw2-dm:SeparateMember;rj-dm:ProvisionDisposalObligationMember
BVrzOvzVwpVri;Niet gebruikte bedragen die zijn vrijgevallen;rj-i_ProvisionsRelease;jenv-bw2-dm:CommercialMember;jenv-bw2-dm:ConsolidatedMember;rj-dm:ProvisionDisposalObligationMember
BVrzOvzVwpVri;Niet gebruikte bedragen die zijn vrijgevallen;rj-i_ProvisionsRelease;jenv-bw2-dm:CommercialMember;jenv-bw2-dm:SeparateMember;rj-dm:ProvisionDisposalObligationMember
BVrzOvzVza*;Voorziening voor verplichtingen uit hoofde van ziekte of arbeidsongeschiktheid;rj-i_ProvisionDisabilityRisks;jenv-bw2-dm:CommercialMember;jenv-bw2-dm:ConsolidatedMember
BVrzOvzVza*;Voorzieningen;jenv-bw2-i_Provisions;jenv-bw2-dm:CommercialMember;jenv-bw2-dm:ConsolidatedMember;rj-dm:ProvisionDisabilityRisksMember
BVrzOvzVza*;Voorziening voor verplichtingen uit hoofde van ziekte of arbeidsongeschiktheid;rj-i_ProvisionDisabilityRisks;jenv-bw2-dm:CommercialMember;jenv-bw2-dm:SeparateMember
BVrzOvzVza*;Voorzieningen;jenv-bw2-i_Provisions;jenv-bw2-dm:CommercialMember;jenv-bw2-dm:SeparateMember;rj-dm:ProvisionDisabilityRisksMember
BVrzOvzVzaOev;Oprenting van voorzieningen en veranderingen van de disconteringsvoet;rj-i_ProvisionsYieldedInterest;jenv-bw2-dm:CommercialMember;jenv-bw2-dm:ConsolidatedMember;rj-dm:ProvisionDisabilityRisksMember
BVrzOvzVzaOev;Oprenting van voorzieningen en veranderingen van de disconteringsvoet;rj-i_ProvisionsYieldedInterest;jenv-bw2-dm:CommercialMember;jenv-bw2-dm:SeparateMember;rj-dm:ProvisionDisabilityRisksMember
BVrzOvzVzaOmv;Wijzigingen van voorzieningen als gevolg van valuta-omrekeningsverschillen;rj-i_ProvisionsExchangeDifferences;jenv-bw2-dm:CommercialMember;jenv-bw2-dm:ConsolidatedMember;rj-dm:ProvisionDisabilityRisksMember
BVrzOvzVzaOmv;Wijzigingen van voorzieningen als gevolg van valuta-omrekeningsverschillen;rj-i_ProvisionsExchangeDifferences;jenv-bw2-dm:CommercialMember;jenv-bw2-dm:SeparateMember;rj-dm:ProvisionDisabilityRisksMember
BVrzOvzVzaOnt;Uitgaven ten laste van de voorziening gebracht;rj-i_ProvisionsUsage;jenv-bw2-dm:CommercialMember;jenv-bw2-dm:ConsolidatedMember;rj-dm:ProvisionDisabilityRisksMember
BVrzOvzVzaOnt;Uitgaven ten laste van de voorziening gebracht;rj-i_ProvisionsUsage;jenv-bw2-dm:CommercialMember;jenv-bw2-dm:SeparateMember;rj-dm:ProvisionDisabilityRisksMember
BVrzOvzVzaToe;Nieuw gevormde voorzieningen;rj-i_ProvisionsAdditions;jenv-bw2-dm:CommercialMember;jenv-bw2-dm:ConsolidatedMember;rj-dm:ProvisionDisabilityRisksMember
BVrzOvzVzaToe;Nieuw gevormde voorzieningen;rj-i_ProvisionsAdditions;jenv-bw2-dm:CommercialMember;jenv-bw2-dm:SeparateMember;rj-dm:ProvisionDisabilityRisksMember
BVrzOvzVzaVri;Niet gebruikte bedragen die zijn vrijgevallen;rj-i_ProvisionsRelease;jenv-bw2-dm:CommercialMember;jenv-bw2-dm:ConsolidatedMember;rj-dm:ProvisionDisabilityRisksMember
BVrzOvzVzaVri;Niet gebruikte bedragen die zijn vrijgevallen;rj-i_ProvisionsRelease;jenv-bw2-dm:CommercialMember;jenv-bw2-dm:SeparateMember;rj-dm:ProvisionDisabilityRisksMember
BVrzOvzZoa*;Voorziening voor verzekering van ziekte of arbeidsongeschiktheid;rj-i_ProvisionInsuranceIllnessDisability;jenv-bw2-dm:CommercialMember;jenv-bw2-dm:ConsolidatedMember
BVrzOvzZoa*;Voorzieningen;jenv-bw2-i_Provisions;jenv-bw2-dm:CommercialMember;jenv-bw2-dm:ConsolidatedMember;rj-dm:ProvisionInsuranceIllnessDisabilityMember
BVrzOvzZoa*;Voorziening voor verzekering van ziekte of arbeidsongeschiktheid;rj-i_ProvisionInsuranceIllnessDisability;jenv-bw2-dm:CommercialMember;jenv-bw2-dm:SeparateMember
BVrzOvzZoa*;Voorzieningen;jenv-bw2-i_Provisions;jenv-bw2-dm:CommercialMember;jenv-bw2-dm:SeparateMember;rj-dm:ProvisionInsuranceIllnessDisabilityMember
BVrzOvzZoaOev;Oprenting van voorzieningen en veranderingen van de disconteringsvoet;rj-i_ProvisionsYieldedInterest;jenv-bw2-dm:CommercialMember;jenv-bw2-dm:ConsolidatedMember;rj-dm:ProvisionInsuranceIllnessDisabilityMember
BVrzOvzZoaOev;Oprenting van voorzieningen en veranderingen van de disconteringsvoet;rj-i_ProvisionsYieldedInterest;jenv-bw2-dm:CommercialMember;jenv-bw2-dm:SeparateMember;rj-dm:ProvisionInsuranceIllnessDisabilityMember
BVrzOvzZoaOmv;Wijzigingen van voorzieningen als gevolg van valuta-omrekeningsverschillen;rj-i_ProvisionsExchangeDifferences;jenv-bw2-dm:CommercialMember;jenv-bw2-dm:ConsolidatedMember;rj-dm:ProvisionInsuranceIllnessDisabilityMember
BVrzOvzZoaOmv;Wijzigingen van voorzieningen als gevolg van valuta-omrekeningsverschillen;rj-i_ProvisionsExchangeDifferences;jenv-bw2-dm:CommercialMember;jenv-bw2-dm:SeparateMember;rj-dm:ProvisionInsuranceIllnessDisabilityMember
BVrzOvzZoaOnt;Uitgaven ten laste van de voorziening gebracht;rj-i_ProvisionsUsage;jenv-bw2-dm:CommercialMember;jenv-bw2-dm:ConsolidatedMember;rj-dm:ProvisionInsuranceIllnessDisabilityMember
BVrzOvzZoaOnt;Uitgaven ten laste van de voorziening gebracht;rj-i_ProvisionsUsage;jenv-bw2-dm:CommercialMember;jenv-bw2-dm:SeparateMember;rj-dm:ProvisionInsuranceIllnessDisabilityMember
BVrzOvzZoaToe;Nieuw gevormde voorzieningen;rj-i_ProvisionsAdditions;jenv-bw2-dm:CommercialMember;jenv-bw2-dm:ConsolidatedMember;rj-dm:ProvisionInsuranceIllnessDisabilityMember
BVrzOvzZoaToe;Nieuw gevormde voorzieningen;rj-i_ProvisionsAdditions;jenv-bw2-dm:CommercialMember;jenv-bw2-dm:SeparateMember;rj-dm:ProvisionInsuranceIllnessDisabilityMember
BVrzOvzZoaVri;Niet gebruikte bedragen die zijn vrijgevallen;rj-i_ProvisionsRelease;jenv-bw2-dm:CommercialMember;jenv-bw2-dm:ConsolidatedMember;rj-dm:ProvisionInsuranceIllnessDisabilityMember
BVrzOvzZoaVri;Niet gebruikte bedragen die zijn vrijgevallen;rj-i_ProvisionsRelease;jenv-bw2-dm:CommercialMember;jenv-bw2-dm:SeparateMember;rj-dm:ProvisionInsuranceIllnessDisabilityMember
BVrzVvbVlb*;Latente belastingverplichtingen;rj-i_DeferredTaxLiabilities;jenv-bw2-dm:CommercialMember;jenv-bw2-dm:ConsolidatedMember
BVrzVvbVlb*;Voorzieningen;jenv-bw2-i_Provisions;jenv-bw2-dm:CommercialMember;jenv-bw2-dm:ConsolidatedMember;rj-dm:DeferredTaxLiabilitiesMember
BVrzVvbVlb*;Latente belastingverplichtingen;rj-i_DeferredTaxLiabilities;jenv-bw2-dm:CommercialMember;jenv-bw2-dm:SeparateMember
BVrzVvbVlb*;Voorzieningen;jenv-bw2-i_Provisions;jenv-bw2-dm:CommercialMember;jenv-bw2-dm:SeparateMember;rj-dm:DeferredTaxLiabilitiesMember
BVrzVvbVlbOev;Oprenting van voorzieningen en veranderingen van de disconteringsvoet;rj-i_ProvisionsYieldedInterest;jenv-bw2-dm:CommercialMember;jenv-bw2-dm:ConsolidatedMember;rj-dm:DeferredTaxLiabilitiesMember
BVrzVvbVlbOev;Oprenting van voorzieningen en veranderingen van de disconteringsvoet;rj-i_ProvisionsYieldedInterest;jenv-bw2-dm:CommercialMember;jenv-bw2-dm:SeparateMember;rj-dm:DeferredTaxLiabilitiesMember
BVrzVvbVlbOmv;Wijzigingen van voorzieningen als gevolg van valuta-omrekeningsverschillen;rj-i_ProvisionsExchangeDifferences;jenv-bw2-dm:CommercialMember;jenv-bw2-dm:ConsolidatedMember;rj-dm:DeferredTaxLiabilitiesMember
BVrzVvbVlbOmv;Wijzigingen van voorzieningen als gevolg van valuta-omrekeningsverschillen;rj-i_ProvisionsExchangeDifferences;jenv-bw2-dm:CommercialMember;jenv-bw2-dm:SeparateMember;rj-dm:DeferredTaxLiabilitiesMember
BVrzVvbVlbToe;Nieuw gevormde voorzieningen;rj-i_ProvisionsAdditions;jenv-bw2-dm:CommercialMember;jenv-bw2-dm:ConsolidatedMember;rj-dm:DeferredTaxLiabilitiesMember
BVrzVvbVlbToe;Nieuw gevormde voorzieningen;rj-i_ProvisionsAdditions;jenv-bw2-dm:CommercialMember;jenv-bw2-dm:SeparateMember;rj-dm:DeferredTaxLiabilitiesMember
BVrzVvbVlbVri;Niet gebruikte bedragen die zijn vrijgevallen;rj-i_ProvisionsRelease;jenv-bw2-dm:CommercialMember;jenv-bw2-dm:ConsolidatedMember;rj-dm:DeferredTaxLiabilitiesMember
BVrzVvbVlbVri;Niet gebruikte bedragen die zijn vrijgevallen;rj-i_ProvisionsRelease;jenv-bw2-dm:CommercialMember;jenv-bw2-dm:SeparateMember;rj-dm:DeferredTaxLiabilitiesMember
BVrzVvbVvb*;Voorziening voor belastingverplichtingen;jenv-bw2-i_ProvisionTaxLiabilities;jenv-bw2-dm:CommercialMember;jenv-bw2-dm:ConsolidatedMember
BVrzVvbVvb*;Voorzieningen;jenv-bw2-i_Provisions;jenv-bw2-dm:CommercialMember;jenv-bw2-dm:ConsolidatedMember;jenv-bw2-dm:ProvisionTaxLiabilitiesMember
BVrzVvbVvb*;Voorziening voor belastingverplichtingen;jenv-bw2-i_ProvisionTaxLiabilities;jenv-bw2-dm:CommercialMember;jenv-bw2-dm:SeparateMember
BVrzVvbVvb*;Voorzieningen;jenv-bw2-i_Provisions;jenv-bw2-dm:CommercialMember;jenv-bw2-dm:SeparateMember;jenv-bw2-dm:ProvisionTaxLiabilitiesMember
BVrzVvbVvbOev;Oprenting van voorzieningen en veranderingen van de disconteringsvoet;rj-i_ProvisionsYieldedInterest;jenv-bw2-dm:CommercialMember;jenv-bw2-dm:ConsolidatedMember;jenv-bw2-dm:ProvisionTaxLiabilitiesMember
BVrzVvbVvbOev;Oprenting van voorzieningen en veranderingen van de disconteringsvoet;rj-i_ProvisionsYieldedInterest;jenv-bw2-dm:CommercialMember;jenv-bw2-dm:SeparateMember;jenv-bw2-dm:ProvisionTaxLiabilitiesMember
BVrzVvbVvbOmv;Wijzigingen van voorzieningen als gevolg van valuta-omrekeningsverschillen;rj-i_ProvisionsExchangeDifferences;jenv-bw2-dm:CommercialMember;jenv-bw2-dm:ConsolidatedMember;jenv-bw2-dm:ProvisionTaxLiabilitiesMember
BVrzVvbVvbOmv;Wijzigingen van voorzieningen als gevolg van valuta-omrekeningsverschillen;rj-i_ProvisionsExchangeDifferences;jenv-bw2-dm:CommercialMember;jenv-bw2-dm:SeparateMember;jenv-bw2-dm:ProvisionTaxLiabilitiesMember
BVrzVvbVvbOnt;Uitgaven ten laste van de voorziening gebracht;rj-i_ProvisionsUsage;jenv-bw2-dm:CommercialMember;jenv-bw2-dm:ConsolidatedMember;jenv-bw2-dm:ProvisionTaxLiabilitiesMember
BVrzVvbVvbOnt;Uitgaven ten laste van de voorziening gebracht;rj-i_ProvisionsUsage;jenv-bw2-dm:CommercialMember;jenv-bw2-dm:SeparateMember;jenv-bw2-dm:ProvisionTaxLiabilitiesMember
BVrzVvbVvbToe;Nieuw gevormde voorzieningen;rj-i_ProvisionsAdditions;jenv-bw2-dm:CommercialMember;jenv-bw2-dm:ConsolidatedMember;jenv-bw2-dm:ProvisionTaxLiabilitiesMember
BVrzVvbVvbToe;Nieuw gevormde voorzieningen;rj-i_ProvisionsAdditions;jenv-bw2-dm:CommercialMember;jenv-bw2-dm:SeparateMember;jenv-bw2-dm:ProvisionTaxLiabilitiesMember
BVrzVvbVvbVri;Niet gebruikte bedragen die zijn vrijgevallen;rj-i_ProvisionsRelease;jenv-bw2-dm:CommercialMember;jenv-bw2-dm:ConsolidatedMember;jenv-bw2-dm:ProvisionTaxLiabilitiesMember
BVrzVvbVvbVri;Niet gebruikte bedragen die zijn vrijgevallen;rj-i_ProvisionsRelease;jenv-bw2-dm:CommercialMember;jenv-bw2-dm:SeparateMember;jenv-bw2-dm:ProvisionTaxLiabilitiesMember
BVrzVvp*;Voorzieningen voor pensioenverplichtingen;jenv-bw2-i_ProvisionPensionObligations;jenv-bw2-dm:CommercialMember;jenv-bw2-dm:ConsolidatedMember
BVrzVvp*;Voorzieningen;jenv-bw2-i_Provisions;jenv-bw2-dm:CommercialMember;jenv-bw2-dm:ConsolidatedMember;jenv-bw2-dm:ProvisionPensionObligationsMember
BVrzVvp*;Voorzieningen voor pensioenverplichtingen;jenv-bw2-i_ProvisionPensionObligations;jenv-bw2-dm:CommercialMember;jenv-bw2-dm:SeparateMember
BVrzVvp*;Voorzieningen;jenv-bw2-i_Provisions;jenv-bw2-dm:CommercialMember;jenv-bw2-dm:SeparateMember;jenv-bw2-dm:ProvisionPensionObligationsMember
BVrzVvp???Oev;Oprenting van voorzieningen en veranderingen van de disconteringsvoet;rj-i_ProvisionsYieldedInterest;jenv-bw2-dm:CommercialMember;jenv-bw2-dm:ConsolidatedMember;jenv-bw2-dm:ProvisionPensionObligationsMember
BVrzVvp???Oev;Oprenting van voorzieningen en veranderingen van de disconteringsvoet;rj-i_ProvisionsYieldedInterest;jenv-bw2-dm:CommercialMember;jenv-bw2-dm:SeparateMember;jenv-bw2-dm:ProvisionPensionObligationsMember
BVrzVvp???Omv;Wijzigingen van voorzieningen als gevolg van valuta-omrekeningsverschillen;rj-i_ProvisionsExchangeDifferences;jenv-bw2-dm:CommercialMember;jenv-bw2-dm:ConsolidatedMember;jenv-bw2-dm:ProvisionPensionObligationsMember
BVrzVvp???Omv;Wijzigingen van voorzieningen als gevolg van valuta-omrekeningsverschillen;rj-i_ProvisionsExchangeDifferences;jenv-bw2-dm:CommercialMember;jenv-bw2-dm:SeparateMember;jenv-bw2-dm:ProvisionPensionObligationsMember
BVrzVvp???Ont;Uitgaven ten laste van de voorziening gebracht;rj-i_ProvisionsUsage;jenv-bw2-dm:CommercialMember;jenv-bw2-dm:ConsolidatedMember;jenv-bw2-dm:ProvisionPensionObligationsMember
BVrzVvp???Ont;Uitgaven ten laste van de voorziening gebracht;rj-i_ProvisionsUsage;jenv-bw2-dm:CommercialMember;jenv-bw2-dm:SeparateMember;jenv-bw2-dm:ProvisionPensionObligationsMember
BVrzVvp???Toe;Nieuw gevormde voorzieningen;rj-i_ProvisionsAdditions;jenv-bw2-dm:CommercialMember;jenv-bw2-dm:ConsolidatedMember;jenv-bw2-dm:ProvisionPensionObligationsMember
BVrzVvp???Toe;Nieuw gevormde voorzieningen;rj-i_ProvisionsAdditions;jenv-bw2-dm:CommercialMember;jenv-bw2-dm:SeparateMember;jenv-bw2-dm:ProvisionPensionObligationsMember
BVrzVvp???Vri;Niet gebruikte bedragen die zijn vrijgevallen;rj-i_ProvisionsRelease;jenv-bw2-dm:CommercialMember;jenv-bw2-dm:ConsolidatedMember;jenv-bw2-dm:ProvisionPensionObligationsMember
BVrzVvp???Vri;Niet gebruikte bedragen die zijn vrijgevallen;rj-i_ProvisionsRelease;jenv-bw2-dm:CommercialMember;jenv-bw2-dm:SeparateMember;jenv-bw2-dm:ProvisionPensionObligationsMember
Beff*;Kortlopende effecten;jenv-bw2-i_SecuritiesCurrent;jenv-bw2-dm:CommercialMember;jenv-bw2-dm:ConsolidatedMember
Beff*;Kortlopende effecten;jenv-bw2-i_SecuritiesCurrent;jenv-bw2-dm:CommercialMember;jenv-bw2-dm:SeparateMember
EUR;Rapporteringsvaluta van het document;nl-cd_DocumentPresentationCurrency
WAad*;Aandeel van derden in het geconsolideerd resultaat na belastingen;jenv-bw2-i_ResultAttributableNoncontrollingInterest;jenv-bw2-dm:CommercialMember;jenv-bw2-dm:ConsolidatedMember
WAfs*;Afschrijvingen op immateriële en materiële vaste activa;jenv-bw2-i_DepreciationPropertyPlantEquipmentAmortisationIntangibleAssets;jenv-bw2-dm:CommercialMember;jenv-bw2-dm:ConsolidatedMember
WAfs*;Afschrijvingen op immateriële en materiële vaste activa;jenv-bw2-i_DepreciationPropertyPlantEquipmentAmortisationIntangibleAssetsBreakdown;jenv-bw2-dm:CommercialMember;jenv-bw2-dm:ConsolidatedMember
WAfs*;Afschrijvingen op immateriële en materiële vaste activa;jenv-bw2-i_DepreciationPropertyPlantEquipmentAmortisationIntangibleAssets;jenv-bw2-dm:CommercialMember;jenv-bw2-dm:SeparateMember
WAfs*;Afschrijvingen op immateriële en materiële vaste activa;jenv-bw2-i_DepreciationPropertyPlantEquipmentAmortisationIntangibleAssetsBreakdown;jenv-bw2-dm:CommercialMember;jenv-bw2-dm:SeparateMember
WAfsAiv*;Afschrijvingen op immateriële vaste activa;jenv-bw2-i_AmortisationIntangibleAssets;jenv-bw2-dm:CommercialMember;jenv-bw2-dm:ConsolidatedMember
WAfsAiv*;Afschrijvingen op immateriële vaste activa;jenv-bw2-i_AmortisationIntangibleAssets;jenv-bw2-dm:CommercialMember;jenv-bw2-dm:SeparateMember
WAfsRvi*;Winsten of verliezen die ontstaan als gevolg van de buitengebruikstelling of afstoting van een immaterieel vast actief;rj-i_ResultSaleIntangibleAssets;jenv-bw2-dm:CommercialMember;jenv-bw2-dm:ConsolidatedMember
WAfsRvi*;Winsten of verliezen die ontstaan als gevolg van de buitengebruikstelling of afstoting van een immaterieel vast actief;rj-i_ResultSaleIntangibleAssets;jenv-bw2-dm:CommercialMember;jenv-bw2-dm:SeparateMember
WAkf*;Algemene beheerskosten;jenv-bw2-i_GeneralAdministrativeExpenses;jenv-bw2-dm:CommercialMember;jenv-bw2-dm:ConsolidatedMember
WAkf*;Algemene beheerskosten;jenv-bw2-i_GeneralAdministrativeExpenses;jenv-bw2-dm:CommercialMember;jenv-bw2-dm:SeparateMember
WBed*;Overige bedrijfskosten;jenv-bw2-i_OperatingExpensesOther;jenv-bw2-dm:CommercialMember;jenv-bw2-dm:ConsolidatedMember
WBed*;Overige bedrijfskosten;jenv-bw2-i_OperatingExpensesOtherBreakdown;jenv-bw2-dm:CommercialMember;jenv-bw2-dm:ConsolidatedMember
WBed*;Overige bedrijfskosten;jenv-bw2-i_OperatingExpensesOther;jenv-bw2-dm:CommercialMember;jenv-bw2-dm:SeparateMember
WBed*;Overige bedrijfskosten;jenv-bw2-i_OperatingExpensesOtherBreakdown;jenv-bw2-dm:CommercialMember;jenv-bw2-dm:SeparateMember
WBel*;Belastingen over de winst of het verlies;jenv-bw2-i_IncomeTaxExpense;jenv-bw2-dm:CommercialMember;jenv-bw2-dm:ConsolidatedMember
WBel*;Belastingen over de winst of het verlies;jenv-bw2-i_IncomeTaxExpense;jenv-bw2-dm:CommercialMember;jenv-bw2-dm:SeparateMember
WBelBgrBgr;Belastingen uit huidig boekjaar;rj-i_IncomeTaxExpenseCurrent;jenv-bw2-dm:CommercialMember;jenv-bw2-dm:ConsolidatedMember
WBelBgrBgr;Belastingen uit huidig boekjaar;rj-i_IncomeTaxExpenseCurrent;jenv-bw2-dm:CommercialMember;jenv-bw2-dm:SeparateMember
WBelBgrBuv;Belastingen uit voorgaande boekjaren;rj-i_IncomeTaxExpensePrevious;jenv-bw2-dm:CommercialMember;jenv-bw2-dm:ConsolidatedMember
WBelBgrBuv;Belastingen uit voorgaande boekjaren;rj-i_IncomeTaxExpensePrevious;jenv-bw2-dm:CommercialMember;jenv-bw2-dm:SeparateMember
WBelBgrOvb;Overige belastingen;jenv-bw2-i_IncomeTaxExpenseOther;jenv-bw2-dm:CommercialMember;jenv-bw2-dm:ConsolidatedMember
WBelBgrOvb;Overige belastingen;jenv-bw2-i_IncomeTaxExpenseOther;jenv-bw2-dm:CommercialMember;jenv-bw2-dm:SeparateMember
WBelBgrWlb;Waardeverminderingen van latente belastingvorderingen;rj-i_DecreaseInValueDeferredTaxAssets;jenv-bw2-dm:CommercialMember;jenv-bw2-dm:ConsolidatedMember
WBelBgrWlb;Waardeverminderingen van latente belastingvorderingen;rj-i_DecreaseInValueDeferredTaxAssets;jenv-bw2-dm:CommercialMember;jenv-bw2-dm:SeparateMember
WBwvGwb*;Gerealiseerde waardeveranderingen van beleggingen;jenv-bw2-i_RealisedChangesInValueOfInvestments;jenv-bw2-dm:CommercialMember;jenv-bw2-dm:ConsolidatedMember
WBwvGwb*;Gerealiseerde waardeveranderingen van beleggingen;jenv-bw2-i_RealisedChangesInValueOfInvestments;jenv-bw2-dm:CommercialMember;jenv-bw2-dm:SeparateMember
WBwvGwbGwbGwa;Gerealiseerde waardeveranderingen van beleggingen in andere beleggingen;jenv-bw2-i_RealisedChangesInValueOfInvestmentsInInvestmentsOther;jenv-bw2-dm:CommercialMember;jenv-bw2-dm:ConsolidatedMember
WBwvGwbGwbGwa;Gerealiseerde waardeveranderingen van beleggingen in andere beleggingen;jenv-bw2-i_RealisedChangesInValueOfInvestmentsInInvestmentsOther;jenv-bw2-dm:CommercialMember;jenv-bw2-dm:SeparateMember
WBwvGwbGwbGwd;Gerealiseerde waardeveranderingen van beleggingen in andere deelnemingen;jenv-bw2-i_RealisedChangesInValueOfInvestmentsInParticipatingInterestsOther;jenv-bw2-dm:CommercialMember;jenv-bw2-dm:ConsolidatedMember
WBwvGwbGwbGwd;Gerealiseerde waardeveranderingen van beleggingen in andere deelnemingen;jenv-bw2-i_RealisedChangesInValueOfInvestmentsInParticipatingInterestsOther;jenv-bw2-dm:CommercialMember;jenv-bw2-dm:SeparateMember
WBwvGwbGwbGwg;Gerealiseerde waardeveranderingen van beleggingen in groepsmaatschappijen;jenv-bw2-i_RealisedChangesInValueOfInvestmentsInGroupCompanies;jenv-bw2-dm:CommercialMember;jenv-bw2-dm:ConsolidatedMember
WBwvGwbGwbGwg;Gerealiseerde waardeveranderingen van beleggingen in groepsmaatschappijen;jenv-bw2-i_RealisedChangesInValueOfInvestmentsInGroupCompanies;jenv-bw2-dm:CommercialMember;jenv-bw2-dm:SeparateMember
WBwvGwbGwbGwt;Gerealiseerde waardeveranderingen van beleggingen in terreinen en gebouwen;jenv-bw2-i_RealisedChangesInValueOfInvestmentsInLandAndBuildings;jenv-bw2-dm:CommercialMember;jenv-bw2-dm:ConsolidatedMember
WBwvGwbGwbGwt;Gerealiseerde waardeveranderingen van beleggingen in terreinen en gebouwen;jenv-bw2-i_RealisedChangesInValueOfInvestmentsInLandAndBuildings;jenv-bw2-dm:CommercialMember;jenv-bw2-dm:SeparateMember
WBwvNwb*;Niet-gerealiseerde waardeveranderingen van beleggingen;jenv-bw2-i_UnrealisedChangesInValueOfInvestments;jenv-bw2-dm:CommercialMember;jenv-bw2-dm:ConsolidatedMember
WBwvNwb*;Niet-gerealiseerde waardeveranderingen van beleggingen;jenv-bw2-i_UnrealisedChangesInValueOfInvestments;jenv-bw2-dm:CommercialMember;jenv-bw2-dm:SeparateMember
WBwvNwbNwbGwa;Niet-gerealiseerde waardeveranderingen van beleggingen in andere beleggingen;jenv-bw2-i_UnrealisedChangesInValueOfInvestmentsInOther;jenv-bw2-dm:CommercialMember;jenv-bw2-dm:ConsolidatedMember
WBwvNwbNwbGwa;Niet-gerealiseerde waardeveranderingen van beleggingen in andere beleggingen;jenv-bw2-i_UnrealisedChangesInValueOfInvestmentsInOther;jenv-bw2-dm:CommercialMember;jenv-bw2-dm:SeparateMember
WBwvNwbNwbGwd;Niet-gerealiseerde waardeveranderingen van beleggingen in andere deelnemingen;jenv-bw2-i_UnrealisedChangesInValueOfInvestmentsInParticipatingInterestsOther;jenv-bw2-dm:CommercialMember;jenv-bw2-dm:ConsolidatedMember
WBwvNwbNwbGwd;Niet-gerealiseerde waardeveranderingen van beleggingen in andere deelnemingen;jenv-bw2-i_UnrealisedChangesInValueOfInvestmentsInParticipatingInterestsOther;jenv-bw2-dm:CommercialMember;jenv-bw2-dm:SeparateMember
WBwvNwbNwbGwg;Niet-gerealiseerde waardeveranderingen van beleggingen in groepsmaatschappijen;jenv-bw2-i_UnrealisedChangesInValueOfInvestmentsInGroupCompanies;jenv-bw2-dm:CommercialMember;jenv-bw2-dm:ConsolidatedMember
WBwvNwbNwbGwg;Niet-gerealiseerde waardeveranderingen van beleggingen in groepsmaatschappijen;jenv-bw2-i_UnrealisedChangesInValueOfInvestmentsInGroupCompanies;jenv-bw2-dm:CommercialMember;jenv-bw2-dm:SeparateMember
WBwvNwbNwbGwt;Niet-gerealiseerde waardeveranderingen van beleggingen in terreinen en gebouwen;jenv-bw2-i_UnrealisedChangesInValueOfInvestmentsInLandAndBuildings;jenv-bw2-dm:CommercialMember;jenv-bw2-dm:ConsolidatedMember
WBwvNwbNwbGwt;Niet-gerealiseerde waardeveranderingen van beleggingen in terreinen en gebouwen;jenv-bw2-i_UnrealisedChangesInValueOfInvestmentsInLandAndBuildings;jenv-bw2-dm:CommercialMember;jenv-bw2-dm:SeparateMember
WBwvObw*;Waardeverminderingen van vlottende activa;jenv-bw2-i_ImpairmentCurrentAssets;jenv-bw2-dm:CommercialMember;jenv-bw2-dm:ConsolidatedMember
WBwvObw*;Waardeverminderingen van vlottende activa;jenv-bw2-i_ImpairmentCurrentAssets;jenv-bw2-dm:CommercialMember;jenv-bw2-dm:SeparateMember
WFbeAad*;(Amortisatie van) agio en disagio;rj-i_AmortisationSharePremiumDiscounts;jenv-bw2-dm:CommercialMember;jenv-bw2-dm:ConsolidatedMember
WFbeAad*;(Amortisatie van) agio en disagio;rj-i_AmortisationSharePremiumDiscounts;jenv-bw2-dm:CommercialMember;jenv-bw2-dm:SeparateMember
WFbeAlp*;Aflossingspremies;rj-i_RedemptionPremiums;jenv-bw2-dm:CommercialMember;jenv-bw2-dm:ConsolidatedMember
WFbeAlp*;Aflossingspremies;rj-i_RedemptionPremiums;jenv-bw2-dm:CommercialMember;jenv-bw2-dm:SeparateMember
WFbeBkf*;Bijkomende kosten ter afsluiting van een financiering;rj-i_AdditionalCostsFinancing;jenv-bw2-dm:CommercialMember;jenv-bw2-dm:ConsolidatedMember
WFbeBkf*;Bijkomende kosten ter afsluiting van een financiering;rj-i_AdditionalCostsFinancing;jenv-bw2-dm:CommercialMember;jenv-bw2-dm:SeparateMember
WFbeEmk*;Emissiekosten;rj-i_EmissionCosts;jenv-bw2-dm:CommercialMember;jenv-bw2-dm:ConsolidatedMember
WFbeEmk*;Emissiekosten;rj-i_EmissionCosts;jenv-bw2-dm:CommercialMember;jenv-bw2-dm:SeparateMember
WFbeKva*;Kosten bij vervroegde aflossing (eenmalig);rj-i_EarlyRedemptionCosts;jenv-bw2-dm:CommercialMember;jenv-bw2-dm:ConsolidatedMember
WFbeKva*;Kosten bij vervroegde aflossing (eenmalig);rj-i_EarlyRedemptionCosts;jenv-bw2-dm:CommercialMember;jenv-bw2-dm:SeparateMember
WFbeNhp*;Negatieve herwaarderingen van puttable financiële instrumenten;rj-i_NegativeRevaluationsOfPuttableFinancialInstruments;jenv-bw2-dm:CommercialMember;jenv-bw2-dm:ConsolidatedMember
WFbeNhp*;Negatieve herwaarderingen van puttable financiële instrumenten;rj-i_NegativeRevaluationsOfPuttableFinancialInstruments;jenv-bw2-dm:CommercialMember;jenv-bw2-dm:SeparateMember
WFbeNol*;Negatieve verschil tussen het ontvangen bedrag en de bij het aangaan van de lening als schuld erkende hoofdsom;rj-i_UnfavourableDifferenceReceivedAmountPrincipalAmount;jenv-bw2-dm:CommercialMember;jenv-bw2-dm:ConsolidatedMember
WFbeNol*;Negatieve verschil tussen het ontvangen bedrag en de bij het aangaan van de lening als schuld erkende hoofdsom;rj-i_UnfavourableDifferenceReceivedAmountPrincipalAmount;jenv-bw2-dm:CommercialMember;jenv-bw2-dm:SeparateMember
WFbeOnn*;Uitkeringen uit niet op netto-vermogenswaarde e.d. gewaardeerde deelnemingen;jenv-bw2-i_IncomeFromInvestmentsInParticipatingInterestsNotValuedAtNetAssetValue;jenv-bw2-dm:CommercialMember;jenv-bw2-dm:ConsolidatedMember
WFbeOnn*;Uitkeringen uit niet op netto-vermogenswaarde e.d. gewaardeerde deelnemingen;jenv-bw2-i_IncomeFromInvestmentsInParticipatingInterestsNotValuedAtNetAssetValue;jenv-bw2-dm:CommercialMember;jenv-bw2-dm:SeparateMember
WFbePhp*;Positieve herwaarderingen van puttable financiële instrumenten;rj-i_PositiveRevaluationsOfPuttableFinancialInstruments;jenv-bw2-dm:CommercialMember;jenv-bw2-dm:ConsolidatedMember
WFbePhp*;Positieve herwaarderingen van puttable financiële instrumenten;rj-i_PositiveRevaluationsOfPuttableFinancialInstruments;jenv-bw2-dm:CommercialMember;jenv-bw2-dm:SeparateMember
WFbePol*;Positieve verschil tussen het ontvangen bedrag en de bij het aangaan van de lening als schuld erkende hoofdsom;rj-i_FavourableDifferenceReceivedAmountPrincipalAmount;jenv-bw2-dm:CommercialMember;jenv-bw2-dm:ConsolidatedMember
WFbePol*;Positieve verschil tussen het ontvangen bedrag en de bij het aangaan van de lening als schuld erkende hoofdsom;rj-i_FavourableDifferenceReceivedAmountPrincipalAmount;jenv-bw2-dm:CommercialMember;jenv-bw2-dm:SeparateMember
WFbeRfl*;Rentekosten begrepen in de leasetermijn in geval van financiële leasing;rj-i_InterestExpensesIncludedLeaseTermFinancialLeasing;jenv-bw2-dm:CommercialMember;jenv-bw2-dm:ConsolidatedMember
WFbeRfl*;Rentekosten begrepen in de leasetermijn in geval van financiële leasing;rj-i_InterestExpensesIncludedLeaseTermFinancialLeasing;jenv-bw2-dm:CommercialMember;jenv-bw2-dm:SeparateMember
WFbeRlm*;Overige rentebaten en soortgelijke opbrengsten;jenv-bw2-i_InterestIncomeRelatedIncome;jenv-bw2-dm:CommercialMember;jenv-bw2-dm:ConsolidatedMember
WFbeRlm*;Overige rentebaten en soortgelijke opbrengsten;jenv-bw2-i_InterestIncomeRelatedIncome;jenv-bw2-dm:CommercialMember;jenv-bw2-dm:SeparateMember
WFbeVlr*;Valutaverschillen op leningen voor zover zij als een correctie van de verschuldigde rentekosten kunnen worden aangemerkt;rj-i_CurrencyDifferencesLoansConsideredAsCorrectionInterestChargesDue;jenv-bw2-dm:CommercialMember;jenv-bw2-dm:ConsolidatedMember
WFbeVlr*;Valutaverschillen op leningen voor zover zij als een correctie van de verschuldigde rentekosten kunnen worden aangemerkt;rj-i_CurrencyDifferencesLoansConsideredAsCorrectionInterestChargesDue;jenv-bw2-dm:CommercialMember;jenv-bw2-dm:SeparateMember
WFbeWis*;Valutakoersverschillen;rj-i_ForeignCurrencyExchangeRateResults;jenv-bw2-dm:CommercialMember;jenv-bw2-dm:ConsolidatedMember
WFbeWis*;Valutakoersverschillen;rj-i_ForeignCurrencyExchangeRateResults;jenv-bw2-dm:CommercialMember;jenv-bw2-dm:SeparateMember
WFbeWnn*;Waardeveranderingen van niet op netto-vermogenswaarde e.d. gewaardeerde deelnemingen;jenv-bw2-i_ChangesValueParticipatingInterestsNotValuedAtNetAssetValue;jenv-bw2-dm:CommercialMember;jenv-bw2-dm:ConsolidatedMember
WFbeWnn*;Waardeveranderingen van niet op netto-vermogenswaarde e.d. gewaardeerde deelnemingen;jenv-bw2-i_ChangesValueParticipatingInterestsNotValuedAtNetAssetValue;jenv-bw2-dm:CommercialMember;jenv-bw2-dm:SeparateMember
WOvt*;Opbrengsten van andere effecten en vorderingen, die tot de vaste activa behoren;jenv-bw2-i_IncomeReceivablesNoncurrentSecurities;jenv-bw2-dm:CommercialMember;jenv-bw2-dm:ConsolidatedMember
WOvt*;Opbrengsten van andere effecten en vorderingen, die tot de vaste activa behoren;jenv-bw2-i_IncomeReceivablesNoncurrentSecurities;jenv-bw2-dm:CommercialMember;jenv-bw2-dm:SeparateMember
WPer*;Lasten uit hoofde van personeelsbeloningen;jenv-bw2-i_EmployeeBenefitsExpenses;jenv-bw2-dm:CommercialMember;jenv-bw2-dm:ConsolidatedMember
WPer*;Lasten uit hoofde van personeelsbeloningen;jenv-bw2-i_EmployeeBenefitsExpensesBreakdown;jenv-bw2-dm:CommercialMember;jenv-bw2-dm:ConsolidatedMember
WPer*;Lasten uit hoofde van personeelsbeloningen;jenv-bw2-i_EmployeeBenefitsExpenses;jenv-bw2-dm:CommercialMember;jenv-bw2-dm:SeparateMember
WPer*;Lasten uit hoofde van personeelsbeloningen;jenv-bw2-i_EmployeeBenefitsExpensesBreakdown;jenv-bw2-dm:CommercialMember;jenv-bw2-dm:SeparateMember
WPerLesBvc*;Bezoldiging van commissarissen en gewezen commissarissen;jenv-bw2-i_RemunerationSupervisoryDirectorsFormerSupervisoryDirectors;jenv-bw2-dm:CommercialMember;jenv-bw2-dm:ConsolidatedMember
WPerLesBvc*;Bezoldiging van commissarissen en gewezen commissarissen;jenv-bw2-i_RemunerationSupervisoryDirectorsFormerSupervisoryDirectors;jenv-bw2-dm:CommercialMember;jenv-bw2-dm:SeparateMember
WPerLesLiv;Lasten in verband met op aandelen gebaseerde betalingen;rj-i_ShareBasedPaymentsExpenses;jenv-bw2-dm:CommercialMember;jenv-bw2-dm:ConsolidatedMember
WPerLesLiv;Op aandelen gebaseerde betalingen opgenomen onder lonen en salarissen;rj-i_ShareBasedPaymentsIncludedWagesSalaries;jenv-bw2-dm:CommercialMember;jenv-bw2-dm:ConsolidatedMember
WPerLesLiv;Lasten in verband met op aandelen gebaseerde betalingen;rj-i_ShareBasedPaymentsExpenses;jenv-bw2-dm:CommercialMember;jenv-bw2-dm:SeparateMember
WPerLesLiv;Op aandelen gebaseerde betalingen opgenomen onder lonen en salarissen;rj-i_ShareBasedPaymentsIncludedWagesSalaries;jenv-bw2-dm:CommercialMember;jenv-bw2-dm:SeparateMember
WPerLesOnu;Ontslagvergoedingen;rj-i_SeverancePayments;jenv-bw2-dm:CommercialMember;jenv-bw2-dm:ConsolidatedMember
WPerLesOnu;Ontslagvergoedingen;rj-i_SeverancePayments;jenv-bw2-dm:CommercialMember;jenv-bw2-dm:SeparateMember
WPerLesSld*;Bezoldiging van bestuurders en gewezen bestuurders;jenv-bw2-i_RemunerationManagingDirectorsFormerManagingDirectors;jenv-bw2-dm:CommercialMember;jenv-bw2-dm:ConsolidatedMember
WPerLesSld*;Bezoldiging van bestuurders en gewezen bestuurders;jenv-bw2-i_RemunerationManagingDirectorsFormerManagingDirectors;jenv-bw2-dm:CommercialMember;jenv-bw2-dm:SeparateMember
WPerOlu*;Overige lasten uit hoofde van personeelsbeloningen;rj-i_EmployeeBenefitsExpensesOther;jenv-bw2-dm:CommercialMember;jenv-bw2-dm:ConsolidatedMember
WPerOlu*;Overige lasten uit hoofde van personeelsbeloningen;rj-i_EmployeeBenefitsExpensesOther;jenv-bw2-dm:CommercialMember;jenv-bw2-dm:SeparateMember
WPerPen*;Pensioenlasten;jenv-bw2-i_PensionCosts;jenv-bw2-dm:CommercialMember;jenv-bw2-dm:ConsolidatedMember
WPerPen*;Pensioenlasten;jenv-bw2-i_PensionCosts;jenv-bw2-dm:CommercialMember;jenv-bw2-dm:SeparateMember
WPerPenAap;Aanvullende pensioenlasten;rj-i_PensionExpensesAdditional;jenv-bw2-dm:CommercialMember;jenv-bw2-dm:ConsolidatedMember
WPerPenAap;Aanvullende pensioenlasten;rj-i_PensionExpensesAdditional;jenv-bw2-dm:CommercialMember;jenv-bw2-dm:SeparateMember
WPerSol*;Sociale lasten;jenv-bw2-i_SocialSecurityContributions;jenv-bw2-dm:CommercialMember;jenv-bw2-dm:ConsolidatedMember
WPerSol*;Sociale lasten;jenv-bw2-i_SocialSecurityContributions;jenv-bw2-dm:CommercialMember;jenv-bw2-dm:SeparateMember
WRed*;Aandeel in resultaat van ondernemingen waarin wordt deelgenomen;jenv-bw2-i_ShareInResultsParticipatingInterests;jenv-bw2-dm:CommercialMember;jenv-bw2-dm:ConsolidatedMember
WRed*;Aandeel in resultaat van ondernemingen waarin wordt deelgenomen;jenv-bw2-i_ShareInResultsParticipatingInterests;jenv-bw2-dm:CommercialMember;jenv-bw2-dm:SeparateMember
WRedAirGrp*;Resultaat uit deelnemingen in groepsmaatschappijen;jenv-bw2-i_ShareInResultsParticipatingInterestsInGroupCompanies;jenv-bw2-dm:CommercialMember;jenv-bw2-dm:ConsolidatedMember
WRedAirGrp*;Resultaat uit deelnemingen in groepsmaatschappijen;jenv-bw2-i_ShareInResultsParticipatingInterestsInGroupCompanies;jenv-bw2-dm:CommercialMember;jenv-bw2-dm:SeparateMember
WRedAirOvd;Resultaat uit deelnemingen in overige verbonden maatschappijen;jenv-bw2-i_ShareInResultsParticipatingInterestsInOtherAffiliatedCompanies;jenv-bw2-dm:CommercialMember;jenv-bw2-dm:ConsolidatedMember
WRedAirOvd;Resultaat uit deelnemingen in overige verbonden maatschappijen;jenv-bw2-i_ShareInResultsParticipatingInterestsInOtherAffiliatedCompanies;jenv-bw2-dm:CommercialMember;jenv-bw2-dm:SeparateMember
WVhe*;Vrijval uit herwaarderingsreserve;jenv-bw2-i_RevaluationReserveRelease;jenv-bw2-dm:CommercialMember;jenv-bw2-dm:ConsolidatedMember
WVhe*;Vrijval uit herwaarderingsreserve;jenv-bw2-i_RevaluationReserveRelease;jenv-bw2-dm:CommercialMember;jenv-bw2-dm:SeparateMember
WVkf*;Verkoopkosten;jenv-bw2-i_SellingExpenses;jenv-bw2-dm:CommercialMember;jenv-bw2-dm:ConsolidatedMember
WVkf*;Verkoopkosten;jenv-bw2-i_SellingExpenses;jenv-bw2-dm:CommercialMember;jenv-bw2-dm:SeparateMember
WWfa*;Wijzigingen in de waarde van financiële vaste activa en van de effecten die tot de vlottende activa behoren;jenv-bw2-i_ChangesValueFinancialAssetsSecurities;jenv-bw2-dm:CommercialMember;jenv-bw2-dm:ConsolidatedMember
WWfa*;Wijzigingen in de waarde van financiële vaste activa en van de effecten die tot de vlottende activa behoren;jenv-bw2-i_ChangesValueFinancialAssetsSecurities;jenv-bw2-dm:CommercialMember;jenv-bw2-dm:SeparateMember
WWfaBwvFva;Bijzondere waardeverminderingen van financiële vaste activa verantwoord in de winst-en-verliesrekening;rj-i_ImpairmentFinancialAssetsRecordedInIncomeStatement;jenv-bw2-dm:CommercialMember;jenv-bw2-dm:ConsolidatedMember
WWfaBwvFva;Bijzondere waardeverminderingen van financiële vaste activa verantwoord in de winst-en-verliesrekening;rj-i_ImpairmentFinancialAssetsRecordedInIncomeStatement;jenv-bw2-dm:CommercialMember;jenv-bw2-dm:SeparateMember
WWfaBwvFvaDee;Wijzigingen in de waarde van de financiële vaste activa en van de effecten die tot de vlottende activa behoren op overige verbonden maatschappijen;jenv-bw2-i_ChangesValueFinancialAssetsSecuritiesOtherAffiliatedCompanies;jenv-bw2-dm:CommercialMember;jenv-bw2-dm:ConsolidatedMember
WWfaBwvFvaDee;Wijzigingen in de waarde van de financiële vaste activa en van de effecten die tot de vlottende activa behoren op overige verbonden maatschappijen;jenv-bw2-i_ChangesValueFinancialAssetsSecuritiesOtherAffiliatedCompanies;jenv-bw2-dm:CommercialMember;jenv-bw2-dm:SeparateMember
WWfaBwvFvaDgr;Wijzigingen in de waarde van de financiële vaste activa en van de effecten die tot de vlottende activa behoren op groepsmaatschappijen;jenv-bw2-i_ChangesValueFinancialAssetsSecuritiesGroupCompanies;jenv-bw2-dm:CommercialMember;jenv-bw2-dm:ConsolidatedMember
WWfaBwvFvaDgr;Wijzigingen in de waarde van de financiële vaste activa en van de effecten die tot de vlottende activa behoren op groepsmaatschappijen;jenv-bw2-i_ChangesValueFinancialAssetsSecuritiesGroupCompanies;jenv-bw2-dm:CommercialMember;jenv-bw2-dm:SeparateMember
WWfaBwvTwe;Terugneming van bijzondere waardeverminderingen van effecten verantwoord in de winst-en-verliesrekening;rj-i_ImpairmentSecuritiesReversalRecordedInIncomeStatement;jenv-bw2-dm:CommercialMember;jenv-bw2-dm:ConsolidatedMember
WWfaBwvTwe;Terugneming van bijzondere waardeverminderingen van effecten verantwoord in de winst-en-verliesrekening;rj-i_ImpairmentSecuritiesReversalRecordedInIncomeStatement;jenv-bw2-dm:CommercialMember;jenv-bw2-dm:SeparateMember
WWfaBwvTwf;Terugneming van bijzondere waardeverminderingen van financiële vaste activa verantwoord in de winst-en-verliesrekening;rj-i_ImpairmentFinancialAssetsReversalRecordedInIncomeStatement;jenv-bw2-dm:CommercialMember;jenv-bw2-dm:ConsolidatedMember
WWfaBwvTwf;Terugneming van bijzondere waardeverminderingen van financiële vaste activa verantwoord in de winst-en-verliesrekening;rj-i_ImpairmentFinancialAssetsReversalRecordedInIncomeStatement;jenv-bw2-dm:CommercialMember;jenv-bw2-dm:SeparateMember
WWivWva*;Bedrag van waardeveranderingen van agrarische voorraden gewaardeerd tegen actuele waarde onmiddellijk verwerkt in de winst-en-verliesrekening;rj-i_AmountChangeValueAgriculturalStocksAtCurrentValueProfitLossAccount;jenv-bw2-dm:CommercialMember;jenv-bw2-dm:ConsolidatedMember
WWivWva*;Waardeveranderingen van agrarische voorraden;rj-i_ChangeValueAgriculturalStocks;jenv-bw2-dm:CommercialMember;jenv-bw2-dm:ConsolidatedMember
WWivWva*;Bedrag van waardeveranderingen van agrarische voorraden gewaardeerd tegen actuele waarde onmiddellijk verwerkt in de winst-en-verliesrekening;rj-i_AmountChangeValueAgriculturalStocksAtCurrentValueProfitLossAccount;jenv-bw2-dm:CommercialMember;jenv-bw2-dm:SeparateMember
WWivWva*;Waardeveranderingen van agrarische voorraden;rj-i_ChangeValueAgriculturalStocks;jenv-bw2-dm:CommercialMember;jenv-bw2-dm:SeparateMember
WWviWvb*;Wijziging in de reële waarde van vastgoedbeleggingen;rj-i_ChangesValueInvestmentProperties;jenv-bw2-dm:CommercialMember;jenv-bw2-dm:ConsolidatedMember
WWviWvb*;Wijziging in de reële waarde van vastgoedbeleggingen;rj-i_ChangesValueInvestmentProperties;jenv-bw2-dm:CommercialMember;jenv-bw2-dm:ConsolidatedMember;;rj-dm:InvestmentPropertiesMember
WWviWvb*;Wijziging in de reële waarde van vastgoedbeleggingen;rj-i_ChangesValueInvestmentProperties;jenv-bw2-dm:CommercialMember;jenv-bw2-dm:SeparateMember
WWviWvb*;Wijziging in de reële waarde van vastgoedbeleggingen;rj-i_ChangesValueInvestmentProperties;jenv-bw2-dm:CommercialMember;jenv-bw2-dm:SeparateMember;;rj-dm:InvestmentPropertiesMember
WWviWvb???Vie;Wijziging in de reële waarde van vastgoedbeleggingen;rj-i_ChangesValueInvestmentProperties;jenv-bw2-dm:CommercialMember;jenv-bw2-dm:ConsolidatedMember;;rj-cp-dm:InvestmentPropertiesInExploitationMember
WWviWvb???Vie;Wijziging in de reële waarde van vastgoedbeleggingen;rj-i_ChangesValueInvestmentProperties;jenv-bw2-dm:CommercialMember;jenv-bw2-dm:SeparateMember;;rj-cp-dm:InvestmentPropertiesInExploitationMember
WWviWvb???Vio;Wijziging in de reële waarde van vastgoedbeleggingen;rj-i_ChangesValueInvestmentProperties;jenv-bw2-dm:CommercialMember;jenv-bw2-dm:ConsolidatedMember;;rj-dm:InvestmentPropertiesInDevelopmentMember
WWviWvb???Vio;Wijziging in de reële waarde van vastgoedbeleggingen;rj-i_ChangesValueInvestmentProperties;jenv-bw2-dm:CommercialMember;jenv-bw2-dm:SeparateMember;;rj-dm:InvestmentPropertiesInDevelopmentMember
WWviWvbTbw;Terugneming van bijzondere waardeverminderingen van vastgoedbeleggingen verantwoord in de winst-en-verliesrekening;rj-i_ImpairmentInvestmentPropertiesReversalRecordedInIncomeStatement;jenv-bw2-dm:CommercialMember;jenv-bw2-dm:ConsolidatedMember
WWviWvbTbw;Terugneming van bijzondere waardeverminderingen van vastgoedbeleggingen verantwoord in de winst-en-verliesrekening;rj-i_ImpairmentInvestmentPropertiesReversalRecordedInIncomeStatement;jenv-bw2-dm:CommercialMember;jenv-bw2-dm:SeparateMember
WWviWvbTbw*;Terugneming van bijzondere waardeverminderingen van vastgoedbeleggingen verantwoord in de winst-en-verliesrekening;rj-i_ImpairmentInvestmentPropertiesReversalRecordedInIncomeStatement;jenv-bw2-dm:CommercialMember;jenv-bw2-dm:ConsolidatedMember;;rj-dm:InvestmentPropertiesMember
WWviWvbTbw*;Terugneming van bijzondere waardeverminderingen van vastgoedbeleggingen verantwoord in de winst-en-verliesrekening;rj-i_ImpairmentInvestmentPropertiesReversalRecordedInIncomeStatement;jenv-bw2-dm:CommercialMember;jenv-bw2-dm:SeparateMember;;rj-dm:InvestmentPropertiesMember
WWviWvbTbwVie;Terugneming van bijzondere waardeverminderingen van vastgoedbeleggingen verantwoord in de winst-en-verliesrekening;rj-i_ImpairmentInvestmentPropertiesReversalRecordedInIncomeStatement;jenv-bw2-dm:CommercialMember;jenv-bw2-dm:ConsolidatedMember;;rj-cp-dm:InvestmentPropertiesInExploitationMember
WWviWvbTbwVie;Terugneming van bijzondere waardeverminderingen van vastgoedbeleggingen verantwoord in de winst-en-verliesrekening;rj-i_ImpairmentInvestmentPropertiesReversalRecordedInIncomeStatement;jenv-bw2-dm:CommercialMember;jenv-bw2-dm:SeparateMember;;rj-cp-dm:InvestmentPropertiesInExploitationMember
WWviWvbTbwVio;Terugneming van bijzondere waardeverminderingen van vastgoedbeleggingen verantwoord in de winst-en-verliesrekening;rj-i_ImpairmentInvestmentPropertiesReversalRecordedInIncomeStatement;jenv-bw2-dm:CommercialMember;jenv-bw2-dm:ConsolidatedMember;;rj-dm:InvestmentPropertiesInDevelopmentMember
WWviWvbTbwVio;Terugneming van bijzondere waardeverminderingen van vastgoedbeleggingen verantwoord in de winst-en-verliesrekening;rj-i_ImpairmentInvestmentPropertiesReversalRecordedInIncomeStatement;jenv-bw2-dm:CommercialMember;jenv-bw2-dm:SeparateMember;;rj-dm:InvestmentPropertiesInDevelopmentMember
WWviWvi*;Waardeveranderingen van immateriële vaste activa;jenv-bw2-i_ChangesInValueIntangibleAssets;jenv-bw2-dm:CommercialMember;jenv-bw2-dm:ConsolidatedMember
WWviWvi*;Waardeveranderingen van immateriële vaste activa;jenv-bw2-i_ChangesInValueIntangibleAssets;jenv-bw2-dm:CommercialMember;jenv-bw2-dm:SeparateMember
WWviWviTbi;Terugneming van bijzondere waardeverminderingen van immateriële vaste activa verantwoord in de winst-en-verliesrekening;rj-i_ImpairmentIntangibleAssetsReversalRecordedInIncomeStatement;jenv-bw2-dm:CommercialMember;jenv-bw2-dm:ConsolidatedMember
WWviWviTbi;Terugneming van bijzondere waardeverminderingen van immateriële vaste activa verantwoord in de winst-en-verliesrekening;rj-i_ImpairmentIntangibleAssetsReversalRecordedInIncomeStatement;jenv-bw2-dm:CommercialMember;jenv-bw2-dm:SeparateMember
WWviWvm*;Waardeveranderingen van materiële vaste activa;jenv-bw2-i_ChangesInValuePropertyPlantEquipment;jenv-bw2-dm:CommercialMember;jenv-bw2-dm:ConsolidatedMember
WWviWvm*;Waardeveranderingen van materiële vaste activa;jenv-bw2-i_ChangesInValuePropertyPlantEquipment;jenv-bw2-dm:CommercialMember;jenv-bw2-dm:SeparateMember
WWviWvmTbm;Terugneming van bijzondere waardeverminderingen van materiële vaste activa verantwoord in de winst-en-verliesrekening;rj-i_ImpairmentPropertyPlantEquipmentReversalRecordedInIncomeStatement;jenv-bw2-dm:CommercialMember;jenv-bw2-dm:ConsolidatedMember
WWviWvmTbm;Terugneming van bijzondere waardeverminderingen van materiële vaste activa verantwoord in de winst-en-verliesrekening;rj-i_ImpairmentPropertyPlantEquipmentReversalRecordedInIncomeStatement;jenv-bw2-dm:CommercialMember;jenv-bw2-dm:SeparateMember