SBR_ENTRYPOINT;http://www.nltaxonomie.nl/nt20/kvk/20251210/entrypoints/kvk-rpt-jaarverantwoording-2025-nlgaap-klein.xsd
SBR_CONNECT;SBR_LABEL;SBR_CONCEPT;SBR_AXIS[jenv-bw2-dim:BasisOfPreparationAxis];SBR_AXIS[jenv-bw2-dim:FinancialStatementsTypeAxis];SBR_AXIS[rj-dim:ClassesOfInvestmentPropertiesAxis];SBR_AXIS[jenv-bw2-dim:ClassesOfIntangibleAssetsAxis];SBR_AXIS[jenv-bw2-dim:ClassesOfEquityAxis];SBR_AXIS[rj-dim:ClassesOfRevaluationReserveAxis]
1-1-2021;Startdatum van de voorgaande periode waarop de jaarrekening betrekking heeft;jenv-bw2-i_FinancialReportingPeriodPreviousStartDate
1-1-2022;Startdatum van de periode waarop de jaarrekening betrekking heeft;jenv-bw2-i_FinancialReportingPeriodCurrentStartDate
31-12-2021;Einddatum van de voorgaande periode waarop de jaarrekening betrekking heeft;jenv-bw2-i_FinancialReportingPeriodPreviousEndDate
31-12-2022;Einddatum van de periode waarop de jaarrekening betrekking heeft;jenv-bw2-i_FinancialReportingPeriodCurrentEndDate
=GROUP(BEffAanAbe*+BEffOblObb*+BEffOveOeb*+BEffOptOpb*+BEffOpvOpb*);Beursgenoteerde effecten;rj-i_SecuritiesListed;jenv-bw2-dm:CommercialMember;jenv-bw2-dm:ConsolidatedMember
=GROUP(BEffAanAbe*+BEffOblObb*+BEffOveOeb*+BEffOptOpb*+BEffOpvOpb*);Beursgenoteerde effecten;rj-i_SecuritiesListed;jenv-bw2-dm:CommercialMember;jenv-bw2-dm:SeparateMember
=GROUP(BEffAanAnb*+BEffOblOnb*+BEffOveOen*+BEffOptOpn*+BEffOpvOpn*+BEffDerDer*);Niet-beursgenoteerde effecten;rj-i_SecuritiesNonListed;jenv-bw2-dm:CommercialMember;jenv-bw2-dm:ConsolidatedMember
=GROUP(BEffAanAnb*+BEffOblOnb*+BEffOveOen*+BEffOptOpn*+BEffOpvOpn*+BEffDerDer*);Niet-beursgenoteerde effecten;rj-i_SecuritiesNonListed;jenv-bw2-dm:CommercialMember;jenv-bw2-dm:SeparateMember
=GROUP(BEiv*+BEga*);Groepsvermogen;jenv-bw2-i_EquityGroup;jenv-bw2-dm:CommercialMember;jenv-bw2-dm:ConsolidatedMember
=GROUP(BEiv*+BEga*+BVrz*+BLas*+BSch*);Passiva;jenv-bw2-i_EquityAndLiabilities;jenv-bw2-dm:CommercialMember;jenv-bw2-dm:ConsolidatedMember
=GROUP(BEiv*+BEga*+BVrz*+BLas*+BSch*);Passiva;jenv-bw2-i_EquityAndLiabilities;jenv-bw2-dm:CommercialMember;jenv-bw2-dm:SeparateMember
=GROUP(BEiv*+BEga*-BEivAvd*);Eigen vermogen;jenv-bw2-i_Equity;jenv-bw2-dm:CommercialMember;jenv-bw2-dm:ConsolidatedMember
=GROUP(BEiv*-BEiv??????Beg)-GROUP(BEivHerHewOhe+BEivHerHewSte+BEivHerHewBvs+BEivWer???Rsw+BEivOvr???Slw+BEivOre???Rms);Mutatie in het eigen vermogen gedurende de periode;jenv-bw2-i_EquityMovement;jenv-bw2-dm:CommercialMember;jenv-bw2-dm:SeparateMember;;;jenv-bw2-dm:EquityMember
=GROUP(BEiv??????Avh+BEivOre???All);Mutatie in het eigen vermogen als gevolg van bestemming van het nettoresultaat;rj-cp-i_EquityResultAllocation;jenv-bw2-dm:CommercialMember;jenv-bw2-dm:SeparateMember;;;jenv-bw2-dm:EquityMember
=GROUP(BEiv??????Beg+BEivHerHewOhe+BEivHerHewSte+BEivHerHewBvs+BEiv??????Rsw+BEiv??????Slw+BEivOre???Rms+BEiv??????Rfh+BEivOre???Rmf);Aangepaste eigen vermogen na herrekening;rj-i_AdjustedEquityAfterRecalculation;jenv-bw2-dm:CommercialMember;jenv-bw2-dm:SeparateMember;;;jenv-bw2-dm:EquityMember
=GROUP(BEiv??????Beg+BEivHerHewOhe+BEivHerHewSte+BEivHerHewBvs+BEiv??????Rsw+BEiv??????Slw+BEivOre???Rms+BEiv??????Rfh+BEivOre???Rmf);Aangepaste eigen vermogen na herrekening;rj-i_AdjustedEquityAfterRecalculation;jenv-bw2-dm:CommercialMember;jenv-bw2-dm:SeparateMember;;;jenv-bw2-dm:ResultForTheYearMember
=GROUP(BEiv??????Div+BEiv??????Idi);Mutatie in het eigen vermogen als gevolg van dividenduitkeringen;rj-cp-i_EquityDividendDistribution;jenv-bw2-dm:CommercialMember;jenv-bw2-dm:SeparateMember;;;jenv-bw2-dm:EquityMember
=GROUP(BEiv??????Ove+BEivFir???Atg+BEivFir???Aaw+BEivFir???Dot+BEivFir???Ktl);Mutatie in het eigen vermogen als gevolg van overboekingen;rj-cp-i_EquityTransfers;jenv-bw2-dm:CommercialMember;jenv-bw2-dm:SeparateMember;;;jenv-bw2-dm:EquityMember
=GROUP(BEiv??????Ovm+BEiv??????Dot+BEiv??????Ont);Mutatie in het eigen vermogen als gevolg van overige mutaties;rj-cp-i_EquityMovementOther;jenv-bw2-dm:CommercialMember;jenv-bw2-dm:SeparateMember;;;jenv-bw2-dm:EquityMember
=GROUP(BEiv??????Raf+BEivOre???Rma);Rechtstreekse mutatie in het eigen vermogen als gevolg van afstotingen;rj-cp-i_EquityDirectlyBusinessDivestitures;jenv-bw2-dm:CommercialMember;jenv-bw2-dm:SeparateMember;;;jenv-bw2-dm:EquityMember
=GROUP(BEiv??????Rbw+BEivOre???Rmw);Rechtstreekse mutatie in het eigen vermogen als gevolg van bijzondere waardeverminderingen;rj-cp-i_EquityDirectlyImpairment;jenv-bw2-dm:CommercialMember;jenv-bw2-dm:SeparateMember;;;jenv-bw2-dm:EquityMember
=GROUP(BEiv??????Rfh+BEivOre???Rmf);Rechtstreekse mutatie in het eigen vermogen als gevolg van foutherstel;rj-cp-i_EquityDirectlyMaterialErrors;jenv-bw2-dm:CommercialMember;jenv-bw2-dm:SeparateMember;;;jenv-bw2-dm:EquityMember
=GROUP(BEiv??????Rfh+BEivOre???Rmf);Rechtstreekse mutatie in het eigen vermogen als gevolg van foutherstel;rj-cp-i_EquityDirectlyMaterialErrors;jenv-bw2-dm:CommercialMember;jenv-bw2-dm:SeparateMember;;;jenv-bw2-dm:ResultForTheYearMember
=GROUP(BEiv??????Rfi+BEivOre???Rmd);Rechtstreekse mutatie in het eigen vermogen als gevolg van financiële instrumenten;rj-i_EquityDirectlyFinancialInstruments;jenv-bw2-dm:CommercialMember;jenv-bw2-dm:SeparateMember;;;jenv-bw2-dm:EquityMember
=GROUP(BEiv??????Rom+BEivFir???Val+BEivOre???Rmv);Rechtstreekse mutatie in het eigen vermogen als gevolg van omrekeningsverschillen;rj-cp-i_EquityDirectlyExchangeDifferences;jenv-bw2-dm:CommercialMember;jenv-bw2-dm:SeparateMember;;;jenv-bw2-dm:EquityMember
=GROUP(BEiv??????Rov+BEivOre???Rmo);Rechtstreekse mutatie in het eigen vermogen als gevolg van overnames;rj-cp-i_EquityDirectlyBusinessAcquisitions;jenv-bw2-dm:CommercialMember;jenv-bw2-dm:SeparateMember;;;jenv-bw2-dm:EquityMember
=GROUP(BEiv??????Rtw+BEivOre???Rmt);Rechtstreekse mutatie in het eigen vermogen als gevolg van terugneming van bijzondere waardeverminderingen;rj-cp-i_EquityDirectlyImpairmentReversal;jenv-bw2-dm:CommercialMember;jenv-bw2-dm:SeparateMember;;;jenv-bw2-dm:EquityMember
=GROUP(BEivAgi*-BEivAgiAgiBeg);Mutatie in het eigen vermogen gedurende de periode;jenv-bw2-i_EquityMovement;jenv-bw2-dm:CommercialMember;jenv-bw2-dm:SeparateMember;;;jenv-bw2-dm:SharePremiumMember
=GROUP(BEivAgiAgiBeg+BEivAgiAgiRfh);Aangepaste eigen vermogen na herrekening;rj-i_AdjustedEquityAfterRecalculation;jenv-bw2-dm:CommercialMember;jenv-bw2-dm:SeparateMember;;;jenv-bw2-dm:SharePremiumMember
=GROUP(BEivFir*-BEivFirHer*);Overige fiscale reserves;rj-i_OtherFiscalReserves;jenv-bw2-dm:CommercialMember;jenv-bw2-dm:SeparateMember
=GROUP(BEivFir*-BEivFirHer*);Eigen vermogen;jenv-bw2-i_Equity;jenv-bw2-dm:CommercialMember;jenv-bw2-dm:SeparateMember;;;rj-dm:OtherFiscalReservesMember
=GROUP(BEivFir???*-BEivFir???Beg)-GROUP(BEivFirHer*-BEivFirHerBeg);Mutatie in het eigen vermogen gedurende de periode;jenv-bw2-i_EquityMovement;jenv-bw2-dm:CommercialMember;jenv-bw2-dm:SeparateMember;;;rj-dm:OtherFiscalReservesMember
=GROUP(BEivFir???Atg+BEivFir???Aaw+BEivFir???Dot+BEivFir???Ktl+BEivFir???Ove)-GROUP(BEivFirHerAtg+BEivFirHerAaw+BEivFirHerDot+BEivFirHerKtl+BEivFirHerOve);Mutatie in het eigen vermogen als gevolg van overboekingen;rj-cp-i_EquityTransfers;jenv-bw2-dm:CommercialMember;jenv-bw2-dm:SeparateMember;;;rj-dm:OtherFiscalReservesMember
=GROUP(BEivFir???Beg-BEivFirHerBeg);Aangepaste eigen vermogen na herrekening;rj-i_AdjustedEquityAfterRecalculation;jenv-bw2-dm:CommercialMember;jenv-bw2-dm:SeparateMember;;;rj-dm:OtherFiscalReservesMember
=GROUP(BEivFir???Ovm-BEivFirHerOvm);Mutatie in het eigen vermogen als gevolg van overige mutaties;rj-cp-i_EquityMovementOther;jenv-bw2-dm:CommercialMember;jenv-bw2-dm:SeparateMember;;;rj-dm:OtherFiscalReservesMember
=GROUP(BEivFir???Val-BEivFirHerVal);Rechtstreekse mutatie in het eigen vermogen als gevolg van omrekeningsverschillen;rj-cp-i_EquityDirectlyExchangeDifferences;jenv-bw2-dm:CommercialMember;jenv-bw2-dm:SeparateMember;;;rj-dm:OtherFiscalReservesMember
=GROUP(BEivFirHer*-BEivFirHerBeg);Mutatie in het eigen vermogen gedurende de periode;jenv-bw2-i_EquityMovement;jenv-bw2-dm:CommercialMember;jenv-bw2-dm:SeparateMember;;;jenv-bw2-dm:ReinvestmentReserveMember
=GROUP(BEivFirHerAtg+BEivFirHerAaw+BEivFirHerDot+BEivFirHerKtl+BEivFirHerOve);Mutatie in het eigen vermogen als gevolg van overboekingen;rj-cp-i_EquityTransfers;jenv-bw2-dm:CommercialMember;jenv-bw2-dm:SeparateMember;;;jenv-bw2-dm:ReinvestmentReserveMember
=GROUP(BEivGok*-BEivGok???Beg);Mutatie in het eigen vermogen gedurende de periode;jenv-bw2-i_EquityMovement;jenv-bw2-dm:CommercialMember;jenv-bw2-dm:SeparateMember;;;jenv-bw2-dm:ShareCapitalPaidCalledUpMember
=GROUP(BEivGok???Div+BEivGok???Idi);Mutatie in het eigen vermogen als gevolg van dividenduitkeringen;rj-cp-i_EquityDividendDistribution;jenv-bw2-dm:CommercialMember;jenv-bw2-dm:SeparateMember;;;jenv-bw2-dm:ShareCapitalPaidCalledUpMember
=GROUP(BEivGok???Ink+BEiv??????Ive);Mutatie in het eigen vermogen als gevolg van de inkoop van eigen aandelen;rj-cp-i_EquityTreasurySharesPurchase;jenv-bw2-dm:CommercialMember;jenv-bw2-dm:SeparateMember;;;jenv-bw2-dm:EquityMember
=GROUP(BEivGok???Int+BEiv??????Iva);Mutatie in het eigen vermogen als gevolg van de intrekking van aandelen;rj-cp-i_EquitySharesWithdrawal;jenv-bw2-dm:CommercialMember;jenv-bw2-dm:SeparateMember;;;jenv-bw2-dm:EquityMember
=GROUP(BEivGok???Uit+BEiv??????Uva);Mutatie in het eigen vermogen als gevolg van de uitgifte van aandelen;rj-cp-i_EquityShareIssue;jenv-bw2-dm:CommercialMember;jenv-bw2-dm:SeparateMember;;;jenv-bw2-dm:EquityMember
=GROUP(BEivGok???Vrk+BEiv??????Vve);Mutatie in het eigen vermogen als gevolg van de verkoop van eigen aandelen;rj-cp-i_EquityTreasurySharesSale;jenv-bw2-dm:CommercialMember;jenv-bw2-dm:SeparateMember;;;jenv-bw2-dm:EquityMember
=GROUP(BEivHerHewBeg+BEivHerHewOhe+BEivHerHewSte+BEivHerHewBvs);Aangepaste eigen vermogen na herrekening;rj-i_AdjustedEquityAfterRecalculation;jenv-bw2-dm:CommercialMember;jenv-bw2-dm:SeparateMember;;;jenv-bw2-dm:RevaluationReserveMember
=GROUP(BEivHerHewBeg+BEivHerHewOhe+BEivHerHewSte+BEivHerHewBvs);Aangepaste herwaarderingsreserve na herrekening als gevolg van stelselwijziging;rj-i_AdjustedRevaluationReserveAfterRecalculationChangeAccountingPolicies;jenv-bw2-dm:CommercialMember;jenv-bw2-dm:SeparateMember;;;;jenv-bw2-dm:RevaluationReserveMember
=GROUP(BEivHerHewBeg+BEivHerHewOhe+BEivHerHewSte+BEivHerHewBvs);Aangepaste herwaarderingsreserve na herrekening als gevolg van stelselwijziging;rj-i_AdjustedRevaluationReserveAfterRecalculationChangeAccountingPolicies;jenv-bw2-dm:CommercialMember;jenv-bw2-dm:SeparateMember;;;;rj-dm:HedgedMember
=GROUP(BEivHerHewGhw+BEivHerHewOve+BEivHerHewHer+BEivHerHewVrh+BEivHerHewOvm);Mutatie in herwaarderingsreserve als gevolg van gerealiseerde herwaarderingen via winst-en-verliesrekening;rj-i_RevaluationReserveRealisedRevaluationsThroughIncomeStatement;jenv-bw2-dm:CommercialMember;jenv-bw2-dm:SeparateMember;;;;jenv-bw2-dm:RevaluationReserveMember
=GROUP(BEivHerHewGhw+BEivHerHewOve+BEivHerHewHer+BEivHerHewVrh+BEivHerHewOvm);Mutatie in herwaarderingsreserve als gevolg van gerealiseerde herwaarderingen via winst-en-verliesrekening;rj-i_RevaluationReserveRealisedRevaluationsThroughIncomeStatement;jenv-bw2-dm:CommercialMember;jenv-bw2-dm:SeparateMember;;;;rj-dm:HedgedMember
=GROUP(BEivHerHewOhe+BEivHerHewSte);Mutatie in herwaarderingsreserve als gevolg van stelselwijzigingen;rj-i_RevaluationReserveChangeAccountingPolicies;jenv-bw2-dm:CommercialMember;jenv-bw2-dm:SeparateMember;;;;jenv-bw2-dm:RevaluationReserveMember
=GROUP(BEivHerHewOhe+BEivHerHewSte);Mutatie in herwaarderingsreserve als gevolg van stelselwijzigingen;rj-i_RevaluationReserveChangeAccountingPolicies;jenv-bw2-dm:CommercialMember;jenv-bw2-dm:SeparateMember;;;;rj-dm:HedgedMember
=GROUP(BEivHerHewOhe+BEivHerHewSte+BEivHerHewBvs);Rechtstreekse mutatie in het eigen vermogen als gevolg van stelselwijzigingen;rj-cp-i_EquityDirectlyChangeAccountingPolicies;jenv-bw2-dm:CommercialMember;jenv-bw2-dm:SeparateMember;;;jenv-bw2-dm:RevaluationReserveMember
=GROUP(BEivHerHewOhe+BEivHerHewSte+BEivHerHewBvs+BEiv??????Rsw+BEiv??????Slw+BEivOre???Rms);Rechtstreekse mutatie in het eigen vermogen als gevolg van stelselwijzigingen;rj-cp-i_EquityDirectlyChangeAccountingPolicies;jenv-bw2-dm:CommercialMember;jenv-bw2-dm:SeparateMember;;;jenv-bw2-dm:EquityMember
=GROUP(BEivHerHewOhe+BEivHerHewSte+BEivHerHewBvs+BEiv??????Rsw+BEiv??????Slw+BEivOre???Rms);Rechtstreekse mutatie in het eigen vermogen als gevolg van stelselwijzigingen;rj-cp-i_EquityDirectlyChangeAccountingPolicies;jenv-bw2-dm:CommercialMember;jenv-bw2-dm:SeparateMember;;;jenv-bw2-dm:ResultForTheYearMember
=GROUP(BEivOreOvw*+BEivOreVde*+BEivOreUpd*);Eigen vermogen;jenv-bw2-i_Equity;jenv-bw2-dm:CommercialMember;jenv-bw2-dm:SeparateMember;;;jenv-bw2-dm:RetainedEarningsMember
=GROUP(BEivOreOvw*-BEivOreOvwBeg-BEivOreOvwRms)+GROUP(BEivOreVde*-BEivOreVdeBeg)+GROUP(BEivOreUpd*-BEivOreUpdBeg);Mutatie in het eigen vermogen gedurende de periode;jenv-bw2-i_EquityMovement;jenv-bw2-dm:CommercialMember;jenv-bw2-dm:SeparateMember;;;jenv-bw2-dm:RetainedEarningsMember
=GROUP(BEivOreOvwAll+BEivOreVdeAll+BEivOreUpdAll);Mutatie in het eigen vermogen als gevolg van bestemming van het nettoresultaat;rj-cp-i_EquityResultAllocation;jenv-bw2-dm:CommercialMember;jenv-bw2-dm:SeparateMember;;;jenv-bw2-dm:RetainedEarningsMember
=GROUP(BEivOreOvwBeg+BEivOreOvwRms+BEivOreOvwSlw+BEivOreOvwRmf);Aangepaste eigen vermogen na herrekening;rj-i_AdjustedEquityAfterRecalculation;jenv-bw2-dm:CommercialMember;jenv-bw2-dm:SeparateMember;;;jenv-bw2-dm:RetainedEarningsMember
=GROUP(BEivOreOvwDiv+BEivOreVdeDiv+BEivOreUpdDiv);Mutatie in het eigen vermogen als gevolg van dividenduitkeringen;rj-cp-i_EquityDividendDistribution;jenv-bw2-dm:CommercialMember;jenv-bw2-dm:SeparateMember;;;jenv-bw2-dm:RetainedEarningsMember
=GROUP(BEivOreOvwOve+BEivOreVdeOve+BEivOreUpdOve);Mutatie in het eigen vermogen als gevolg van overboekingen;rj-cp-i_EquityTransfers;jenv-bw2-dm:CommercialMember;jenv-bw2-dm:SeparateMember;;;jenv-bw2-dm:RetainedEarningsMember
=GROUP(BEivOreOvwOvm+BEivOreVdeOvm+BEivOreUpdOvm);Mutatie in het eigen vermogen als gevolg van overige mutaties;rj-cp-i_EquityMovementOther;jenv-bw2-dm:CommercialMember;jenv-bw2-dm:SeparateMember;;;jenv-bw2-dm:RetainedEarningsMember
=GROUP(BEivOreOvwRms+BEivOreOvwSlw);Rechtstreekse mutatie in het eigen vermogen als gevolg van stelselwijzigingen;rj-cp-i_EquityDirectlyChangeAccountingPolicies;jenv-bw2-dm:CommercialMember;jenv-bw2-dm:SeparateMember;;;jenv-bw2-dm:RetainedEarningsMember
=GROUP(BEivOreRvh*-BEivOreRvhBeg-BEivOreRvhRms);Mutatie in het eigen vermogen gedurende de periode;jenv-bw2-i_EquityMovement;jenv-bw2-dm:CommercialMember;jenv-bw2-dm:SeparateMember;;;jenv-bw2-dm:ResultForTheYearMember
=GROUP(BEivOvr*+BEivFij*);Eigen vermogen;jenv-bw2-i_Equity;jenv-bw2-dm:CommercialMember;jenv-bw2-dm:SeparateMember;;;jenv-bw2-dm:ReservesOtherMember
=GROUP(BEivOvr*-BEivOvr???Beg-BEivOvr???Slw)+GROUP(BEivFij*-BEivFij???Beg);Mutatie in het eigen vermogen gedurende de periode;jenv-bw2-i_EquityMovement;jenv-bw2-dm:CommercialMember;jenv-bw2-dm:SeparateMember;;;jenv-bw2-dm:ReservesOtherMember
=GROUP(BEivOvr???Ove+BEivFijFijOve);Mutatie in het eigen vermogen als gevolg van overboekingen;rj-cp-i_EquityTransfers;jenv-bw2-dm:CommercialMember;jenv-bw2-dm:SeparateMember;;;jenv-bw2-dm:ReservesOtherMember
=GROUP(BEivOvr???Ovm+BEivFijFijOvm);Mutatie in het eigen vermogen als gevolg van overige mutaties;rj-cp-i_EquityMovementOther;jenv-bw2-dm:CommercialMember;jenv-bw2-dm:SeparateMember;;;jenv-bw2-dm:ReservesOtherMember
=GROUP(BEivOvr???Rgo+BEivOre???Rmg);Rechtstreekse mutatie in het eigen vermogen als gevolg van goodwill;rj-cp-i_EquityDirectlyGoodwill;jenv-bw2-dm:CommercialMember;jenv-bw2-dm:SeparateMember;;;jenv-bw2-dm:EquityMember
=GROUP(BEivOvr???Slw+BEivOvr???);Rechtstreekse mutatie in het eigen vermogen als gevolg van stelselwijzigingen;rj-cp-i_EquityDirectlyChangeAccountingPolicies;jenv-bw2-dm:CommercialMember;jenv-bw2-dm:SeparateMember;;;jenv-bw2-dm:ReservesOtherMember
=GROUP(BEivOvrAlrBeg+BEivOvr???Slw+BEivOvr???Rsw+BEivOvr???Rfh);Aangepaste eigen vermogen na herrekening;rj-i_AdjustedEquityAfterRecalculation;jenv-bw2-dm:CommercialMember;jenv-bw2-dm:SeparateMember;;;jenv-bw2-dm:ReservesOtherMember
=GROUP(BEivStr*-BEivStrStrBeg);Mutatie in het eigen vermogen gedurende de periode;jenv-bw2-i_EquityMovement;jenv-bw2-dm:CommercialMember;jenv-bw2-dm:SeparateMember;;;jenv-bw2-dm:StatutoryReservesMember
=GROUP(BEivStrStrBeg+BEivStrStrRfh);Aangepaste eigen vermogen na herrekening;rj-i_AdjustedEquityAfterRecalculation;jenv-bw2-dm:CommercialMember;jenv-bw2-dm:SeparateMember;;;jenv-bw2-dm:StatutoryReservesMember
=GROUP(BEivWer*-BEivWer???Beg-BEivWer???Rsw);Mutatie in het eigen vermogen gedurende de periode;jenv-bw2-i_EquityMovement;jenv-bw2-dm:CommercialMember;jenv-bw2-dm:SeparateMember;;;jenv-bw2-dm:LegalReservesMember
=GROUP(BEivWer???Beg+BEivWer???Rsw+BEivWer???Rfh);Aangepaste eigen vermogen na herrekening;rj-i_AdjustedEquityAfterRecalculation;jenv-bw2-dm:CommercialMember;jenv-bw2-dm:SeparateMember;;;jenv-bw2-dm:LegalReservesMember
=GROUP(BEivWer???Ovm+BEivWer???Dot+BEivWer???Ont);Mutatie in het eigen vermogen als gevolg van overige mutaties;rj-cp-i_EquityMovementOther;jenv-bw2-dm:CommercialMember;jenv-bw2-dm:SeparateMember;;;jenv-bw2-dm:LegalReservesMember
=GROUP(BFvaOvrVob*+BFvaOvrVoa*+BFvaOvrVgb*+BFvaOvrVga*);Langlopende leningen, voorschotten en garanties ten behoeve van bestuurders;rj-i_LoansAdvancesGuaranteesOnBehalfOfManagingDirectorsFormerManagingDirectorsNoncurrent;jenv-bw2-dm:CommercialMember;jenv-bw2-dm:ConsolidatedMember
=GROUP(BFvaOvrVob*+BFvaOvrVoa*+BFvaOvrVgb*+BFvaOvrVga*);Langlopende leningen, voorschotten en garanties ten behoeve van bestuurders;rj-i_LoansAdvancesGuaranteesOnBehalfOfManagingDirectorsFormerManagingDirectorsNoncurrent;jenv-bw2-dm:CommercialMember;jenv-bw2-dm:SeparateMember
=GROUP(BFvaOvrVoc*+BFvaOvrVca*+BFvaOvrVgc*+BFvaOvrVaw*);Langlopende leningen, voorschotten en garanties ten behoeve van commissarissen;rj-i_LoansAdvancesGuaranteesOnBehalfOfSupervisoryDirectorsFormerSupervisoryDirectorsNoncurrent;jenv-bw2-dm:CommercialMember;jenv-bw2-dm:ConsolidatedMember
=GROUP(BFvaOvrVoc*+BFvaOvrVca*+BFvaOvrVgc*+BFvaOvrVaw*);Langlopende leningen, voorschotten en garanties ten behoeve van commissarissen;rj-i_LoansAdvancesGuaranteesOnBehalfOfSupervisoryDirectorsFormerSupervisoryDirectorsNoncurrent;jenv-bw2-dm:CommercialMember;jenv-bw2-dm:SeparateMember
=GROUP(BIva*+BMva*+BVas*+BFva*);Vaste activa;jenv-bw2-i_AssetsNoncurrent;jenv-bw2-dm:CommercialMember;jenv-bw2-dm:ConsolidatedMember
=GROUP(BIva*+BMva*+BVas*+BFva*);Vaste activa;jenv-bw2-i_AssetsNoncurrent;jenv-bw2-dm:CommercialMember;jenv-bw2-dm:SeparateMember
=GROUP(BIva*+BMva*+BVas*+BFva*+BVrd*+BPro*+BVor*+Beff*+BLim*);Activa;jenv-bw2-i_Assets;jenv-bw2-dm:CommercialMember;jenv-bw2-dm:ConsolidatedMember
=GROUP(BIva*+BMva*+BVas*+BFva*+BVrd*+BPro*+BVor*+Beff*+BLim*);Activa;jenv-bw2-i_Assets;jenv-bw2-dm:CommercialMember;jenv-bw2-dm:SeparateMember
=GROUP(BIva*-BIvaKou*);Overige immateriële vaste activa;rj-i_IntangibleAssetsOther;jenv-bw2-dm:CommercialMember;jenv-bw2-dm:ConsolidatedMember
=GROUP(BIva*-BIvaKou*);Overige immateriële vaste activa;rj-i_IntangibleAssetsOther;jenv-bw2-dm:CommercialMember;jenv-bw2-dm:SeparateMember
=GROUP(BIva???Cuh*-BIvaKouCuh*);Som der herwaarderingen die betrekking hebben op de immateriële vaste activa;jenv-bw2-i_IntangibleAssetsAccumulatedRevaluations;jenv-bw2-dm:CommercialMember;jenv-bw2-dm:ConsolidatedMember;;rj-dm:IntangibleAssetsOtherMember
=GROUP(BIva???Cuh*-BIvaKouCuh*);Som der herwaarderingen die betrekking hebben op de immateriële vaste activa;jenv-bw2-i_IntangibleAssetsAccumulatedRevaluations;jenv-bw2-dm:CommercialMember;jenv-bw2-dm:SeparateMember;;rj-dm:IntangibleAssetsOtherMember
=GROUP(BLas*-BLasOdv*);Langlopende overige schulden;jenv-bw2-i_PayablesOtherNoncurrent;jenv-bw2-dm:CommercialMember;jenv-bw2-dm:ConsolidatedMember
=GROUP(BLas*-BLasOdv*);Langlopende overige schulden;jenv-bw2-i_PayablesOtherNoncurrent;jenv-bw2-dm:CommercialMember;jenv-bw2-dm:SeparateMember
=GROUP(BVas*-BVas??????Beg);Mutatie gedurende de periode van vastgoedbeleggingen;rj-i_InvestmentPropertiesMovement;jenv-bw2-dm:CommercialMember;jenv-bw2-dm:ConsolidatedMember;rj-dm:InvestmentPropertiesMember
=GROUP(BVas*-BVas??????Beg);Mutatie gedurende de periode van vastgoedbeleggingen;rj-i_InvestmentPropertiesMovement;jenv-bw2-dm:CommercialMember;jenv-bw2-dm:SeparateMember;rj-dm:InvestmentPropertiesMember
=GROUP(BVas??????Ovm-BVas???CaeOvm+BVas???Cuh*-BVas???CuhBeg)-BVas???CuhOvm-BVas???CaeOvm-BVas??????Raw;Overige mutaties van vastgoedbeleggingen;rj-i_InvestmentPropertiesMovementsOther;jenv-bw2-dm:CommercialMember;jenv-bw2-dm:ConsolidatedMember;rj-dm:InvestmentPropertiesMember
=GROUP(BVas??????Ovm-BVas???CaeOvm+BVas???Cuh*-BVas???CuhBeg)-BVas???CuhOvm-BVas???CaeOvm-BVas??????Raw;Overige mutaties van vastgoedbeleggingen;rj-i_InvestmentPropertiesMovementsOther;jenv-bw2-dm:CommercialMember;jenv-bw2-dm:SeparateMember;rj-dm:InvestmentPropertiesMember
=GROUP(BVas??????Wvr+BVas???CaeDes+BVas???CaeHcb+BVas???CaeOve+BVas???CaeOvm);Bijzondere waardeverminderingen van vastgoedbeleggingen;rj-i_InvestmentPropertiesImpairment;jenv-bw2-dm:CommercialMember;jenv-bw2-dm:ConsolidatedMember;rj-dm:InvestmentPropertiesMember
=GROUP(BVas??????Wvr+BVas???CaeDes+BVas???CaeHcb+BVas???CaeOve+BVas???CaeOvm);Bijzondere waardeverminderingen van vastgoedbeleggingen;rj-i_InvestmentPropertiesImpairment;jenv-bw2-dm:CommercialMember;jenv-bw2-dm:SeparateMember;rj-dm:InvestmentPropertiesMember
=GROUP(BVas???Cae*+BVas???Cuh*);Som der afschrijvingen en waardeverminderingen van vastgoedbeleggingen;jenv-bw2-i_InvestmentPropertiesAccumulatedDepreciationImpairments;jenv-bw2-dm:CommercialMember;jenv-bw2-dm:ConsolidatedMember;rj-dm:InvestmentPropertiesMember
=GROUP(BVas???Cae*+BVas???Cuh*);Som der afschrijvingen en waardeverminderingen van vastgoedbeleggingen;jenv-bw2-i_InvestmentPropertiesAccumulatedDepreciationImpairments;jenv-bw2-dm:CommercialMember;jenv-bw2-dm:SeparateMember;rj-dm:InvestmentPropertiesMember
=GROUP(BVasSvi*+BVasCvi*+BVasOzv*);Vastgoedbeleggingen;rj-i_InvestmentProperties;jenv-bw2-dm:CommercialMember;jenv-bw2-dm:ConsolidatedMember;rj-cp-dm:InvestmentPropertiesInExploitationMember
=GROUP(BVasSvi*+BVasCvi*+BVasOzv*);Vastgoedbeleggingen;rj-i_InvestmentProperties;jenv-bw2-dm:CommercialMember;jenv-bw2-dm:SeparateMember;rj-cp-dm:InvestmentPropertiesInExploitationMember
=GROUP(BVasSvi*-BVasSvi???Beg+BVasCvi*-BVasCvi???Beg+BVasOzv*-BVasOzv???Beg);Mutatie gedurende de periode van vastgoedbeleggingen;rj-i_InvestmentPropertiesMovement;jenv-bw2-dm:CommercialMember;jenv-bw2-dm:ConsolidatedMember;rj-cp-dm:InvestmentPropertiesInExploitationMember
=GROUP(BVasSvi*-BVasSvi???Beg+BVasCvi*-BVasCvi???Beg+BVasOzv*-BVasOzv???Beg);Mutatie gedurende de periode van vastgoedbeleggingen;rj-i_InvestmentPropertiesMovement;jenv-bw2-dm:CommercialMember;jenv-bw2-dm:SeparateMember;rj-cp-dm:InvestmentPropertiesInExploitationMember
=GROUP(BVasSvi???Ovm+BVasCvi???Ovm+BVasOzv???Ovm+BVasSviCuh*-BVasSviCuhBeg+BVasCviCuh*-BVasCviCuhBeg+BVasOvzCuh*-BVasOvzCuhBeg-BVasSviCuhOvm-BVasCviCuhOvm-BVasSviCuhRaw-BVasCviCuhRaw-BVasOzvCuhRaw);Overige mutaties van vastgoedbeleggingen;rj-i_InvestmentPropertiesMovementsOther;jenv-bw2-dm:CommercialMember;jenv-bw2-dm:ConsolidatedMember;rj-cp-dm:InvestmentPropertiesInExploitationMember
=GROUP(BVasSvi???Ovm+BVasCvi???Ovm+BVasOzv???Ovm+BVasSviCuh*-BVasSviCuhBeg+BVasCviCuh*-BVasCviCuhBeg+BVasOvzCuh*-BVasOvzCuhBeg-BVasSviCuhOvm-BVasCviCuhOvm-BVasSviCuhRaw-BVasCviCuhRaw-BVasOzvCuhRaw);Overige mutaties van vastgoedbeleggingen;rj-i_InvestmentPropertiesMovementsOther;jenv-bw2-dm:CommercialMember;jenv-bw2-dm:SeparateMember;rj-cp-dm:InvestmentPropertiesInExploitationMember
=GROUP(BVasSviAkp*+BVasCviAkp*+BVasOzvAkp*);Actuele kostprijs van vastgoedbeleggingen;rj-i_InvestmentPropertiesActualCostPrice;jenv-bw2-dm:CommercialMember;jenv-bw2-dm:ConsolidatedMember;rj-cp-dm:InvestmentPropertiesInExploitationMember
=GROUP(BVasSviAkp*+BVasCviAkp*+BVasOzvAkp*);Actuele kostprijs van vastgoedbeleggingen;rj-i_InvestmentPropertiesActualCostPrice;jenv-bw2-dm:CommercialMember;jenv-bw2-dm:SeparateMember;rj-cp-dm:InvestmentPropertiesInExploitationMember
=GROUP(BVasSviCae*+BVasCviCae*+BVasOzvCae*)+GROUP(BVasSviCuh*+BVasCviCuh*+BVasOzvCuh*);Som der afschrijvingen en waardeverminderingen van vastgoedbeleggingen;jenv-bw2-i_InvestmentPropertiesAccumulatedDepreciationImpairments;jenv-bw2-dm:CommercialMember;jenv-bw2-dm:ConsolidatedMember;rj-cp-dm:InvestmentPropertiesInExploitationMember
=GROUP(BVasSviCae*+BVasCviCae*+BVasOzvCae*)+GROUP(BVasSviCuh*+BVasCviCuh*+BVasOzvCuh*);Som der afschrijvingen en waardeverminderingen van vastgoedbeleggingen;jenv-bw2-i_InvestmentPropertiesAccumulatedDepreciationImpairments;jenv-bw2-dm:CommercialMember;jenv-bw2-dm:SeparateMember;rj-cp-dm:InvestmentPropertiesInExploitationMember
=GROUP(BVasSviCaeWvr+BVasCviCaeWvr+BVasOzvCaeWvr)+GROUP(BVasSviCaeDes+BVasSviCaeHcb+BVasCviCaeDes+BVasCviCaeHcb);Bijzondere waardeverminderingen van vastgoedbeleggingen;rj-i_InvestmentPropertiesImpairment;jenv-bw2-dm:CommercialMember;jenv-bw2-dm:ConsolidatedMember;rj-cp-dm:InvestmentPropertiesInExploitationMember
=GROUP(BVasSviCaeWvr+BVasCviCaeWvr+BVasOzvCaeWvr)+GROUP(BVasSviCaeDes+BVasSviCaeHcb+BVasCviCaeDes+BVasCviCaeHcb);Bijzondere waardeverminderingen van vastgoedbeleggingen;rj-i_InvestmentPropertiesImpairment;jenv-bw2-dm:CommercialMember;jenv-bw2-dm:SeparateMember;rj-cp-dm:InvestmentPropertiesInExploitationMember
=GROUP(BVasSviCuh*+BVasCviCuh*+BVasOzvCuh*);Som der herwaardering van vastgoedbeleggingen;rj-i_InvestmentPropertiesAccumulatedRevaluations;jenv-bw2-dm:CommercialMember;jenv-bw2-dm:ConsolidatedMember;rj-cp-dm:InvestmentPropertiesInExploitationMember
=GROUP(BVasSviCuh*+BVasCviCuh*+BVasOzvCuh*);Som der herwaardering van vastgoedbeleggingen;rj-i_InvestmentPropertiesAccumulatedRevaluations;jenv-bw2-dm:CommercialMember;jenv-bw2-dm:SeparateMember;rj-cp-dm:InvestmentPropertiesInExploitationMember
=GROUP(BVasSviVvp*+BVasCviVvp*+BVasOzvVvp*);Historische kostprijs van vastgoedbeleggingen;rj-i_InvestmentPropertiesCostPrice;jenv-bw2-dm:CommercialMember;jenv-bw2-dm:ConsolidatedMember;rj-cp-dm:InvestmentPropertiesInExploitationMember
=GROUP(BVasSviVvp*+BVasCviVvp*+BVasOzvVvp*);Historische kostprijs van vastgoedbeleggingen;rj-i_InvestmentPropertiesCostPrice;jenv-bw2-dm:CommercialMember;jenv-bw2-dm:SeparateMember;rj-cp-dm:InvestmentPropertiesInExploitationMember
=GROUP(BVasVio*-BVasVio???Beg);Mutatie gedurende de periode van vastgoedbeleggingen;rj-i_InvestmentPropertiesMovement;jenv-bw2-dm:CommercialMember;jenv-bw2-dm:ConsolidatedMember;rj-dm:InvestmentPropertiesInDevelopmentMember
=GROUP(BVasVio*-BVasVio???Beg);Mutatie gedurende de periode van vastgoedbeleggingen;rj-i_InvestmentPropertiesMovement;jenv-bw2-dm:CommercialMember;jenv-bw2-dm:SeparateMember;rj-dm:InvestmentPropertiesInDevelopmentMember
=GROUP(BVasVio???Ovm+BVasVioCuh*-BVasVioCuhBeg)-BVasVioCaeOvm-BVasVioCuhRaw;Overige mutaties van vastgoedbeleggingen;rj-i_InvestmentPropertiesMovementsOther;jenv-bw2-dm:CommercialMember;jenv-bw2-dm:ConsolidatedMember;rj-dm:InvestmentPropertiesInDevelopmentMember
=GROUP(BVasVio???Ovm+BVasVioCuh*-BVasVioCuhBeg)-BVasVioCaeOvm-BVasVioCuhRaw;Overige mutaties van vastgoedbeleggingen;rj-i_InvestmentPropertiesMovementsOther;jenv-bw2-dm:CommercialMember;jenv-bw2-dm:SeparateMember;rj-dm:InvestmentPropertiesInDevelopmentMember
=GROUP(BVasVioCae*+BVasVioCuh*);Som der afschrijvingen en waardeverminderingen van vastgoedbeleggingen;jenv-bw2-i_InvestmentPropertiesAccumulatedDepreciationImpairments;jenv-bw2-dm:CommercialMember;jenv-bw2-dm:ConsolidatedMember;rj-dm:InvestmentPropertiesInDevelopmentMember
=GROUP(BVasVioCae*+BVasVioCuh*);Som der afschrijvingen en waardeverminderingen van vastgoedbeleggingen;jenv-bw2-i_InvestmentPropertiesAccumulatedDepreciationImpairments;jenv-bw2-dm:CommercialMember;jenv-bw2-dm:SeparateMember;rj-dm:InvestmentPropertiesInDevelopmentMember
=GROUP(BVasVioCaeWvr+BVasVioCaeOve+BVasVioCaeDes+BVasVioCaeOvm);Bijzondere waardeverminderingen van vastgoedbeleggingen;rj-i_InvestmentPropertiesImpairment;jenv-bw2-dm:CommercialMember;jenv-bw2-dm:ConsolidatedMember;rj-dm:InvestmentPropertiesInDevelopmentMember
=GROUP(BVasVioCaeWvr+BVasVioCaeOve+BVasVioCaeDes+BVasVioCaeOvm);Bijzondere waardeverminderingen van vastgoedbeleggingen;rj-i_InvestmentPropertiesImpairment;jenv-bw2-dm:CommercialMember;jenv-bw2-dm:SeparateMember;rj-dm:InvestmentPropertiesInDevelopmentMember
=GROUP(BVor*-BVorVao*);Kortlopende overige vorderingen;jenv-bw2-i_ReceivablesOtherCurrent;jenv-bw2-dm:CommercialMember;jenv-bw2-dm:ConsolidatedMember
=GROUP(BVor*-BVorVao*);Kortlopende overige vorderingen;jenv-bw2-i_ReceivablesOtherCurrent;jenv-bw2-dm:CommercialMember;jenv-bw2-dm:SeparateMember
=GROUP(BVorOvrLvb+BVorOvrRcb*+BSchOvsRcb*);Kortlopende leningen, voorschotten en garanties ten behoeve van bestuurders;rj-i_LoansAdvancesGuaranteesOnBehalfOfManagingDirectorsFormerManagingDirectorsCurrent;jenv-bw2-dm:CommercialMember;jenv-bw2-dm:ConsolidatedMember
=GROUP(BVorOvrLvb+BVorOvrRcb*+BSchOvsRcb*);Kortlopende leningen, voorschotten en garanties ten behoeve van bestuurders;rj-i_LoansAdvancesGuaranteesOnBehalfOfManagingDirectorsFormerManagingDirectorsCurrent;jenv-bw2-dm:CommercialMember;jenv-bw2-dm:SeparateMember
=GROUP(BVorOvrLvb+BVorOvrRcb*+BSchOvsRcb*+BFvaOvrVob*+BFvaOvrVoa*+BFvaOvrVgb*+BFvaOvrVga*);Leningen, voorschotten en garanties ten behoeve van bestuurders;rj-i_LoansAdvancesGuaranteesOnBehalfOfManagingDirectorsFormerManagingDirectors;jenv-bw2-dm:CommercialMember;jenv-bw2-dm:ConsolidatedMember
=GROUP(BVorOvrLvb+BVorOvrRcb*+BSchOvsRcb*+BFvaOvrVob*+BFvaOvrVoa*+BFvaOvrVgb*+BFvaOvrVga*);Leningen, voorschotten en garanties ten behoeve van bestuurders;rj-i_LoansAdvancesGuaranteesOnBehalfOfManagingDirectorsFormerManagingDirectors;jenv-bw2-dm:CommercialMember;jenv-bw2-dm:SeparateMember
=GROUP(BVorOvrLvb+BVorOvrRcb*+BSchOvsRcb*+BFvaOvrVob*+BFvaOvrVoa*+BFvaOvrVgb*+BFvaOvrVga*)+GROUP(BVorOvrLvc+BVorOvrRcc*+BSchOvsRcb*+BFvaOvrVoc*+BFvaOvrVca*+BFvaOvrVgc*+BFvaOvrVaw*);Leningen, voorschotten en garanties ten behoeve van bestuurders en commissarissen;jenv-bw2-i_LoansAdvancesGuaranteesOnBehalfOfManagingSupervisoryDirectors;jenv-bw2-dm:CommercialMember;jenv-bw2-dm:ConsolidatedMember
=GROUP(BVorOvrLvb+BVorOvrRcb*+BSchOvsRcb*+BFvaOvrVob*+BFvaOvrVoa*+BFvaOvrVgb*+BFvaOvrVga*)+GROUP(BVorOvrLvc+BVorOvrRcc*+BSchOvsRcb*+BFvaOvrVoc*+BFvaOvrVca*+BFvaOvrVgc*+BFvaOvrVaw*);Leningen, voorschotten en garanties ten behoeve van bestuurders en commissarissen;jenv-bw2-i_LoansAdvancesGuaranteesOnBehalfOfManagingSupervisoryDirectors;jenv-bw2-dm:CommercialMember;jenv-bw2-dm:SeparateMember
=GROUP(BVorOvrLvc+BVorOvrRcc*+BSchOvsRcb*);Kortlopende leningen, voorschotten en garanties ten behoeve van commissarissen;rj-i_LoansAdvancesGuaranteesOnBehalfOfSupervisoryDirectorsFormerSupervisoryDirectorsCurrent;jenv-bw2-dm:CommercialMember;jenv-bw2-dm:ConsolidatedMember
=GROUP(BVorOvrLvc+BVorOvrRcc*+BSchOvsRcb*);Kortlopende leningen, voorschotten en garanties ten behoeve van commissarissen;rj-i_LoansAdvancesGuaranteesOnBehalfOfSupervisoryDirectorsFormerSupervisoryDirectorsCurrent;jenv-bw2-dm:CommercialMember;jenv-bw2-dm:SeparateMember
=GROUP(BVorOvrLvc+BVorOvrRcc*+BSchOvsRcb*+BFvaOvrVoc*+BFvaOvrVca*+BFvaOvrVgc*+BFvaOvrVaw*);Leningen, voorschotten en garanties ten behoeve van commissarissen;rj-i_LoansAdvancesGuaranteesOnBehalfOfSupervisoryDirectorsFormerSupervisoryDirectors;jenv-bw2-dm:CommercialMember;jenv-bw2-dm:ConsolidatedMember
=GROUP(BVorOvrLvc+BVorOvrRcc*+BSchOvsRcb*+BFvaOvrVoc*+BFvaOvrVca*+BFvaOvrVgc*+BFvaOvrVaw*);Leningen, voorschotten en garanties ten behoeve van commissarissen;rj-i_LoansAdvancesGuaranteesOnBehalfOfSupervisoryDirectorsFormerSupervisoryDirectors;jenv-bw2-dm:CommercialMember;jenv-bw2-dm:SeparateMember
=GROUP(BVrd*+BPro*+BVor*+Beff*+BLim*);Vlottende activa;jenv-bw2-i_AssetsCurrent;jenv-bw2-dm:CommercialMember;jenv-bw2-dm:ConsolidatedMember
=GROUP(BVrd*+BPro*+BVor*+Beff*+BLim*);Vlottende activa;jenv-bw2-i_AssetsCurrent;jenv-bw2-dm:CommercialMember;jenv-bw2-dm:SeparateMember
=GROUP(WBel*-WBelBgrOvb);Belastingen over de winst of het verlies;jenv-bw2-i_IncomeTaxExpense;jenv-bw2-dm:CommercialMember;jenv-bw2-dm:ConsolidatedMember
=GROUP(WBel*-WBelBgrOvb);Belastingen over de winst of het verlies;jenv-bw2-i_IncomeTaxExpense;jenv-bw2-dm:CommercialMember;jenv-bw2-dm:SeparateMember
=GROUP(WFbe*+WOvt*+WWfa*);Financiële baten en lasten;rj-i_FinancialIncomeExpenses;jenv-bw2-dm:CommercialMember;jenv-bw2-dm:ConsolidatedMember
=GROUP(WFbe*+WOvt*+WWfa*);Financiële baten en lasten;rj-i_FinancialIncomeExpenses;jenv-bw2-dm:CommercialMember;jenv-bw2-dm:SeparateMember
=GROUP(WFbeRlmRgi+WFbeRlmRgu);Overige rentebaten en soortgelijke opbrengsten uit verhoudingen met groepsmaatschappijen;jenv-bw2-i_InterestIncomeRelatedIncomeGroupCompanies;jenv-bw2-dm:CommercialMember;jenv-bw2-dm:ConsolidatedMember
=GROUP(WFbeRlmRgi+WFbeRlmRgu);Overige rentebaten en soortgelijke opbrengsten uit verhoudingen met groepsmaatschappijen;jenv-bw2-i_InterestIncomeRelatedIncomeGroupCompanies;jenv-bw2-dm:CommercialMember;jenv-bw2-dm:SeparateMember
=GROUP(WFbeRlmRmi+WFbeRlmRmu+WFbeRlmRdi+WFbeRlmRdu);Overige rentebaten en soortgelijke opbrengsten uit verhoudingen met overige verbonden maatschappijen;jenv-bw2-i_InterestIncomeRelatedIncomeOtherAffiliatedCompanies;jenv-bw2-dm:CommercialMember;jenv-bw2-dm:ConsolidatedMember
=GROUP(WFbeRlmRmi+WFbeRlmRmu+WFbeRlmRdi+WFbeRlmRdu);Overige rentebaten en soortgelijke opbrengsten uit verhoudingen met overige verbonden maatschappijen;jenv-bw2-i_InterestIncomeRelatedIncomeOtherAffiliatedCompanies;jenv-bw2-dm:CommercialMember;jenv-bw2-dm:SeparateMember
=GROUP(WFbeRls*+WFbeOrl*+WFbeKvb*+WFbeKba*+WFbeDer*+WFbeDfb*);Rentelasten en soortgelijke kosten;jenv-bw2-i_InterestExpensesRelatedExpenses;jenv-bw2-dm:CommercialMember;jenv-bw2-dm:ConsolidatedMember
=GROUP(WFbeRls*+WFbeOrl*+WFbeKvb*+WFbeKba*+WFbeDer*+WFbeDfb*);Rentelasten en soortgelijke kosten;jenv-bw2-i_InterestExpensesRelatedExpenses;jenv-bw2-dm:CommercialMember;jenv-bw2-dm:SeparateMember
=GROUP(WFbeRlsRgi+WFbeRlsRgu);Rentelasten en soortgelijke kosten uit groepsmaatschappijen;jenv-bw2-i_InterestExpensesRelatedExpensesGroupCompanies;jenv-bw2-dm:CommercialMember;jenv-bw2-dm:ConsolidatedMember
=GROUP(WFbeRlsRgi+WFbeRlsRgu);Rentelasten en soortgelijke kosten uit groepsmaatschappijen;jenv-bw2-i_InterestExpensesRelatedExpensesGroupCompanies;jenv-bw2-dm:CommercialMember;jenv-bw2-dm:SeparateMember
=GROUP(WFbeRlsRmi+WFbeRlsRmu+WFbeRlsRdi+WFbeRlsRdu);Rentelasten en soortgelijke kosten uit overige verbonden maatschappijen;jenv-bw2-i_InterestExpensesRelatedExpensesOtherAffiliatedCompanies;jenv-bw2-dm:CommercialMember;jenv-bw2-dm:ConsolidatedMember
=GROUP(WFbeRlsRmi+WFbeRlsRmu+WFbeRlsRdi+WFbeRlsRdu);Rentelasten en soortgelijke kosten uit overige verbonden maatschappijen;jenv-bw2-i_InterestExpensesRelatedExpensesOtherAffiliatedCompanies;jenv-bw2-dm:CommercialMember;jenv-bw2-dm:SeparateMember
=GROUP(WOmz*+WWiv*+WKpr*+WOvb*);Bruto-bedrijfsresultaat;jenv-bw2-i_GrossMargin;jenv-bw2-dm:CommercialMember;jenv-bw2-dm:ConsolidatedMember
=GROUP(WOmz*+WWiv*+WKpr*+WOvb*);Bruto-bedrijfsresultaat;jenv-bw2-i_GrossMargin;jenv-bw2-dm:CommercialMember;jenv-bw2-dm:SeparateMember
=GROUP(WOmz*+WWiv*+WKpr*+WOvb*)+GROUP(WVkf*+WAkf*+WPer*+WAfs*+WWvi*+WBwv*+WBed*);Bedrijfsresultaat;jenv-bw2-i_OperatingResult;jenv-bw2-dm:CommercialMember;jenv-bw2-dm:ConsolidatedMember
=GROUP(WOmz*+WWiv*+WKpr*+WOvb*)+GROUP(WVkf*+WAkf*+WPer*+WAfs*+WWvi*+WBwv*+WBed*);Bedrijfsresultaat;jenv-bw2-i_OperatingResult;jenv-bw2-dm:CommercialMember;jenv-bw2-dm:SeparateMember
=GROUP(WOmz*+WWiv*+WKpr*+WOvb*)+GROUP(WVkf*+WAkf*+WPer*+WAfs*+WWvi*+WBwv*+WBed*)+WVhe*+GROUP(WFbe*+WOvt*+WWfa*);Resultaat voor belastingen;jenv-bw2-i_ResultBeforeTax;jenv-bw2-dm:CommercialMember;jenv-bw2-dm:ConsolidatedMember
=GROUP(WOmz*+WWiv*+WKpr*+WOvb*)+GROUP(WVkf*+WAkf*+WPer*+WAfs*+WWvi*+WBwv*+WBed*)+WVhe*+GROUP(WFbe*+WOvt*+WWfa*);Resultaat voor belastingen;jenv-bw2-i_ResultBeforeTax;jenv-bw2-dm:CommercialMember;jenv-bw2-dm:SeparateMember
=GROUP(WOmz*+WWiv*+WKpr*+WOvb*)+GROUP(WVkf*+WAkf*+WPer*+WAfs*+WWvi*+WBwv*+WBed*)+WVhe*+GROUP(WFbe*+WOvt*+WWfa*)+WBel*+WRed*;Resultaat na belastingen;jenv-bw2-i_ResultAfterTax;jenv-bw2-dm:CommercialMember;jenv-bw2-dm:ConsolidatedMember
=GROUP(WOmz*+WWiv*+WKpr*+WOvb*)+GROUP(WVkf*+WAkf*+WPer*+WAfs*+WWvi*+WBwv*+WBed*)+WVhe*+GROUP(WFbe*+WOvt*+WWfa*)+WBel*+WRed*;Resultaat na belastingen;jenv-bw2-i_ResultAfterTax;jenv-bw2-dm:CommercialMember;jenv-bw2-dm:SeparateMember
=GROUP(WOmz*+WWiv*+WKpr*+WOvb*)+GROUP(WVkf*+WAkf*+WPer*+WAfs*+WWvi*+WBwv*+WBed*)+WVhe*+GROUP(WFbe*+WOvt*+WWfa*)+WBel*+WRed*+WAad*;Nettoresultaat na belastingen toekomend aan de rechtspersoon;jenv-bw2-i_NetResultAfterTax;jenv-bw2-dm:CommercialMember;jenv-bw2-dm:ConsolidatedMember
=GROUP(WOvtRofRig+WOvtRofRug);Opbrengst van vorderingen die tot de vaste activa behoren en van effecten op groepsmaatschappijen;jenv-bw2-i_IncomeReceivablesNoncurrentSecuritiesGroupCompanies;jenv-bw2-dm:CommercialMember;jenv-bw2-dm:ConsolidatedMember
=GROUP(WOvtRofRig+WOvtRofRug);Opbrengst van vorderingen die tot de vaste activa behoren en van effecten op groepsmaatschappijen;jenv-bw2-i_IncomeReceivablesNoncurrentSecuritiesGroupCompanies;jenv-bw2-dm:CommercialMember;jenv-bw2-dm:SeparateMember
=GROUP(WOvtRofRvp+WOvtRofRvi+WOvtRofRvu+WOvtRofRid+WOvtRofRud);Opbrengst van vorderingen die tot de vaste activa behoren en van effecten op overige verbonden maatschappijen;jenv-bw2-i_IncomeReceivablesNoncurrentSecuritiesOtherAffiliatedCompanies;jenv-bw2-dm:CommercialMember;jenv-bw2-dm:ConsolidatedMember
=GROUP(WOvtRofRvp+WOvtRofRvi+WOvtRofRvu+WOvtRofRid+WOvtRofRud);Opbrengst van vorderingen die tot de vaste activa behoren en van effecten op overige verbonden maatschappijen;jenv-bw2-i_IncomeReceivablesNoncurrentSecuritiesOtherAffiliatedCompanies;jenv-bw2-dm:CommercialMember;jenv-bw2-dm:SeparateMember
=GROUP(WVkf*+WAkf*+WPer*+WAfs*+WWvi*+WBwv*+WBed*);Som der kosten;jenv-bw2-i_SumOfExpenses;jenv-bw2-dm:CommercialMember;jenv-bw2-dm:ConsolidatedMember
=GROUP(WVkf*+WAkf*+WPer*+WAfs*+WWvi*+WBwv*+WBed*);Som der kosten;jenv-bw2-i_SumOfExpenses;jenv-bw2-dm:CommercialMember;jenv-bw2-dm:SeparateMember
=GROUP(WWfaBwvOef+WWfaBwvWse);Bijzondere waardeverminderingen van effecten verantwoord in de winst-en-verliesrekening;rj-i_ImpairmentSecuritiesRecordedInIncomeStatement;jenv-bw2-dm:CommercialMember;jenv-bw2-dm:ConsolidatedMember
=GROUP(WWfaBwvOef+WWfaBwvWse);Bijzondere waardeverminderingen van effecten verantwoord in de winst-en-verliesrekening;rj-i_ImpairmentSecuritiesRecordedInIncomeStatement;jenv-bw2-dm:CommercialMember;jenv-bw2-dm:SeparateMember
=GROUP(WWvi*+WWfa*);Waardeveranderingen van vaste activa;jenv-bw2-i_ChangesInValueAssetsNoncurrent;jenv-bw2-dm:CommercialMember;jenv-bw2-dm:ConsolidatedMember
=GROUP(WWvi*+WWfa*);Waardeveranderingen van vaste activa;jenv-bw2-i_ChangesInValueAssetsNoncurrent;jenv-bw2-dm:CommercialMember;jenv-bw2-dm:SeparateMember
=GROUP(WWvi*-WWviWvb*);Waardeveranderingen van immateriële en materiële vaste activa;jenv-bw2-i_ChangesInValueIntangibleAssetsPropertyPlantEquipment;jenv-bw2-dm:CommercialMember;jenv-bw2-dm:ConsolidatedMember
=GROUP(WWvi*-WWviWvb*);Waardeveranderingen van immateriële en materiële vaste activa;jenv-bw2-i_ChangesInValueIntangibleAssetsPropertyPlantEquipment;jenv-bw2-dm:CommercialMember;jenv-bw2-dm:SeparateMember
=GROUP(WWviWvbBwv*+WWviWvbDfw*);Bijzondere waardeverminderingen van vastgoedbeleggingen verantwoord in de winst-en-verliesrekening;rj-i_ImpairmentInvestmentPropertiesRecordedInIncomeStatement;jenv-bw2-dm:CommercialMember;jenv-bw2-dm:ConsolidatedMember
=GROUP(WWviWvbBwv*+WWviWvbDfw*);Bijzondere waardeverminderingen van vastgoedbeleggingen verantwoord in de winst-en-verliesrekening;rj-i_ImpairmentInvestmentPropertiesRecordedInIncomeStatement;jenv-bw2-dm:CommercialMember;jenv-bw2-dm:ConsolidatedMember;rj-dm:InvestmentPropertiesMember
=GROUP(WWviWvbBwv*+WWviWvbDfw*);Bijzondere waardeverminderingen van vastgoedbeleggingen verantwoord in de winst-en-verliesrekening;rj-i_ImpairmentInvestmentPropertiesRecordedInIncomeStatement;jenv-bw2-dm:CommercialMember;jenv-bw2-dm:SeparateMember
=GROUP(WWviWvbBwv*+WWviWvbDfw*);Bijzondere waardeverminderingen van vastgoedbeleggingen verantwoord in de winst-en-verliesrekening;rj-i_ImpairmentInvestmentPropertiesRecordedInIncomeStatement;jenv-bw2-dm:CommercialMember;jenv-bw2-dm:SeparateMember;rj-dm:InvestmentPropertiesMember
=GROUP(WWviWvbBwvVie+WWviWvbDfwVie);Bijzondere waardeverminderingen van vastgoedbeleggingen verantwoord in de winst-en-verliesrekening;rj-i_ImpairmentInvestmentPropertiesRecordedInIncomeStatement;jenv-bw2-dm:CommercialMember;jenv-bw2-dm:ConsolidatedMember;rj-cp-dm:InvestmentPropertiesInExploitationMember
=GROUP(WWviWvbBwvVie+WWviWvbDfwVie);Bijzondere waardeverminderingen van vastgoedbeleggingen verantwoord in de winst-en-verliesrekening;rj-i_ImpairmentInvestmentPropertiesRecordedInIncomeStatement;jenv-bw2-dm:CommercialMember;jenv-bw2-dm:SeparateMember;rj-cp-dm:InvestmentPropertiesInExploitationMember
=GROUP(WWviWvbBwvVio+WWviWvbDfwVio);Bijzondere waardeverminderingen van vastgoedbeleggingen verantwoord in de winst-en-verliesrekening;rj-i_ImpairmentInvestmentPropertiesRecordedInIncomeStatement;jenv-bw2-dm:CommercialMember;jenv-bw2-dm:ConsolidatedMember;rj-dm:InvestmentPropertiesInDevelopmentMember
=GROUP(WWviWvbBwvVio+WWviWvbDfwVio);Bijzondere waardeverminderingen van vastgoedbeleggingen verantwoord in de winst-en-verliesrekening;rj-i_ImpairmentInvestmentPropertiesRecordedInIncomeStatement;jenv-bw2-dm:CommercialMember;jenv-bw2-dm:SeparateMember;rj-dm:InvestmentPropertiesInDevelopmentMember
=GROUP(WWviWvi*+WWviWvm*);Waardeveranderingen van immateriële en materiële vaste activa;jenv-bw2-i_ChangesInValueIntangibleAssetsPropertyPlantEquipmentBreakdown;jenv-bw2-dm:CommercialMember;jenv-bw2-dm:ConsolidatedMember
=GROUP(WWviWvi*+WWviWvm*);Waardeveranderingen van immateriële en materiële vaste activa;jenv-bw2-i_ChangesInValueIntangibleAssetsPropertyPlantEquipmentBreakdown;jenv-bw2-dm:CommercialMember;jenv-bw2-dm:SeparateMember
=GROUP(WWviWviBwi+WWviWviDfw);Bijzondere waardeverminderingen van immateriële vaste activa verantwoord in de winst-en-verliesrekening;rj-i_ImpairmentIntangibleAssetsRecordedInIncomeStatement;jenv-bw2-dm:CommercialMember;jenv-bw2-dm:ConsolidatedMember
=GROUP(WWviWviBwi+WWviWviDfw);Bijzondere waardeverminderingen van immateriële vaste activa verantwoord in de winst-en-verliesrekening;rj-i_ImpairmentIntangibleAssetsRecordedInIncomeStatement;jenv-bw2-dm:CommercialMember;jenv-bw2-dm:SeparateMember
=GROUP(WWviWviBwi+WWviWvmBwm+WWviWvbBwv*+WWfaBwvFva*+WWfaBwvOef+WWfaBwvWse+WWvi???Dfw*);Bijzondere waardeverminderingen van vaste activa;rj-i_ImpairmentAssetsNoncurrent;jenv-bw2-dm:CommercialMember;jenv-bw2-dm:ConsolidatedMember
=GROUP(WWviWviBwi+WWviWvmBwm+WWviWvbBwv*+WWfaBwvFva*+WWfaBwvOef+WWfaBwvWse+WWvi???Dfw*);Bijzondere waardeverminderingen van vaste activa;rj-i_ImpairmentAssetsNoncurrent;jenv-bw2-dm:CommercialMember;jenv-bw2-dm:SeparateMember
=GROUP(WWviWviTbi+WWviWvmTbm+WWviWvbTbw*+WWfaBwvTwf+WWfaBwvTwe);Terugneming van bijzondere waardeverminderingen van vaste activa;rj-i_ImpairmentAssetsNoncurrentReversal;jenv-bw2-dm:CommercialMember;jenv-bw2-dm:ConsolidatedMember
=GROUP(WWviWviTbi+WWviWvmTbm+WWviWvbTbw*+WWfaBwvTwf+WWfaBwvTwe);Terugneming van bijzondere waardeverminderingen van vaste activa;rj-i_ImpairmentAssetsNoncurrentReversal;jenv-bw2-dm:CommercialMember;jenv-bw2-dm:SeparateMember
=GROUP(WWviWvmBwm+WWviWvmDfw);Bijzondere waardeverminderingen van materiële vaste activa verantwoord in de winst-en-verliesrekening;rj-i_ImpairmentPropertyPlantEquipmentRecordedInIncomeStatement;jenv-bw2-dm:CommercialMember;jenv-bw2-dm:ConsolidatedMember
=GROUP(WWviWvmBwm+WWviWvmDfw);Bijzondere waardeverminderingen van materiële vaste activa verantwoord in de winst-en-verliesrekening;rj-i_ImpairmentPropertyPlantEquipmentRecordedInIncomeStatement;jenv-bw2-dm:CommercialMember;jenv-bw2-dm:SeparateMember
BEiv*;Eigen vermogen;jenv-bw2-i_Equity;jenv-bw2-dm:CommercialMember;jenv-bw2-dm:SeparateMember
BEiv*;Eigen vermogen;jenv-bw2-i_Equity;jenv-bw2-dm:CommercialMember;jenv-bw2-dm:SeparateMember;;;jenv-bw2-dm:EquityMember
BEiv??????Avv;Mutatie in het eigen vermogen als gevolg van aanzuivering van verliezen;rj-cp-i_EquityLossReduction;jenv-bw2-dm:CommercialMember;jenv-bw2-dm:SeparateMember;;;jenv-bw2-dm:EquityMember
BEiv??????Emk;Emissiekosten;rj-i_EmissionCostsEquity;jenv-bw2-dm:CommercialMember;jenv-bw2-dm:SeparateMember;;;jenv-bw2-dm:EquityMember
BEiv??????Her;Mutatie in het eigen vermogen als gevolg van herwaarderingen;rj-cp-i_EquityRevaluations;jenv-bw2-dm:CommercialMember;jenv-bw2-dm:SeparateMember;;;jenv-bw2-dm:EquityMember
BEiv??????Sta;Mutatie in het eigen vermogen als gevolg van stortingen door aandeelhouders;rj-cp-i_EquityContributionsShareholders;jenv-bw2-dm:CommercialMember;jenv-bw2-dm:SeparateMember;;;jenv-bw2-dm:EquityMember
BEiv??????Uia;Mutatie in het eigen vermogen als gevolg van uitgeoefende aandelen(optie)regelingen;rj-cp-i_EquityShareBasedArrangementsExercised;jenv-bw2-dm:CommercialMember;jenv-bw2-dm:SeparateMember;;;jenv-bw2-dm:EquityMember
BEiv??????Var;Mutatie in het eigen vermogen als gevolg van verleende aandelen(optie) regelingen;rj-cp-i_EquityShareBasedArrangementsGranted;jenv-bw2-dm:CommercialMember;jenv-bw2-dm:SeparateMember;;;jenv-bw2-dm:EquityMember
BEivAgi*;Agio;jenv-bw2-i_SharePremium;jenv-bw2-dm:CommercialMember;jenv-bw2-dm:SeparateMember
BEivAgi*;Eigen vermogen;jenv-bw2-i_Equity;jenv-bw2-dm:CommercialMember;jenv-bw2-dm:SeparateMember;;;jenv-bw2-dm:SharePremiumMember
BEivAgiAgiAvv;Mutatie in het eigen vermogen als gevolg van aanzuivering van verliezen;rj-cp-i_EquityLossReduction;jenv-bw2-dm:CommercialMember;jenv-bw2-dm:SeparateMember;;;jenv-bw2-dm:SharePremiumMember
BEivAgiAgiIva;Mutatie in het eigen vermogen als gevolg van de intrekking van aandelen;rj-cp-i_EquitySharesWithdrawal;jenv-bw2-dm:CommercialMember;jenv-bw2-dm:SeparateMember;;;jenv-bw2-dm:SharePremiumMember
BEivAgiAgiIve;Mutatie in het eigen vermogen als gevolg van de inkoop van eigen aandelen;rj-cp-i_EquityTreasurySharesPurchase;jenv-bw2-dm:CommercialMember;jenv-bw2-dm:SeparateMember;;;jenv-bw2-dm:SharePremiumMember
BEivAgiAgiOve;Mutatie in het eigen vermogen als gevolg van overboekingen;rj-cp-i_EquityTransfers;jenv-bw2-dm:CommercialMember;jenv-bw2-dm:SeparateMember;;;jenv-bw2-dm:SharePremiumMember
BEivAgiAgiOvm;Mutatie in het eigen vermogen als gevolg van overige mutaties;rj-cp-i_EquityMovementOther;jenv-bw2-dm:CommercialMember;jenv-bw2-dm:SeparateMember;;;jenv-bw2-dm:SharePremiumMember
BEivAgiAgiRaf;Rechtstreekse mutatie in het eigen vermogen als gevolg van afstotingen;rj-cp-i_EquityDirectlyBusinessDivestitures;jenv-bw2-dm:CommercialMember;jenv-bw2-dm:SeparateMember;;;jenv-bw2-dm:SharePremiumMember
BEivAgiAgiRfh;Rechtstreekse mutatie in het eigen vermogen als gevolg van foutherstel;rj-cp-i_EquityDirectlyMaterialErrors;jenv-bw2-dm:CommercialMember;jenv-bw2-dm:SeparateMember;;;jenv-bw2-dm:SharePremiumMember
BEivAgiAgiRov;Rechtstreekse mutatie in het eigen vermogen als gevolg van overnames;rj-cp-i_EquityDirectlyBusinessAcquisitions;jenv-bw2-dm:CommercialMember;jenv-bw2-dm:SeparateMember;;;jenv-bw2-dm:SharePremiumMember
BEivAgiAgiSta;Mutatie in het eigen vermogen als gevolg van stortingen door aandeelhouders;rj-cp-i_EquityContributionsShareholders;jenv-bw2-dm:CommercialMember;jenv-bw2-dm:SeparateMember;;;jenv-bw2-dm:SharePremiumMember
BEivAgiAgiVve;Mutatie in het eigen vermogen als gevolg van de verkoop van eigen aandelen;rj-cp-i_EquityTreasurySharesSale;jenv-bw2-dm:CommercialMember;jenv-bw2-dm:SeparateMember;;;jenv-bw2-dm:SharePremiumMember
BEivAvd*;Aandeel van derden in groepsmaatschappijen;jenv-bw2-i_NoncontrollingInterest;jenv-bw2-dm:CommercialMember;jenv-bw2-dm:ConsolidatedMember
BEivFirHer*;Eigen vermogen;jenv-bw2-i_Equity;jenv-bw2-dm:CommercialMember;jenv-bw2-dm:SeparateMember;;;jenv-bw2-dm:ReinvestmentReserveMember
BEivFirHer*;Herinvesteringsreserve;jenv-bw2-i_ReinvestmentReserve;jenv-bw2-dm:FiscalMember;jenv-bw2-dm:SeparateMember
BEivFirHerBeg;Aangepaste eigen vermogen na herrekening;rj-i_AdjustedEquityAfterRecalculation;jenv-bw2-dm:CommercialMember;jenv-bw2-dm:SeparateMember;;;jenv-bw2-dm:ReinvestmentReserveMember
BEivFirHerOvm;Mutatie in het eigen vermogen als gevolg van overige mutaties;rj-cp-i_EquityMovementOther;jenv-bw2-dm:CommercialMember;jenv-bw2-dm:SeparateMember;;;jenv-bw2-dm:ReinvestmentReserveMember
BEivFirHerVal;Rechtstreekse mutatie in het eigen vermogen als gevolg van omrekeningsverschillen;rj-cp-i_EquityDirectlyExchangeDifferences;jenv-bw2-dm:CommercialMember;jenv-bw2-dm:SeparateMember;;;jenv-bw2-dm:ReinvestmentReserveMember
BEivGok*;Gestort en opgevraagd aandelenkapitaal;jenv-bw2-i_ShareCapitalPaidCalledUp;jenv-bw2-dm:CommercialMember;jenv-bw2-dm:SeparateMember
BEivGok*;Eigen vermogen;jenv-bw2-i_Equity;jenv-bw2-dm:CommercialMember;jenv-bw2-dm:SeparateMember;;;jenv-bw2-dm:ShareCapitalPaidCalledUpMember
BEivGok???Beg;Aangepaste eigen vermogen na herrekening;rj-i_AdjustedEquityAfterRecalculation;jenv-bw2-dm:CommercialMember;jenv-bw2-dm:SeparateMember;;;jenv-bw2-dm:ShareCapitalPaidCalledUpMember
BEivGok???Emk;Emissiekosten;rj-i_EmissionCostsEquity;jenv-bw2-dm:CommercialMember;jenv-bw2-dm:SeparateMember;;;jenv-bw2-dm:ShareCapitalPaidCalledUpMember
BEivGok???Ink;Mutatie in het eigen vermogen als gevolg van de inkoop van eigen aandelen;rj-cp-i_EquityTreasurySharesPurchase;jenv-bw2-dm:CommercialMember;jenv-bw2-dm:SeparateMember;;;jenv-bw2-dm:ShareCapitalPaidCalledUpMember
BEivGok???Int;Mutatie in het eigen vermogen als gevolg van de intrekking van aandelen;rj-cp-i_EquitySharesWithdrawal;jenv-bw2-dm:CommercialMember;jenv-bw2-dm:SeparateMember;;;jenv-bw2-dm:ShareCapitalPaidCalledUpMember
BEivGok???Ove;Mutatie in het eigen vermogen als gevolg van overboekingen;rj-cp-i_EquityTransfers;jenv-bw2-dm:CommercialMember;jenv-bw2-dm:SeparateMember;;;jenv-bw2-dm:ShareCapitalPaidCalledUpMember
BEivGok???Ovm;Mutatie in het eigen vermogen als gevolg van overige mutaties;rj-cp-i_EquityMovementOther;jenv-bw2-dm:CommercialMember;jenv-bw2-dm:SeparateMember;;;jenv-bw2-dm:ShareCapitalPaidCalledUpMember
BEivGok???Uit;Mutatie in het eigen vermogen als gevolg van de uitgifte van aandelen;rj-cp-i_EquityShareIssue;jenv-bw2-dm:CommercialMember;jenv-bw2-dm:SeparateMember;;;jenv-bw2-dm:ShareCapitalPaidCalledUpMember
BEivGok???Vrk;Mutatie in het eigen vermogen als gevolg van de verkoop van eigen aandelen;rj-cp-i_EquityTreasurySharesSale;jenv-bw2-dm:CommercialMember;jenv-bw2-dm:SeparateMember;;;jenv-bw2-dm:ShareCapitalPaidCalledUpMember
BEivHer*;Herwaarderingsreserves;jenv-bw2-i_RevaluationReserve;jenv-bw2-dm:CommercialMember;jenv-bw2-dm:SeparateMember
BEivHer*;Eigen vermogen;jenv-bw2-i_Equity;jenv-bw2-dm:CommercialMember;jenv-bw2-dm:SeparateMember;;;jenv-bw2-dm:RevaluationReserveMember
BEivHer*;Herwaarderingsreserves;jenv-bw2-i_RevaluationReserve;jenv-bw2-dm:CommercialMember;jenv-bw2-dm:SeparateMember;;;;jenv-bw2-dm:RevaluationReserveMember
BEivHer*;Herwaarderingsreserves;jenv-bw2-i_RevaluationReserve;jenv-bw2-dm:CommercialMember;jenv-bw2-dm:SeparateMember;;;;rj-dm:HedgedMember
BEivHer*-GROUP(BEivHerHewBeg+BEivHerHewOhe+BEivHerHewSte+BEivHerHewBvs);Mutatie in het eigen vermogen gedurende de periode;jenv-bw2-i_EquityMovement;jenv-bw2-dm:CommercialMember;jenv-bw2-dm:SeparateMember;;;jenv-bw2-dm:RevaluationReserveMember
BEivHer*-GROUP(BEivHerHewBeg+BEivHerHewOhe+BEivHerHewSte+BEivHerHewBvs);Mutatie in de herwaarderingsreserve gedurende de periode;jenv-bw2-i_RevaluationReserveMovement;jenv-bw2-dm:CommercialMember;jenv-bw2-dm:SeparateMember;;;;jenv-bw2-dm:RevaluationReserveMember
BEivHer*-GROUP(BEivHerHewBeg+BEivHerHewOhe+BEivHerHewSte+BEivHerHewBvs);Mutatie in de herwaarderingsreserve gedurende de periode;jenv-bw2-i_RevaluationReserveMovement;jenv-bw2-dm:CommercialMember;jenv-bw2-dm:SeparateMember;;;;rj-dm:HedgedMember
BEivHerHewBrh;Mutatie in herwaarderingsreserve als gevolg van belastingeffecten op gerealiseerde herwaarderingen;rj-i_RevaluationReserveRealisedRevaluationsTaxImpact;jenv-bw2-dm:CommercialMember;jenv-bw2-dm:SeparateMember;;;;jenv-bw2-dm:RevaluationReserveMember
BEivHerHewBrh;Mutatie in herwaarderingsreserve als gevolg van belastingeffecten op gerealiseerde herwaarderingen;rj-i_RevaluationReserveRealisedRevaluationsTaxImpact;jenv-bw2-dm:CommercialMember;jenv-bw2-dm:SeparateMember;;;;rj-dm:HedgedMember
BEivHerHewBvh;Belastingeffecten op gevormde herwaarderingen opgenomen in de herwaarderingsreserve;jenv-bw2-i_RevaluationReserveRevaluationsTaxImpact;jenv-bw2-dm:CommercialMember;jenv-bw2-dm:SeparateMember;;;;jenv-bw2-dm:RevaluationReserveMember
BEivHerHewBvh;Belastingeffecten op gevormde herwaarderingen opgenomen in de herwaarderingsreserve;jenv-bw2-i_RevaluationReserveRevaluationsTaxImpact;jenv-bw2-dm:CommercialMember;jenv-bw2-dm:SeparateMember;;;;rj-dm:HedgedMember
BEivHerHewBvs;Mutatie in herwaarderingsreserve als gevolg van belastingeffect van stelselwijzigingen;rj-i_RevaluationReserveChangeAccountingPoliciesTaxImpact;jenv-bw2-dm:CommercialMember;jenv-bw2-dm:SeparateMember;;;;jenv-bw2-dm:RevaluationReserveMember
BEivHerHewBvs;Mutatie in herwaarderingsreserve als gevolg van belastingeffect van stelselwijzigingen;rj-i_RevaluationReserveChangeAccountingPoliciesTaxImpact;jenv-bw2-dm:CommercialMember;jenv-bw2-dm:SeparateMember;;;;rj-dm:HedgedMember
BEivHerHewGha;Mutatie in herwaarderingsreserve als gevolg van gerealiseerde herwaarderingen via afgedekte activa of passiva;rj-i_RevaluationReserveRealisedRevaluationsThroughHedgedAssetsLiabilities;jenv-bw2-dm:CommercialMember;jenv-bw2-dm:SeparateMember;;;;jenv-bw2-dm:RevaluationReserveMember
BEivHerHewGha;Mutatie in herwaarderingsreserve als gevolg van gerealiseerde herwaarderingen via afgedekte activa of passiva;rj-i_RevaluationReserveRealisedRevaluationsThroughHedgedAssetsLiabilities;jenv-bw2-dm:CommercialMember;jenv-bw2-dm:SeparateMember;;;;rj-dm:HedgedMember
BEivHerHewGhr;Mutatie in herwaarderingsreserve als gevolg van gerealiseerde herwaarderingen via overige reserves;rj-i_RevaluationReserveRealisedRevaluationsThroughOtherReserves;jenv-bw2-dm:CommercialMember;jenv-bw2-dm:SeparateMember;;;;jenv-bw2-dm:RevaluationReserveMember
BEivHerHewGhr;Mutatie in herwaarderingsreserve als gevolg van gerealiseerde herwaarderingen via overige reserves;rj-i_RevaluationReserveRealisedRevaluationsThroughOtherReserves;jenv-bw2-dm:CommercialMember;jenv-bw2-dm:SeparateMember;;;;rj-dm:HedgedMember
BEivHerHewGva;Mutatie in herwaarderingsreserve als gevolg van gevormde herwaarderingen via afgedekte activa of passiva;rj-i_RevaluationReserveRevaluationsThroughHedgedAssetsLiabilities;jenv-bw2-dm:CommercialMember;jenv-bw2-dm:SeparateMember;;;;jenv-bw2-dm:RevaluationReserveMember
BEivHerHewGva;Mutatie in herwaarderingsreserve als gevolg van gevormde herwaarderingen via afgedekte activa of passiva;rj-i_RevaluationReserveRevaluationsThroughHedgedAssetsLiabilities;jenv-bw2-dm:CommercialMember;jenv-bw2-dm:SeparateMember;;;;rj-dm:HedgedMember
BEivHerHewGvr;Mutatie in herwaarderingsreserve als gevolg van gevormde herwaarderingen via overige reserves;rj-i_RevaluationReserveRevaluationsThroughOtherReserves;jenv-bw2-dm:CommercialMember;jenv-bw2-dm:SeparateMember;;;;jenv-bw2-dm:RevaluationReserveMember
BEivHerHewGvr;Mutatie in herwaarderingsreserve als gevolg van gevormde herwaarderingen via overige reserves;rj-i_RevaluationReserveRevaluationsThroughOtherReserves;jenv-bw2-dm:CommercialMember;jenv-bw2-dm:SeparateMember;;;;rj-dm:HedgedMember
BEivHerHewGvw;Mutatie in herwaarderingsreserve als gevolg van gevormde herwaarderingen via winst-en-verliesrekening;rj-i_RevaluationReserveRevaluationsThroughIncomeStatement;jenv-bw2-dm:CommercialMember;jenv-bw2-dm:SeparateMember;;;;jenv-bw2-dm:RevaluationReserveMember
BEivHerHewGvw;Mutatie in herwaarderingsreserve als gevolg van gevormde herwaarderingen via winst-en-verliesrekening;rj-i_RevaluationReserveRevaluationsThroughIncomeStatement;jenv-bw2-dm:CommercialMember;jenv-bw2-dm:SeparateMember;;;;rj-dm:HedgedMember
BEivHerHewHer;Mutatie in het eigen vermogen als gevolg van herwaarderingen;rj-cp-i_EquityRevaluations;jenv-bw2-dm:CommercialMember;jenv-bw2-dm:SeparateMember;;;jenv-bw2-dm:RevaluationReserveMember
BEivHerHewOvm;Mutatie in het eigen vermogen als gevolg van overige mutaties;rj-cp-i_EquityMovementOther;jenv-bw2-dm:CommercialMember;jenv-bw2-dm:SeparateMember;;;jenv-bw2-dm:RevaluationReserveMember
BEivOreOvw*;Niet verdeelde winsten;jenv-bw2-i_RetainedEarnings;jenv-bw2-dm:CommercialMember;jenv-bw2-dm:SeparateMember
BEivOreOvwHer;Mutatie in het eigen vermogen als gevolg van herwaarderingen;rj-cp-i_EquityRevaluations;jenv-bw2-dm:CommercialMember;jenv-bw2-dm:SeparateMember;;;jenv-bw2-dm:RetainedEarningsMember
BEivOreOvwRma;Rechtstreekse mutatie in het eigen vermogen als gevolg van afstotingen;rj-cp-i_EquityDirectlyBusinessDivestitures;jenv-bw2-dm:CommercialMember;jenv-bw2-dm:SeparateMember;;;jenv-bw2-dm:RetainedEarningsMember
BEivOreOvwRmd;Rechtstreekse mutatie in het eigen vermogen als gevolg van financiële instrumenten;rj-i_EquityDirectlyFinancialInstruments;jenv-bw2-dm:CommercialMember;jenv-bw2-dm:SeparateMember;;;jenv-bw2-dm:RetainedEarningsMember
BEivOreOvwRmf;Rechtstreekse mutatie in het eigen vermogen als gevolg van foutherstel;rj-cp-i_EquityDirectlyMaterialErrors;jenv-bw2-dm:CommercialMember;jenv-bw2-dm:SeparateMember;;;jenv-bw2-dm:RetainedEarningsMember
BEivOreOvwRmg;Rechtstreekse mutatie in het eigen vermogen als gevolg van goodwill;rj-cp-i_EquityDirectlyGoodwill;jenv-bw2-dm:CommercialMember;jenv-bw2-dm:SeparateMember;;;jenv-bw2-dm:RetainedEarningsMember
BEivOreOvwRmo;Rechtstreekse mutatie in het eigen vermogen als gevolg van overnames;rj-cp-i_EquityDirectlyBusinessAcquisitions;jenv-bw2-dm:CommercialMember;jenv-bw2-dm:SeparateMember;;;jenv-bw2-dm:RetainedEarningsMember
BEivOreOvwRmt;Rechtstreekse mutatie in het eigen vermogen als gevolg van terugneming van bijzondere waardeverminderingen;rj-cp-i_EquityDirectlyImpairmentReversal;jenv-bw2-dm:CommercialMember;jenv-bw2-dm:SeparateMember;;;jenv-bw2-dm:RetainedEarningsMember
BEivOreOvwRmv;Rechtstreekse mutatie in het eigen vermogen als gevolg van omrekeningsverschillen;rj-cp-i_EquityDirectlyExchangeDifferences;jenv-bw2-dm:CommercialMember;jenv-bw2-dm:SeparateMember;;;jenv-bw2-dm:RetainedEarningsMember
BEivOreOvwRmw;Rechtstreekse mutatie in het eigen vermogen als gevolg van bijzondere waardeverminderingen;rj-cp-i_EquityDirectlyImpairment;jenv-bw2-dm:CommercialMember;jenv-bw2-dm:SeparateMember;;;jenv-bw2-dm:RetainedEarningsMember
BEivOreRvh*;Resultaat na belastingen van het boekjaar;jenv-bw2-i_ResultForTheYear;jenv-bw2-dm:CommercialMember;jenv-bw2-dm:SeparateMember
BEivOreRvh*;Eigen vermogen;jenv-bw2-i_Equity;jenv-bw2-dm:CommercialMember;jenv-bw2-dm:SeparateMember;;;jenv-bw2-dm:ResultForTheYearMember
BEivOreRvhAll;Mutatie in het eigen vermogen als gevolg van bestemming van het nettoresultaat;rj-cp-i_EquityResultAllocation;jenv-bw2-dm:CommercialMember;jenv-bw2-dm:SeparateMember;;;jenv-bw2-dm:ResultForTheYearMember
BEivOreRvhDiv;Mutatie in het eigen vermogen als gevolg van dividenduitkeringen;rj-cp-i_EquityDividendDistribution;jenv-bw2-dm:CommercialMember;jenv-bw2-dm:SeparateMember;;;jenv-bw2-dm:ResultForTheYearMember
BEivOreRvhHer;Mutatie in het eigen vermogen als gevolg van herwaarderingen;rj-cp-i_EquityRevaluations;jenv-bw2-dm:CommercialMember;jenv-bw2-dm:SeparateMember;;;jenv-bw2-dm:ResultForTheYearMember
BEivOreRvhOve;Mutatie in het eigen vermogen als gevolg van overboekingen;rj-cp-i_EquityTransfers;jenv-bw2-dm:CommercialMember;jenv-bw2-dm:SeparateMember;;;jenv-bw2-dm:ResultForTheYearMember
BEivOreRvhOvm;Mutatie in het eigen vermogen als gevolg van overige mutaties;rj-cp-i_EquityMovementOther;jenv-bw2-dm:CommercialMember;jenv-bw2-dm:SeparateMember;;;jenv-bw2-dm:ResultForTheYearMember
BEivOreRvhRma;Rechtstreekse mutatie in het eigen vermogen als gevolg van afstotingen;rj-cp-i_EquityDirectlyBusinessDivestitures;jenv-bw2-dm:CommercialMember;jenv-bw2-dm:SeparateMember;;;jenv-bw2-dm:ResultForTheYearMember
BEivOreRvhRmd;Rechtstreekse mutatie in het eigen vermogen als gevolg van financiële instrumenten;rj-i_EquityDirectlyFinancialInstruments;jenv-bw2-dm:CommercialMember;jenv-bw2-dm:SeparateMember;;;jenv-bw2-dm:ResultForTheYearMember
BEivOreRvhRmg;Rechtstreekse mutatie in het eigen vermogen als gevolg van goodwill;rj-cp-i_EquityDirectlyGoodwill;jenv-bw2-dm:CommercialMember;jenv-bw2-dm:SeparateMember;;;jenv-bw2-dm:ResultForTheYearMember
BEivOreRvhRmo;Rechtstreekse mutatie in het eigen vermogen als gevolg van overnames;rj-cp-i_EquityDirectlyBusinessAcquisitions;jenv-bw2-dm:CommercialMember;jenv-bw2-dm:SeparateMember;;;jenv-bw2-dm:ResultForTheYearMember
BEivOreRvhRmt;Rechtstreekse mutatie in het eigen vermogen als gevolg van terugneming van bijzondere waardeverminderingen;rj-cp-i_EquityDirectlyImpairmentReversal;jenv-bw2-dm:CommercialMember;jenv-bw2-dm:SeparateMember;;;jenv-bw2-dm:ResultForTheYearMember
BEivOreRvhRmv;Rechtstreekse mutatie in het eigen vermogen als gevolg van omrekeningsverschillen;rj-cp-i_EquityDirectlyExchangeDifferences;jenv-bw2-dm:CommercialMember;jenv-bw2-dm:SeparateMember;;;jenv-bw2-dm:ResultForTheYearMember
BEivOreRvhRmw;Rechtstreekse mutatie in het eigen vermogen als gevolg van bijzondere waardeverminderingen;rj-cp-i_EquityDirectlyImpairment;jenv-bw2-dm:CommercialMember;jenv-bw2-dm:SeparateMember;;;jenv-bw2-dm:ResultForTheYearMember
BEivOvr*;Overige reserves;jenv-bw2-i_ReservesOther;jenv-bw2-dm:CommercialMember;jenv-bw2-dm:SeparateMember
BEivOvr???Avh;Mutatie in het eigen vermogen als gevolg van bestemming van het nettoresultaat;rj-cp-i_EquityResultAllocation;jenv-bw2-dm:CommercialMember;jenv-bw2-dm:SeparateMember;;;jenv-bw2-dm:ReservesOtherMember
BEivOvr???Avv;Mutatie in het eigen vermogen als gevolg van aanzuivering van verliezen;rj-cp-i_EquityLossReduction;jenv-bw2-dm:CommercialMember;jenv-bw2-dm:SeparateMember;;;jenv-bw2-dm:ReservesOtherMember
BEivOvr???Div;Mutatie in het eigen vermogen als gevolg van dividenduitkeringen;rj-cp-i_EquityDividendDistribution;jenv-bw2-dm:CommercialMember;jenv-bw2-dm:SeparateMember;;;jenv-bw2-dm:ReservesOtherMember
BEivOvr???Emk;Emissiekosten;rj-i_EmissionCostsEquity;jenv-bw2-dm:CommercialMember;jenv-bw2-dm:SeparateMember;;;jenv-bw2-dm:ReservesOtherMember
BEivOvr???Her;Mutatie in het eigen vermogen als gevolg van herwaarderingen;rj-cp-i_EquityRevaluations;jenv-bw2-dm:CommercialMember;jenv-bw2-dm:SeparateMember;;;jenv-bw2-dm:ReservesOtherMember
BEivOvr???Iva;Mutatie in het eigen vermogen als gevolg van de intrekking van aandelen;rj-cp-i_EquitySharesWithdrawal;jenv-bw2-dm:CommercialMember;jenv-bw2-dm:SeparateMember;;;jenv-bw2-dm:ReservesOtherMember
BEivOvr???Ive;Mutatie in het eigen vermogen als gevolg van de inkoop van eigen aandelen;rj-cp-i_EquityTreasurySharesPurchase;jenv-bw2-dm:CommercialMember;jenv-bw2-dm:SeparateMember;;;jenv-bw2-dm:ReservesOtherMember
BEivOvr???Raf;Rechtstreekse mutatie in het eigen vermogen als gevolg van afstotingen;rj-cp-i_EquityDirectlyBusinessDivestitures;jenv-bw2-dm:CommercialMember;jenv-bw2-dm:SeparateMember;;;jenv-bw2-dm:ReservesOtherMember
BEivOvr???Rbw;Rechtstreekse mutatie in het eigen vermogen als gevolg van bijzondere waardeverminderingen;rj-cp-i_EquityDirectlyImpairment;jenv-bw2-dm:CommercialMember;jenv-bw2-dm:SeparateMember;;;jenv-bw2-dm:ReservesOtherMember
BEivOvr???Rfh;Rechtstreekse mutatie in het eigen vermogen als gevolg van foutherstel;rj-cp-i_EquityDirectlyMaterialErrors;jenv-bw2-dm:CommercialMember;jenv-bw2-dm:SeparateMember;;;jenv-bw2-dm:ReservesOtherMember
BEivOvr???Rfi;Rechtstreekse mutatie in het eigen vermogen als gevolg van financiële instrumenten;rj-i_EquityDirectlyFinancialInstruments;jenv-bw2-dm:CommercialMember;jenv-bw2-dm:SeparateMember;;;jenv-bw2-dm:ReservesOtherMember
BEivOvr???Rgo;Rechtstreekse mutatie in het eigen vermogen als gevolg van goodwill;rj-cp-i_EquityDirectlyGoodwill;jenv-bw2-dm:CommercialMember;jenv-bw2-dm:SeparateMember;;;jenv-bw2-dm:ReservesOtherMember
BEivOvr???Rom;Rechtstreekse mutatie in het eigen vermogen als gevolg van omrekeningsverschillen;rj-cp-i_EquityDirectlyExchangeDifferences;jenv-bw2-dm:CommercialMember;jenv-bw2-dm:SeparateMember;;;jenv-bw2-dm:ReservesOtherMember
BEivOvr???Rov;Rechtstreekse mutatie in het eigen vermogen als gevolg van overnames;rj-cp-i_EquityDirectlyBusinessAcquisitions;jenv-bw2-dm:CommercialMember;jenv-bw2-dm:SeparateMember;;;jenv-bw2-dm:ReservesOtherMember
BEivOvr???Rtw;Rechtstreekse mutatie in het eigen vermogen als gevolg van terugneming van bijzondere waardeverminderingen;rj-cp-i_EquityDirectlyImpairmentReversal;jenv-bw2-dm:CommercialMember;jenv-bw2-dm:SeparateMember;;;jenv-bw2-dm:ReservesOtherMember
BEivOvr???Sta;Mutatie in het eigen vermogen als gevolg van stortingen door aandeelhouders;rj-cp-i_EquityContributionsShareholders;jenv-bw2-dm:CommercialMember;jenv-bw2-dm:SeparateMember;;;jenv-bw2-dm:ReservesOtherMember
BEivOvr???Uia;Mutatie in het eigen vermogen als gevolg van uitgeoefende aandelen(optie)regelingen;rj-cp-i_EquityShareBasedArrangementsExercised;jenv-bw2-dm:CommercialMember;jenv-bw2-dm:SeparateMember;;;jenv-bw2-dm:ReservesOtherMember
BEivOvr???Uva;Mutatie in het eigen vermogen als gevolg van de uitgifte van aandelen;rj-cp-i_EquityShareIssue;jenv-bw2-dm:CommercialMember;jenv-bw2-dm:SeparateMember;;;jenv-bw2-dm:ReservesOtherMember
BEivOvr???Var;Mutatie in het eigen vermogen als gevolg van verleende aandelen(optie) regelingen;rj-cp-i_EquityShareBasedArrangementsGranted;jenv-bw2-dm:CommercialMember;jenv-bw2-dm:SeparateMember;;;jenv-bw2-dm:ReservesOtherMember
BEivOvr???Vve;Mutatie in het eigen vermogen als gevolg van de verkoop van eigen aandelen;rj-cp-i_EquityTreasurySharesSale;jenv-bw2-dm:CommercialMember;jenv-bw2-dm:SeparateMember;;;jenv-bw2-dm:ReservesOtherMember
BEivStr*;Statutaire reserves;jenv-bw2-i_StatutoryReserves;jenv-bw2-dm:CommercialMember;jenv-bw2-dm:SeparateMember
BEivStr*;Eigen vermogen;jenv-bw2-i_Equity;jenv-bw2-dm:CommercialMember;jenv-bw2-dm:SeparateMember;;;jenv-bw2-dm:StatutoryReservesMember
BEivStrStrAvh;Mutatie in het eigen vermogen als gevolg van bestemming van het nettoresultaat;rj-cp-i_EquityResultAllocation;jenv-bw2-dm:CommercialMember;jenv-bw2-dm:SeparateMember;;;jenv-bw2-dm:StatutoryReservesMember
BEivStrStrAvv;Mutatie in het eigen vermogen als gevolg van aanzuivering van verliezen;rj-cp-i_EquityLossReduction;jenv-bw2-dm:CommercialMember;jenv-bw2-dm:SeparateMember;;;jenv-bw2-dm:StatutoryReservesMember
BEivStrStrDiv;Mutatie in het eigen vermogen als gevolg van dividenduitkeringen;rj-cp-i_EquityDividendDistribution;jenv-bw2-dm:CommercialMember;jenv-bw2-dm:SeparateMember;;;jenv-bw2-dm:StatutoryReservesMember
BEivStrStrOve;Mutatie in het eigen vermogen als gevolg van overboekingen;rj-cp-i_EquityTransfers;jenv-bw2-dm:CommercialMember;jenv-bw2-dm:SeparateMember;;;jenv-bw2-dm:StatutoryReservesMember
BEivStrStrOvm;Mutatie in het eigen vermogen als gevolg van overige mutaties;rj-cp-i_EquityMovementOther;jenv-bw2-dm:CommercialMember;jenv-bw2-dm:SeparateMember;;;jenv-bw2-dm:StatutoryReservesMember
BEivStrStrRfh;Rechtstreekse mutatie in het eigen vermogen als gevolg van foutherstel;rj-cp-i_EquityDirectlyMaterialErrors;jenv-bw2-dm:CommercialMember;jenv-bw2-dm:SeparateMember;;;jenv-bw2-dm:StatutoryReservesMember
BEivWer*;Andere wettelijke reserves;jenv-bw2-i_LegalReserves;jenv-bw2-dm:CommercialMember;jenv-bw2-dm:SeparateMember
BEivWer*;Eigen vermogen;jenv-bw2-i_Equity;jenv-bw2-dm:CommercialMember;jenv-bw2-dm:SeparateMember;;;jenv-bw2-dm:LegalReservesMember
BEivWer???Avh;Mutatie in het eigen vermogen als gevolg van bestemming van het nettoresultaat;rj-cp-i_EquityResultAllocation;jenv-bw2-dm:CommercialMember;jenv-bw2-dm:SeparateMember;;;jenv-bw2-dm:LegalReservesMember
BEivWer???Avv;Mutatie in het eigen vermogen als gevolg van aanzuivering van verliezen;rj-cp-i_EquityLossReduction;jenv-bw2-dm:CommercialMember;jenv-bw2-dm:SeparateMember;;;jenv-bw2-dm:LegalReservesMember
BEivWer???Div;Mutatie in het eigen vermogen als gevolg van dividenduitkeringen;rj-cp-i_EquityDividendDistribution;jenv-bw2-dm:CommercialMember;jenv-bw2-dm:SeparateMember;;;jenv-bw2-dm:LegalReservesMember
BEivWer???Her;Mutatie in het eigen vermogen als gevolg van herwaarderingen;rj-cp-i_EquityRevaluations;jenv-bw2-dm:CommercialMember;jenv-bw2-dm:SeparateMember;;;jenv-bw2-dm:LegalReservesMember
BEivWer???Iva;Mutatie in het eigen vermogen als gevolg van de intrekking van aandelen;rj-cp-i_EquitySharesWithdrawal;jenv-bw2-dm:CommercialMember;jenv-bw2-dm:SeparateMember;;;jenv-bw2-dm:LegalReservesMember
BEivWer???Ive;Mutatie in het eigen vermogen als gevolg van de inkoop van eigen aandelen;rj-cp-i_EquityTreasurySharesPurchase;jenv-bw2-dm:CommercialMember;jenv-bw2-dm:SeparateMember;;;jenv-bw2-dm:LegalReservesMember
BEivWer???Ove;Mutatie in het eigen vermogen als gevolg van overboekingen;rj-cp-i_EquityTransfers;jenv-bw2-dm:CommercialMember;jenv-bw2-dm:SeparateMember;;;jenv-bw2-dm:LegalReservesMember
BEivWer???Raf;Rechtstreekse mutatie in het eigen vermogen als gevolg van afstotingen;rj-cp-i_EquityDirectlyBusinessDivestitures;jenv-bw2-dm:CommercialMember;jenv-bw2-dm:SeparateMember;;;jenv-bw2-dm:LegalReservesMember
BEivWer???Rbw;Rechtstreekse mutatie in het eigen vermogen als gevolg van bijzondere waardeverminderingen;rj-cp-i_EquityDirectlyImpairment;jenv-bw2-dm:CommercialMember;jenv-bw2-dm:SeparateMember;;;jenv-bw2-dm:LegalReservesMember
BEivWer???Rfh;Rechtstreekse mutatie in het eigen vermogen als gevolg van foutherstel;rj-cp-i_EquityDirectlyMaterialErrors;jenv-bw2-dm:CommercialMember;jenv-bw2-dm:SeparateMember;;;jenv-bw2-dm:LegalReservesMember
BEivWer???Rfi;Rechtstreekse mutatie in het eigen vermogen als gevolg van financiële instrumenten;rj-i_EquityDirectlyFinancialInstruments;jenv-bw2-dm:CommercialMember;jenv-bw2-dm:SeparateMember;;;jenv-bw2-dm:LegalReservesMember
BEivWer???Rom;Rechtstreekse mutatie in het eigen vermogen als gevolg van omrekeningsverschillen;rj-cp-i_EquityDirectlyExchangeDifferences;jenv-bw2-dm:CommercialMember;jenv-bw2-dm:SeparateMember;;;jenv-bw2-dm:LegalReservesMember
BEivWer???Rov;Rechtstreekse mutatie in het eigen vermogen als gevolg van overnames;rj-cp-i_EquityDirectlyBusinessAcquisitions;jenv-bw2-dm:CommercialMember;jenv-bw2-dm:SeparateMember;;;jenv-bw2-dm:LegalReservesMember
BEivWer???Rsw;Rechtstreekse mutatie in het eigen vermogen als gevolg van stelselwijzigingen;rj-cp-i_EquityDirectlyChangeAccountingPolicies;jenv-bw2-dm:CommercialMember;jenv-bw2-dm:SeparateMember;;;jenv-bw2-dm:LegalReservesMember
BEivWer???Rtw;Rechtstreekse mutatie in het eigen vermogen als gevolg van terugneming van bijzondere waardeverminderingen;rj-cp-i_EquityDirectlyImpairmentReversal;jenv-bw2-dm:CommercialMember;jenv-bw2-dm:SeparateMember;;;jenv-bw2-dm:LegalReservesMember
BEivWer???Sta;Mutatie in het eigen vermogen als gevolg van stortingen door aandeelhouders;rj-cp-i_EquityContributionsShareholders;jenv-bw2-dm:CommercialMember;jenv-bw2-dm:SeparateMember;;;jenv-bw2-dm:LegalReservesMember
BEivWer???Uia;Mutatie in het eigen vermogen als gevolg van uitgeoefende aandelen(optie)regelingen;rj-cp-i_EquityShareBasedArrangementsExercised;jenv-bw2-dm:CommercialMember;jenv-bw2-dm:SeparateMember;;;jenv-bw2-dm:LegalReservesMember
BEivWer???Uva;Mutatie in het eigen vermogen als gevolg van de uitgifte van aandelen;rj-cp-i_EquityShareIssue;jenv-bw2-dm:CommercialMember;jenv-bw2-dm:SeparateMember;;;jenv-bw2-dm:LegalReservesMember
BEivWer???Var;Mutatie in het eigen vermogen als gevolg van verleende aandelen(optie) regelingen;rj-cp-i_EquityShareBasedArrangementsGranted;jenv-bw2-dm:CommercialMember;jenv-bw2-dm:SeparateMember;;;jenv-bw2-dm:LegalReservesMember
BEivWer???Vve;Mutatie in het eigen vermogen als gevolg van de verkoop van eigen aandelen;rj-cp-i_EquityTreasurySharesSale;jenv-bw2-dm:CommercialMember;jenv-bw2-dm:SeparateMember;;;jenv-bw2-dm:LegalReservesMember
BEivWerKoe*;Reserve omrekeningsverschillen;jenv-bw2-i_ForeignCurrencyTranslationReserve;jenv-bw2-dm:CommercialMember;jenv-bw2-dm:SeparateMember
BEivWerNba*;Negatieve bijschrijvingsreserve als gevolg van de omrekening van het aandelenkapitaal van een naamloze vennootschap naar de euro;jenv-bw2-i_LegalReserveNegativeTranslationShareCapitalIntoEuros;jenv-bw2-dm:CommercialMember;jenv-bw2-dm:SeparateMember
BEivWerRed*;Wettelijke reserve deelnemingen;jenv-bw2-i_LegalReserveParticipatingInterests;jenv-bw2-dm:CommercialMember;jenv-bw2-dm:SeparateMember
BEivWerRgk*;Wettelijke reserve voor geactiveerde kosten van ontwikkeling;jenv-bw2-i_LegalReserveDevelopment;jenv-bw2-dm:CommercialMember;jenv-bw2-dm:SeparateMember
BEivWerRla*;Niet-uitkeerbare reserve als gevolg van de omrekening van het aandelenkapitaal van een naamloze vennootschap naar de euro;jenv-bw2-i_LegalReserveTranslationShareCapitalIntoEuros;jenv-bw2-dm:CommercialMember;jenv-bw2-dm:SeparateMember
BEivWerRvg*;Wettelijke reserve voor kosten die verband houden met de oprichting en met de uitgifte van aandelen;jenv-bw2-i_LegalReserveCostsIncorporationShareIssue;jenv-bw2-dm:CommercialMember;jenv-bw2-dm:SeparateMember
BEivWerRvi*;Reserve voor inbreng op aandelen anders dan in geld;jenv-bw2-i_LegalReserveContributionInKind;jenv-bw2-dm:CommercialMember;jenv-bw2-dm:SeparateMember
BEivWerRvl*;Niet-uitkeerbare reserve voor verstrekte lening ter verkrijging door anderen van aandelen in het kapitaal van de vennootschap of van certificaten daarvan;jenv-bw2-i_LegalReserveLoansProvidedObtainTreasuryShares;jenv-bw2-dm:CommercialMember;jenv-bw2-dm:SeparateMember
BEivWerRvo*;Wettelijke reserve omrekeningsverschillen voor omrekening van het geïnvesteerde vermogen en het resultaat van deelnemingen;jenv-bw2-i_ReserveTranslationDifferencesConversionInvestedAssetsResultParticipatingInterests;jenv-bw2-dm:CommercialMember;jenv-bw2-dm:SeparateMember
BFva*;Financiële vaste activa;jenv-bw2-i_FinancialAssets;jenv-bw2-dm:CommercialMember;jenv-bw2-dm:ConsolidatedMember
BFva*;Financiële vaste activa;jenv-bw2-i_FinancialAssets;jenv-bw2-dm:CommercialMember;jenv-bw2-dm:SeparateMember
BFva???Cuh*;Som der herwaarderingen die betrekking hebben op de financiële vaste activa;jenv-bw2-i_FinancialAssetsAccumulatedRevaluations;jenv-bw2-dm:CommercialMember;jenv-bw2-dm:ConsolidatedMember
BFva???Cuh*;Som der herwaarderingen die betrekking hebben op de financiële vaste activa;jenv-bw2-i_FinancialAssetsAccumulatedRevaluations;jenv-bw2-dm:CommercialMember;jenv-bw2-dm:SeparateMember
BIva*;Immateriële vaste activa;jenv-bw2-i_IntangibleAssets;jenv-bw2-dm:CommercialMember;jenv-bw2-dm:ConsolidatedMember
BIva*;Immateriële vaste activa;jenv-bw2-i_IntangibleAssets;jenv-bw2-dm:CommercialMember;jenv-bw2-dm:SeparateMember
BIva???Cuh*;Som der herwaarderingen die betrekking hebben op de immateriële vaste activa;jenv-bw2-i_IntangibleAssetsAccumulatedRevaluations;jenv-bw2-dm:CommercialMember;jenv-bw2-dm:ConsolidatedMember;;jenv-bw2-dm:IntangibleAssetsMember
BIva???Cuh*;Som der herwaarderingen die betrekking hebben op de immateriële vaste activa;jenv-bw2-i_IntangibleAssetsAccumulatedRevaluations;jenv-bw2-dm:CommercialMember;jenv-bw2-dm:SeparateMember;;jenv-bw2-dm:IntangibleAssetsMember
BIvaKou*;Kosten die verband houden met de oprichting en met de uitgifte van aandelen;jenv-bw2-i_CostsIncorporationShareIssue;jenv-bw2-dm:CommercialMember;jenv-bw2-dm:ConsolidatedMember
BIvaKou*;Kosten die verband houden met de oprichting en met de uitgifte van aandelen;jenv-bw2-i_CostsIncorporationShareIssue;jenv-bw2-dm:CommercialMember;jenv-bw2-dm:SeparateMember
BIvaKouCuh*;Som der herwaarderingen die betrekking hebben op de immateriële vaste activa;jenv-bw2-i_IntangibleAssetsAccumulatedRevaluations;jenv-bw2-dm:CommercialMember;jenv-bw2-dm:ConsolidatedMember;;jenv-bw2-dm:CostsIncorporationShareIssueMember
BIvaKouCuh*;Som der herwaarderingen die betrekking hebben op de immateriële vaste activa;jenv-bw2-i_IntangibleAssetsAccumulatedRevaluations;jenv-bw2-dm:CommercialMember;jenv-bw2-dm:SeparateMember;;jenv-bw2-dm:CostsIncorporationShareIssueMember
BLas*;Langlopende schulden;jenv-bw2-i_LiabilitiesNoncurrent;jenv-bw2-dm:CommercialMember;jenv-bw2-dm:ConsolidatedMember
BLas*;Langlopende schulden;jenv-bw2-i_LiabilitiesNoncurrent;jenv-bw2-dm:CommercialMember;jenv-bw2-dm:SeparateMember
BLasNeg*;Negatieve goodwill;rj-i_NegativeGoodwill;jenv-bw2-dm:CommercialMember;jenv-bw2-dm:ConsolidatedMember
BLasNeg*;Negatieve goodwill;rj-i_NegativeGoodwill;jenv-bw2-dm:CommercialMember;jenv-bw2-dm:SeparateMember
BLasOdv*;Oudedagsverplichting;rj-i_OldAgeObligation;jenv-bw2-dm:CommercialMember;jenv-bw2-dm:ConsolidatedMember
BLasOdv*;Oudedagsverplichting;rj-i_OldAgeObligation;jenv-bw2-dm:CommercialMember;jenv-bw2-dm:SeparateMember
BLim*;Liquide middelen;jenv-bw2-i_CashAndCashEquivalents;jenv-bw2-dm:CommercialMember;jenv-bw2-dm:ConsolidatedMember
BLim*;Liquide middelen;jenv-bw2-i_CashAndCashEquivalents;jenv-bw2-dm:CommercialMember;jenv-bw2-dm:SeparateMember
BMva*;Materiële vaste activa;jenv-bw2-i_PropertyPlantEquipment;jenv-bw2-dm:CommercialMember;jenv-bw2-dm:ConsolidatedMember
BMva*;Materiële vaste activa;jenv-bw2-i_PropertyPlantEquipment;jenv-bw2-dm:CommercialMember;jenv-bw2-dm:SeparateMember
BMva???Cuh*;Som der herwaarderingen die betrekking hebben op de materiële vaste activa;jenv-bw2-i_PropertyPlantEquipmentAccumulatedRevaluations;jenv-bw2-dm:CommercialMember;jenv-bw2-dm:ConsolidatedMember
BMva???Cuh*;Som der herwaarderingen die betrekking hebben op de materiële vaste activa;jenv-bw2-i_PropertyPlantEquipmentAccumulatedRevaluations;jenv-bw2-dm:CommercialMember;jenv-bw2-dm:SeparateMember
BPro*;Onderhanden projecten (activa);rj-i_ConstructionContractsAssets;jenv-bw2-dm:CommercialMember;jenv-bw2-dm:ConsolidatedMember
BPro*;Onderhanden projecten (activa);rj-i_ConstructionContractsAssets;jenv-bw2-dm:CommercialMember;jenv-bw2-dm:SeparateMember
BSch*;Kortlopende schulden;jenv-bw2-i_LiabilitiesCurrent;jenv-bw2-dm:CommercialMember;jenv-bw2-dm:ConsolidatedMember
BSch*;Kortlopende schulden;jenv-bw2-i_LiabilitiesCurrent;jenv-bw2-dm:CommercialMember;jenv-bw2-dm:SeparateMember
BVas*;Vastgoedbeleggingen;rj-i_InvestmentProperties;jenv-bw2-dm:CommercialMember;jenv-bw2-dm:ConsolidatedMember
BVas*;Vastgoedbeleggingen;rj-i_InvestmentProperties;jenv-bw2-dm:CommercialMember;jenv-bw2-dm:ConsolidatedMember;rj-dm:InvestmentPropertiesMember
BVas*;Vastgoedbeleggingen;rj-i_InvestmentProperties;jenv-bw2-dm:CommercialMember;jenv-bw2-dm:SeparateMember
BVas*;Vastgoedbeleggingen;rj-i_InvestmentProperties;jenv-bw2-dm:CommercialMember;jenv-bw2-dm:SeparateMember;rj-dm:InvestmentPropertiesMember
BVas???Akp*;Actuele kostprijs van vastgoedbeleggingen;rj-i_InvestmentPropertiesActualCostPrice;jenv-bw2-dm:CommercialMember;jenv-bw2-dm:ConsolidatedMember;rj-dm:InvestmentPropertiesMember
BVas???Akp*;Actuele kostprijs van vastgoedbeleggingen;rj-i_InvestmentPropertiesActualCostPrice;jenv-bw2-dm:CommercialMember;jenv-bw2-dm:SeparateMember;rj-dm:InvestmentPropertiesMember
BVas???Cuh*;Som der herwaardering van vastgoedbeleggingen;rj-i_InvestmentPropertiesAccumulatedRevaluations;jenv-bw2-dm:CommercialMember;jenv-bw2-dm:ConsolidatedMember;rj-dm:InvestmentPropertiesMember
BVas???Cuh*;Som der herwaardering van vastgoedbeleggingen;rj-i_InvestmentPropertiesAccumulatedRevaluations;jenv-bw2-dm:CommercialMember;jenv-bw2-dm:SeparateMember;rj-dm:InvestmentPropertiesMember
BVas???Vvp*;Historische kostprijs van vastgoedbeleggingen;rj-i_InvestmentPropertiesCostPrice;jenv-bw2-dm:CommercialMember;jenv-bw2-dm:ConsolidatedMember;rj-dm:InvestmentPropertiesMember
BVas???Vvp*;Historische kostprijs van vastgoedbeleggingen;rj-i_InvestmentPropertiesCostPrice;jenv-bw2-dm:CommercialMember;jenv-bw2-dm:SeparateMember;rj-dm:InvestmentPropertiesMember
BVasVio*;Vastgoedbeleggingen;rj-i_InvestmentProperties;jenv-bw2-dm:CommercialMember;jenv-bw2-dm:ConsolidatedMember;rj-dm:InvestmentPropertiesInDevelopmentMember
BVasVio*;Vastgoedbeleggingen;rj-i_InvestmentProperties;jenv-bw2-dm:CommercialMember;jenv-bw2-dm:SeparateMember;rj-dm:InvestmentPropertiesInDevelopmentMember
BVasVioAkp*;Actuele kostprijs van vastgoedbeleggingen;rj-i_InvestmentPropertiesActualCostPrice;jenv-bw2-dm:CommercialMember;jenv-bw2-dm:ConsolidatedMember;rj-dm:InvestmentPropertiesInDevelopmentMember
BVasVioAkp*;Actuele kostprijs van vastgoedbeleggingen;rj-i_InvestmentPropertiesActualCostPrice;jenv-bw2-dm:CommercialMember;jenv-bw2-dm:SeparateMember;rj-dm:InvestmentPropertiesInDevelopmentMember
BVasVioCuh*;Som der herwaardering van vastgoedbeleggingen;rj-i_InvestmentPropertiesAccumulatedRevaluations;jenv-bw2-dm:CommercialMember;jenv-bw2-dm:ConsolidatedMember;rj-dm:InvestmentPropertiesInDevelopmentMember
BVasVioCuh*;Som der herwaardering van vastgoedbeleggingen;rj-i_InvestmentPropertiesAccumulatedRevaluations;jenv-bw2-dm:CommercialMember;jenv-bw2-dm:SeparateMember;rj-dm:InvestmentPropertiesInDevelopmentMember
BVasVioVvp*;Historische kostprijs van vastgoedbeleggingen;rj-i_InvestmentPropertiesCostPrice;jenv-bw2-dm:CommercialMember;jenv-bw2-dm:ConsolidatedMember;rj-dm:InvestmentPropertiesInDevelopmentMember
BVasVioVvp*;Historische kostprijs van vastgoedbeleggingen;rj-i_InvestmentPropertiesCostPrice;jenv-bw2-dm:CommercialMember;jenv-bw2-dm:SeparateMember;rj-dm:InvestmentPropertiesInDevelopmentMember
BVor*;Vorderingen;jenv-bw2-i_Receivables;jenv-bw2-dm:CommercialMember;jenv-bw2-dm:ConsolidatedMember
BVor*;Vorderingen;jenv-bw2-i_Receivables;jenv-bw2-dm:CommercialMember;jenv-bw2-dm:SeparateMember
BVorVao*;Opgevraagde stortingen van geplaatst kapitaal;jenv-bw2-i_CalledUpShareCapital;jenv-bw2-dm:CommercialMember;jenv-bw2-dm:ConsolidatedMember
BVorVao*;Opgevraagde stortingen van geplaatst kapitaal;jenv-bw2-i_CalledUpShareCapital;jenv-bw2-dm:CommercialMember;jenv-bw2-dm:SeparateMember
BVrd*;Voorraden;jenv-bw2-i_Inventories;jenv-bw2-dm:CommercialMember;jenv-bw2-dm:ConsolidatedMember
BVrd*;Voorraden;jenv-bw2-i_Inventories;jenv-bw2-dm:CommercialMember;jenv-bw2-dm:SeparateMember
BVrz*;Voorzieningen;jenv-bw2-i_Provisions;jenv-bw2-dm:CommercialMember;jenv-bw2-dm:ConsolidatedMember
BVrz*;Voorzieningen;jenv-bw2-i_Provisions;jenv-bw2-dm:CommercialMember;jenv-bw2-dm:SeparateMember
Beff*;Kortlopende effecten;jenv-bw2-i_SecuritiesCurrent;jenv-bw2-dm:CommercialMember;jenv-bw2-dm:ConsolidatedMember
Beff*;Kortlopende effecten;jenv-bw2-i_SecuritiesCurrent;jenv-bw2-dm:CommercialMember;jenv-bw2-dm:SeparateMember
EUR;Rapporteringsvaluta van het document;nl-cd_DocumentPresentationCurrency
WAad*;Aandeel van derden in het geconsolideerd resultaat na belastingen;jenv-bw2-i_ResultAttributableNoncontrollingInterest;jenv-bw2-dm:CommercialMember;jenv-bw2-dm:ConsolidatedMember
WAfs*;Afschrijvingen op immateriële en materiële vaste activa;jenv-bw2-i_DepreciationPropertyPlantEquipmentAmortisationIntangibleAssets;jenv-bw2-dm:CommercialMember;jenv-bw2-dm:ConsolidatedMember
WAfs*;Afschrijvingen op immateriële en materiële vaste activa;jenv-bw2-i_DepreciationPropertyPlantEquipmentAmortisationIntangibleAssets;jenv-bw2-dm:CommercialMember;jenv-bw2-dm:SeparateMember
WAkf*;Algemene beheerskosten;jenv-bw2-i_GeneralAdministrativeExpenses;jenv-bw2-dm:CommercialMember;jenv-bw2-dm:ConsolidatedMember
WAkf*;Algemene beheerskosten;jenv-bw2-i_GeneralAdministrativeExpenses;jenv-bw2-dm:CommercialMember;jenv-bw2-dm:SeparateMember
WAkf*;Algemene beheerskosten;jenv-bw2-i_GeneralAdministrativeExpenses;jenv-bw2-dm:CommercialMember;jenv-bw2-dm:SeparateMember
WBed*;Overige bedrijfskosten;jenv-bw2-i_OperatingExpensesOther;jenv-bw2-dm:CommercialMember;jenv-bw2-dm:ConsolidatedMember
WBed*;Overige bedrijfskosten;jenv-bw2-i_OperatingExpensesOther;jenv-bw2-dm:CommercialMember;jenv-bw2-dm:SeparateMember
WBelBgrOvb;Overige belastingen;jenv-bw2-i_IncomeTaxExpenseOther;jenv-bw2-dm:CommercialMember;jenv-bw2-dm:ConsolidatedMember
WBelBgrOvb;Overige belastingen;jenv-bw2-i_IncomeTaxExpenseOther;jenv-bw2-dm:CommercialMember;jenv-bw2-dm:SeparateMember
WBwv*;Waardeverminderingen van vlottende activa;jenv-bw2-i_ImpairmentCurrentAssets;jenv-bw2-dm:CommercialMember;jenv-bw2-dm:ConsolidatedMember
WBwv*;Waardeverminderingen van vlottende activa;jenv-bw2-i_ImpairmentCurrentAssets;jenv-bw2-dm:CommercialMember;jenv-bw2-dm:SeparateMember
WFbeAad*;(Amortisatie van) agio en disagio;rj-i_AmortisationSharePremiumDiscounts;jenv-bw2-dm:CommercialMember;jenv-bw2-dm:ConsolidatedMember
WFbeAad*;(Amortisatie van) agio en disagio;rj-i_AmortisationSharePremiumDiscounts;jenv-bw2-dm:CommercialMember;jenv-bw2-dm:SeparateMember
WFbeAlp*;Aflossingspremies;rj-i_RedemptionPremiums;jenv-bw2-dm:CommercialMember;jenv-bw2-dm:ConsolidatedMember
WFbeAlp*;Aflossingspremies;rj-i_RedemptionPremiums;jenv-bw2-dm:CommercialMember;jenv-bw2-dm:SeparateMember
WFbeBkf*;Bijkomende kosten ter afsluiting van een financiering;rj-i_AdditionalCostsFinancing;jenv-bw2-dm:CommercialMember;jenv-bw2-dm:ConsolidatedMember
WFbeBkf*;Bijkomende kosten ter afsluiting van een financiering;rj-i_AdditionalCostsFinancing;jenv-bw2-dm:CommercialMember;jenv-bw2-dm:SeparateMember
WFbeEmk*;Emissiekosten;rj-i_EmissionCosts;jenv-bw2-dm:CommercialMember;jenv-bw2-dm:ConsolidatedMember
WFbeEmk*;Emissiekosten;rj-i_EmissionCosts;jenv-bw2-dm:CommercialMember;jenv-bw2-dm:SeparateMember
WFbeKva*;Kosten bij vervroegde aflossing (eenmalig);rj-i_EarlyRedemptionCosts;jenv-bw2-dm:CommercialMember;jenv-bw2-dm:ConsolidatedMember
WFbeKva*;Kosten bij vervroegde aflossing (eenmalig);rj-i_EarlyRedemptionCosts;jenv-bw2-dm:CommercialMember;jenv-bw2-dm:SeparateMember
WFbeNhp*;Negatieve herwaarderingen van puttable financiële instrumenten;rj-i_NegativeRevaluationsOfPuttableFinancialInstruments;jenv-bw2-dm:CommercialMember;jenv-bw2-dm:ConsolidatedMember
WFbeNhp*;Negatieve herwaarderingen van puttable financiële instrumenten;rj-i_NegativeRevaluationsOfPuttableFinancialInstruments;jenv-bw2-dm:CommercialMember;jenv-bw2-dm:SeparateMember
WFbeNol*;Negatieve verschil tussen het ontvangen bedrag en de bij het aangaan van de lening als schuld erkende hoofdsom;rj-i_UnfavourableDifferenceReceivedAmountPrincipalAmount;jenv-bw2-dm:CommercialMember;jenv-bw2-dm:ConsolidatedMember
WFbeNol*;Negatieve verschil tussen het ontvangen bedrag en de bij het aangaan van de lening als schuld erkende hoofdsom;rj-i_UnfavourableDifferenceReceivedAmountPrincipalAmount;jenv-bw2-dm:CommercialMember;jenv-bw2-dm:SeparateMember
WFbeOnn*;Uitkeringen uit niet op netto-vermogenswaarde e.d. gewaardeerde deelnemingen;jenv-bw2-i_IncomeFromInvestmentsInParticipatingInterestsNotValuedAtNetAssetValue;jenv-bw2-dm:CommercialMember;jenv-bw2-dm:ConsolidatedMember
WFbeOnn*;Uitkeringen uit niet op netto-vermogenswaarde e.d. gewaardeerde deelnemingen;jenv-bw2-i_IncomeFromInvestmentsInParticipatingInterestsNotValuedAtNetAssetValue;jenv-bw2-dm:CommercialMember;jenv-bw2-dm:SeparateMember
WFbePhp*;Positieve herwaarderingen van puttable financiële instrumenten;rj-i_PositiveRevaluationsOfPuttableFinancialInstruments;jenv-bw2-dm:CommercialMember;jenv-bw2-dm:ConsolidatedMember
WFbePhp*;Positieve herwaarderingen van puttable financiële instrumenten;rj-i_PositiveRevaluationsOfPuttableFinancialInstruments;jenv-bw2-dm:CommercialMember;jenv-bw2-dm:SeparateMember
WFbePol*;Positieve verschil tussen het ontvangen bedrag en de bij het aangaan van de lening als schuld erkende hoofdsom;rj-i_FavourableDifferenceReceivedAmountPrincipalAmount;jenv-bw2-dm:CommercialMember;jenv-bw2-dm:ConsolidatedMember
WFbePol*;Positieve verschil tussen het ontvangen bedrag en de bij het aangaan van de lening als schuld erkende hoofdsom;rj-i_FavourableDifferenceReceivedAmountPrincipalAmount;jenv-bw2-dm:CommercialMember;jenv-bw2-dm:SeparateMember
WFbeRfl*;Rentekosten begrepen in de leasetermijn in geval van financiële leasing;rj-i_InterestExpensesIncludedLeaseTermFinancialLeasing;jenv-bw2-dm:CommercialMember;jenv-bw2-dm:ConsolidatedMember
WFbeRfl*;Rentekosten begrepen in de leasetermijn in geval van financiële leasing;rj-i_InterestExpensesIncludedLeaseTermFinancialLeasing;jenv-bw2-dm:CommercialMember;jenv-bw2-dm:SeparateMember
WFbeRlm*;Overige rentebaten en soortgelijke opbrengsten;jenv-bw2-i_InterestIncomeRelatedIncome;jenv-bw2-dm:CommercialMember;jenv-bw2-dm:ConsolidatedMember
WFbeRlm*;Overige rentebaten en soortgelijke opbrengsten;jenv-bw2-i_InterestIncomeRelatedIncome;jenv-bw2-dm:CommercialMember;jenv-bw2-dm:SeparateMember
WFbeVlr*;Valutaverschillen op leningen voor zover zij als een correctie van de verschuldigde rentekosten kunnen worden aangemerkt;rj-i_CurrencyDifferencesLoansConsideredAsCorrectionInterestChargesDue;jenv-bw2-dm:CommercialMember;jenv-bw2-dm:ConsolidatedMember
WFbeVlr*;Valutaverschillen op leningen voor zover zij als een correctie van de verschuldigde rentekosten kunnen worden aangemerkt;rj-i_CurrencyDifferencesLoansConsideredAsCorrectionInterestChargesDue;jenv-bw2-dm:CommercialMember;jenv-bw2-dm:SeparateMember
WFbeWis*;Valutakoersverschillen;rj-i_ForeignCurrencyExchangeRateResults;jenv-bw2-dm:CommercialMember;jenv-bw2-dm:ConsolidatedMember
WFbeWis*;Valutakoersverschillen;rj-i_ForeignCurrencyExchangeRateResults;jenv-bw2-dm:CommercialMember;jenv-bw2-dm:SeparateMember
WFbeWnn*;Waardeveranderingen van niet op netto-vermogenswaarde e.d. gewaardeerde deelnemingen;jenv-bw2-i_ChangesValueParticipatingInterestsNotValuedAtNetAssetValue;jenv-bw2-dm:CommercialMember;jenv-bw2-dm:ConsolidatedMember
WFbeWnn*;Waardeveranderingen van niet op netto-vermogenswaarde e.d. gewaardeerde deelnemingen;jenv-bw2-i_ChangesValueParticipatingInterestsNotValuedAtNetAssetValue;jenv-bw2-dm:CommercialMember;jenv-bw2-dm:SeparateMember
WOvt*;Opbrengsten van andere effecten en vorderingen, die tot de vaste activa behoren;jenv-bw2-i_IncomeReceivablesNoncurrentSecurities;jenv-bw2-dm:CommercialMember;jenv-bw2-dm:ConsolidatedMember
WOvt*;Opbrengsten van andere effecten en vorderingen, die tot de vaste activa behoren;jenv-bw2-i_IncomeReceivablesNoncurrentSecurities;jenv-bw2-dm:CommercialMember;jenv-bw2-dm:SeparateMember
WPer*;Lasten uit hoofde van personeelsbeloningen;jenv-bw2-i_EmployeeBenefitsExpenses;jenv-bw2-dm:CommercialMember;jenv-bw2-dm:ConsolidatedMember
WPer*;Lasten uit hoofde van personeelsbeloningen;jenv-bw2-i_EmployeeBenefitsExpensesBreakdown;jenv-bw2-dm:CommercialMember;jenv-bw2-dm:ConsolidatedMember
WPer*;Lasten uit hoofde van personeelsbeloningen;jenv-bw2-i_EmployeeBenefitsExpenses;jenv-bw2-dm:CommercialMember;jenv-bw2-dm:SeparateMember
WPer*;Lasten uit hoofde van personeelsbeloningen;jenv-bw2-i_EmployeeBenefitsExpensesBreakdown;jenv-bw2-dm:CommercialMember;jenv-bw2-dm:SeparateMember
WPerLes*;Lonen;jenv-bw2-i_WagesSalaries;jenv-bw2-dm:CommercialMember;jenv-bw2-dm:ConsolidatedMember
WPerLes*;Lonen;jenv-bw2-i_WagesSalaries;jenv-bw2-dm:CommercialMember;jenv-bw2-dm:SeparateMember
WPerOlu*;Overige lasten uit hoofde van personeelsbeloningen;rj-i_EmployeeBenefitsExpensesOther;jenv-bw2-dm:CommercialMember;jenv-bw2-dm:ConsolidatedMember
WPerOlu*;Overige lasten uit hoofde van personeelsbeloningen;rj-i_EmployeeBenefitsExpensesOther;jenv-bw2-dm:CommercialMember;jenv-bw2-dm:SeparateMember
WPerPen*;Pensioenlasten;jenv-bw2-i_PensionCosts;jenv-bw2-dm:CommercialMember;jenv-bw2-dm:ConsolidatedMember
WPerPen*;Pensioenlasten;jenv-bw2-i_PensionCosts;jenv-bw2-dm:CommercialMember;jenv-bw2-dm:SeparateMember
WPerSol*;Sociale lasten;jenv-bw2-i_SocialSecurityContributions;jenv-bw2-dm:CommercialMember;jenv-bw2-dm:ConsolidatedMember
WPerSol*;Sociale lasten;jenv-bw2-i_SocialSecurityContributions;jenv-bw2-dm:CommercialMember;jenv-bw2-dm:SeparateMember
WRed*;Aandeel in resultaat van ondernemingen waarin wordt deelgenomen;jenv-bw2-i_ShareInResultsParticipatingInterests;jenv-bw2-dm:CommercialMember;jenv-bw2-dm:ConsolidatedMember
WRed*;Aandeel in resultaat van ondernemingen waarin wordt deelgenomen;jenv-bw2-i_ShareInResultsParticipatingInterests;jenv-bw2-dm:CommercialMember;jenv-bw2-dm:SeparateMember
WRedAirGrp*;Resultaat uit deelnemingen in groepsmaatschappijen;jenv-bw2-i_ShareInResultsParticipatingInterestsInGroupCompanies;jenv-bw2-dm:CommercialMember;jenv-bw2-dm:ConsolidatedMember
WRedAirGrp*;Resultaat uit deelnemingen in groepsmaatschappijen;jenv-bw2-i_ShareInResultsParticipatingInterestsInGroupCompanies;jenv-bw2-dm:CommercialMember;jenv-bw2-dm:SeparateMember
WRedAirOvd;Resultaat uit deelnemingen in overige verbonden maatschappijen;jenv-bw2-i_ShareInResultsParticipatingInterestsInOtherAffiliatedCompanies;jenv-bw2-dm:CommercialMember;jenv-bw2-dm:ConsolidatedMember
WRedAirOvd;Resultaat uit deelnemingen in overige verbonden maatschappijen;jenv-bw2-i_ShareInResultsParticipatingInterestsInOtherAffiliatedCompanies;jenv-bw2-dm:CommercialMember;jenv-bw2-dm:SeparateMember
WVhe*;Vrijval uit herwaarderingsreserve;jenv-bw2-i_RevaluationReserveRelease;jenv-bw2-dm:CommercialMember;jenv-bw2-dm:ConsolidatedMember
WVhe*;Vrijval uit herwaarderingsreserve;jenv-bw2-i_RevaluationReserveRelease;jenv-bw2-dm:CommercialMember;jenv-bw2-dm:SeparateMember
WVkf*;Verkoopkosten;jenv-bw2-i_SellingExpenses;jenv-bw2-dm:CommercialMember;jenv-bw2-dm:ConsolidatedMember
WVkf*;Verkoopkosten;jenv-bw2-i_SellingExpenses;jenv-bw2-dm:CommercialMember;jenv-bw2-dm:SeparateMember
WWfa*;Wijzigingen in de waarde van financiële vaste activa en van de effecten die tot de vlottende activa behoren;jenv-bw2-i_ChangesValueFinancialAssetsSecurities;jenv-bw2-dm:CommercialMember;jenv-bw2-dm:ConsolidatedMember
WWfa*;Wijzigingen in de waarde van financiële vaste activa en van de effecten die tot de vlottende activa behoren;jenv-bw2-i_ChangesValueFinancialAssetsSecurities;jenv-bw2-dm:CommercialMember;jenv-bw2-dm:SeparateMember
WWfaBwvFva*;Bijzondere waardeverminderingen van financiële vaste activa verantwoord in de winst-en-verliesrekening;rj-i_ImpairmentFinancialAssetsRecordedInIncomeStatement;jenv-bw2-dm:CommercialMember;jenv-bw2-dm:ConsolidatedMember
WWfaBwvFva*;Bijzondere waardeverminderingen van financiële vaste activa verantwoord in de winst-en-verliesrekening;rj-i_ImpairmentFinancialAssetsRecordedInIncomeStatement;jenv-bw2-dm:CommercialMember;jenv-bw2-dm:SeparateMember
WWfaBwvFvaDee;Wijzigingen in de waarde van de financiële vaste activa en van de effecten die tot de vlottende activa behoren op overige verbonden maatschappijen;jenv-bw2-i_ChangesValueFinancialAssetsSecuritiesOtherAffiliatedCompanies;jenv-bw2-dm:CommercialMember;jenv-bw2-dm:ConsolidatedMember
WWfaBwvFvaDee;Wijzigingen in de waarde van de financiële vaste activa en van de effecten die tot de vlottende activa behoren op overige verbonden maatschappijen;jenv-bw2-i_ChangesValueFinancialAssetsSecuritiesOtherAffiliatedCompanies;jenv-bw2-dm:CommercialMember;jenv-bw2-dm:SeparateMember
WWfaBwvFvaDgr;Wijzigingen in de waarde van de financiële vaste activa en van de effecten die tot de vlottende activa behoren op groepsmaatschappijen;jenv-bw2-i_ChangesValueFinancialAssetsSecuritiesGroupCompanies;jenv-bw2-dm:CommercialMember;jenv-bw2-dm:ConsolidatedMember
WWfaBwvFvaDgr;Wijzigingen in de waarde van de financiële vaste activa en van de effecten die tot de vlottende activa behoren op groepsmaatschappijen;jenv-bw2-i_ChangesValueFinancialAssetsSecuritiesGroupCompanies;jenv-bw2-dm:CommercialMember;jenv-bw2-dm:SeparateMember
WWfaBwvTwe;Terugneming van bijzondere waardeverminderingen van effecten verantwoord in de winst-en-verliesrekening;rj-i_ImpairmentSecuritiesReversalRecordedInIncomeStatement;jenv-bw2-dm:CommercialMember;jenv-bw2-dm:ConsolidatedMember
WWfaBwvTwe;Terugneming van bijzondere waardeverminderingen van effecten verantwoord in de winst-en-verliesrekening;rj-i_ImpairmentSecuritiesReversalRecordedInIncomeStatement;jenv-bw2-dm:CommercialMember;jenv-bw2-dm:SeparateMember
WWfaBwvTwf;Terugneming van bijzondere waardeverminderingen van financiële vaste activa verantwoord in de winst-en-verliesrekening;rj-i_ImpairmentFinancialAssetsReversalRecordedInIncomeStatement;jenv-bw2-dm:CommercialMember;jenv-bw2-dm:ConsolidatedMember
WWfaBwvTwf;Terugneming van bijzondere waardeverminderingen van financiële vaste activa verantwoord in de winst-en-verliesrekening;rj-i_ImpairmentFinancialAssetsReversalRecordedInIncomeStatement;jenv-bw2-dm:CommercialMember;jenv-bw2-dm:SeparateMember
WWivWva*;Bedrag van waardeveranderingen van agrarische voorraden gewaardeerd tegen actuele waarde onmiddellijk verwerkt in de winst-en-verliesrekening;rj-i_AmountChangeValueAgriculturalStocksAtCurrentValueProfitLossAccount;jenv-bw2-dm:CommercialMember;jenv-bw2-dm:ConsolidatedMember
WWivWva*;Bedrag van waardeveranderingen van agrarische voorraden gewaardeerd tegen actuele waarde onmiddellijk verwerkt in de winst-en-verliesrekening;rj-i_AmountChangeValueAgriculturalStocksAtCurrentValueProfitLossAccount;jenv-bw2-dm:CommercialMember;jenv-bw2-dm:SeparateMember
WWviWvb*;Wijziging in de reële waarde van vastgoedbeleggingen;rj-i_ChangesValueInvestmentProperties;jenv-bw2-dm:CommercialMember;jenv-bw2-dm:ConsolidatedMember
WWviWvb*;Wijziging in de reële waarde van vastgoedbeleggingen;rj-i_ChangesValueInvestmentProperties;jenv-bw2-dm:CommercialMember;jenv-bw2-dm:ConsolidatedMember;rj-dm:InvestmentPropertiesMember
WWviWvb*;Wijziging in de reële waarde van vastgoedbeleggingen;rj-i_ChangesValueInvestmentProperties;jenv-bw2-dm:CommercialMember;jenv-bw2-dm:SeparateMember
WWviWvb*;Wijziging in de reële waarde van vastgoedbeleggingen;rj-i_ChangesValueInvestmentProperties;jenv-bw2-dm:CommercialMember;jenv-bw2-dm:SeparateMember;rj-dm:InvestmentPropertiesMember
WWviWvb???Vie;Wijziging in de reële waarde van vastgoedbeleggingen;rj-i_ChangesValueInvestmentProperties;jenv-bw2-dm:CommercialMember;jenv-bw2-dm:ConsolidatedMember;rj-cp-dm:InvestmentPropertiesInExploitationMember
WWviWvb???Vie;Wijziging in de reële waarde van vastgoedbeleggingen;rj-i_ChangesValueInvestmentProperties;jenv-bw2-dm:CommercialMember;jenv-bw2-dm:SeparateMember;rj-cp-dm:InvestmentPropertiesInExploitationMember
WWviWvb???Vio;Wijziging in de reële waarde van vastgoedbeleggingen;rj-i_ChangesValueInvestmentProperties;jenv-bw2-dm:CommercialMember;jenv-bw2-dm:ConsolidatedMember;rj-dm:InvestmentPropertiesInDevelopmentMember
WWviWvb???Vio;Wijziging in de reële waarde van vastgoedbeleggingen;rj-i_ChangesValueInvestmentProperties;jenv-bw2-dm:CommercialMember;jenv-bw2-dm:SeparateMember;rj-dm:InvestmentPropertiesInDevelopmentMember
WWviWvbTbw*;Terugneming van bijzondere waardeverminderingen van vastgoedbeleggingen verantwoord in de winst-en-verliesrekening;rj-i_ImpairmentInvestmentPropertiesReversalRecordedInIncomeStatement;jenv-bw2-dm:CommercialMember;jenv-bw2-dm:ConsolidatedMember
WWviWvbTbw*;Terugneming van bijzondere waardeverminderingen van vastgoedbeleggingen verantwoord in de winst-en-verliesrekening;rj-i_ImpairmentInvestmentPropertiesReversalRecordedInIncomeStatement;jenv-bw2-dm:CommercialMember;jenv-bw2-dm:ConsolidatedMember;rj-dm:InvestmentPropertiesMember
WWviWvbTbw*;Terugneming van bijzondere waardeverminderingen van vastgoedbeleggingen verantwoord in de winst-en-verliesrekening;rj-i_ImpairmentInvestmentPropertiesReversalRecordedInIncomeStatement;jenv-bw2-dm:CommercialMember;jenv-bw2-dm:SeparateMember
WWviWvbTbw*;Terugneming van bijzondere waardeverminderingen van vastgoedbeleggingen verantwoord in de winst-en-verliesrekening;rj-i_ImpairmentInvestmentPropertiesReversalRecordedInIncomeStatement;jenv-bw2-dm:CommercialMember;jenv-bw2-dm:SeparateMember;rj-dm:InvestmentPropertiesMember
WWviWvbTbwVie;Terugneming van bijzondere waardeverminderingen van vastgoedbeleggingen verantwoord in de winst-en-verliesrekening;rj-i_ImpairmentInvestmentPropertiesReversalRecordedInIncomeStatement;jenv-bw2-dm:CommercialMember;jenv-bw2-dm:ConsolidatedMember;rj-cp-dm:InvestmentPropertiesInExploitationMember
WWviWvbTbwVie;Terugneming van bijzondere waardeverminderingen van vastgoedbeleggingen verantwoord in de winst-en-verliesrekening;rj-i_ImpairmentInvestmentPropertiesReversalRecordedInIncomeStatement;jenv-bw2-dm:CommercialMember;jenv-bw2-dm:SeparateMember;rj-cp-dm:InvestmentPropertiesInExploitationMember
WWviWvbTbwVio;Terugneming van bijzondere waardeverminderingen van vastgoedbeleggingen verantwoord in de winst-en-verliesrekening;rj-i_ImpairmentInvestmentPropertiesReversalRecordedInIncomeStatement;jenv-bw2-dm:CommercialMember;jenv-bw2-dm:ConsolidatedMember;rj-dm:InvestmentPropertiesInDevelopmentMember
WWviWvbTbwVio;Terugneming van bijzondere waardeverminderingen van vastgoedbeleggingen verantwoord in de winst-en-verliesrekening;rj-i_ImpairmentInvestmentPropertiesReversalRecordedInIncomeStatement;jenv-bw2-dm:CommercialMember;jenv-bw2-dm:SeparateMember;rj-dm:InvestmentPropertiesInDevelopmentMember
WWviWvi*;Waardeveranderingen van immateriële vaste activa;jenv-bw2-i_ChangesInValueIntangibleAssets;jenv-bw2-dm:CommercialMember;jenv-bw2-dm:ConsolidatedMember
WWviWvi*;Waardeveranderingen van immateriële vaste activa;jenv-bw2-i_ChangesInValueIntangibleAssets;jenv-bw2-dm:CommercialMember;jenv-bw2-dm:SeparateMember
WWviWviTbi;Terugneming van bijzondere waardeverminderingen van immateriële vaste activa verantwoord in de winst-en-verliesrekening;rj-i_ImpairmentIntangibleAssetsReversalRecordedInIncomeStatement;jenv-bw2-dm:CommercialMember;jenv-bw2-dm:ConsolidatedMember
WWviWviTbi;Terugneming van bijzondere waardeverminderingen van immateriële vaste activa verantwoord in de winst-en-verliesrekening;rj-i_ImpairmentIntangibleAssetsReversalRecordedInIncomeStatement;jenv-bw2-dm:CommercialMember;jenv-bw2-dm:SeparateMember
WWviWvm*;Waardeveranderingen van materiële vaste activa;jenv-bw2-i_ChangesInValuePropertyPlantEquipment;jenv-bw2-dm:CommercialMember;jenv-bw2-dm:ConsolidatedMember
WWviWvm*;Waardeveranderingen van materiële vaste activa;jenv-bw2-i_ChangesInValuePropertyPlantEquipment;jenv-bw2-dm:CommercialMember;jenv-bw2-dm:SeparateMember
WWviWvmTbm;Terugneming van bijzondere waardeverminderingen van materiële vaste activa verantwoord in de winst-en-verliesrekening;rj-i_ImpairmentPropertyPlantEquipmentReversalRecordedInIncomeStatement;jenv-bw2-dm:CommercialMember;jenv-bw2-dm:ConsolidatedMember
WWviWvmTbm;Terugneming van bijzondere waardeverminderingen van materiële vaste activa verantwoord in de winst-en-verliesrekening;rj-i_ImpairmentPropertyPlantEquipmentReversalRecordedInIncomeStatement;jenv-bw2-dm:CommercialMember;jenv-bw2-dm:SeparateMember